record_id,graph_sha256,graph_reference,outcome,method,n,seed,episode
candidate/s0/n10/e0,c351037e054abedc5a6964a618d9c594cc5f914a69a5d7c510c3ea2b9fa1dcae,study/artifacts/evaluation/candidate/seed-0/n-10/chunk-000000.json.gz,exact,candidate,10,0,0
candidate/s0/n10/e1,ae0b69697964137acd3a21fdc1d35e38e6b24db260a33450db51da754225e57b,study/artifacts/evaluation/candidate/seed-0/n-10/chunk-000000.json.gz,nonbipartite,candidate,10,0,1
candidate/s0/n10/e22,0d57c70e472b1a2d6eac2a195d274fcc89dbfe4b4571ea6cfcfc186110019b21,study/artifacts/evaluation/candidate/seed-0/n-10/chunk-000000.json.gz,unbalanced_bipartite,candidate,10,0,22
candidate/s0/n11/e0,2592f342a0622dff4cac1d1617d74119449aba50228b5e41178c80536bbb0184,study/artifacts/evaluation/candidate/seed-0/n-11/chunk-000000.json.gz,exact,candidate,11,0,0
candidate/s0/n11/e4,8433aa1c5f5a2e70b0da057a1a893667892731d6277e9259e72f65e14283aa9e,study/artifacts/evaluation/candidate/seed-0/n-11/chunk-000000.json.gz,nonbipartite,candidate,11,0,4
candidate/s0/n11/e94,ea905fa9eb3e4ac9c7458d32302317e4ada37100114ee006d11851079c43aaca,study/artifacts/evaluation/candidate/seed-0/n-11/chunk-000064.json.gz,unbalanced_bipartite,candidate,11,0,94
candidate/s0/n12/e0,fc5ef22658662b290612ebc033c090b16615199ab7ac3fe3279cab2b498f67aa,study/artifacts/evaluation/candidate/seed-0/n-12/chunk-000000.json.gz,exact,candidate,12,0,0
candidate/s0/n12/e8,66b8b5c2cfd6063d602ece7a2f7d4d85e9795f1d01f412004d2b2558f39f87b2,study/artifacts/evaluation/candidate/seed-0/n-12/chunk-000000.json.gz,unbalanced_bipartite,candidate,12,0,8
candidate/s0/n12/e18,7ae989a0c0b5cba0a873a58cd44beed0ee7956cf79c1219bb8ced06aed25887b,study/artifacts/evaluation/candidate/seed-0/n-12/chunk-000000.json.gz,nonbipartite,candidate,12,0,18
candidate/s0/n13/e0,ab5c3249f3aae38e7ce8e413eeff758122befdfe1235ac58916fa0f10076e27c,study/artifacts/evaluation/candidate/seed-0/n-13/chunk-000000.json.gz,exact,candidate,13,0,0
candidate/s0/n13/e10,296e3064477ccf5c23dc007b002d5bc08764978b78142792e6026ba177825b74,study/artifacts/evaluation/candidate/seed-0/n-13/chunk-000000.json.gz,nonbipartite,candidate,13,0,10
candidate/s0/n14/e0,fb35240d6fba63f6da671152ee73bb1397578beb06cdc1eca9bfeb4aac04ecf6,study/artifacts/evaluation/candidate/seed-0/n-14/chunk-000000.json.gz,unbalanced_bipartite,candidate,14,0,0
candidate/s0/n14/e1,294ae7988988b7a4f2f8ad0c22b6ac972a92b57f5f2fb33326f9fe7f31b618f5,study/artifacts/evaluation/candidate/seed-0/n-14/chunk-000000.json.gz,exact,candidate,14,0,1
candidate/s0/n14/e10,3606c135e1c0867d394702e7d7adf35763f0f0030ba12a9ef07d2f2bf62d4973,study/artifacts/evaluation/candidate/seed-0/n-14/chunk-000000.json.gz,nonbipartite,candidate,14,0,10
candidate/s0/n15/e0,ff5e13536db91460e83c7d192509cbf790ff267ee02e017c1633730ac4c6d343,study/artifacts/evaluation/candidate/seed-0/n-15/chunk-000000.json.gz,exact,candidate,15,0,0
candidate/s0/n15/e8,c90babd361250f965e13deb88fd6a798b42022ea0059d9f447fff3f613a7a540,study/artifacts/evaluation/candidate/seed-0/n-15/chunk-000000.json.gz,nonbipartite,candidate,15,0,8
candidate/s0/n15/e94,c887a2adcc65c06b5d9d8361abc638795325f88de6babc7918fb5019da94660b,study/artifacts/evaluation/candidate/seed-0/n-15/chunk-000064.json.gz,unbalanced_bipartite,candidate,15,0,94
candidate/s0/n16/e0,a5a88a2847c028f85ba86f38fd33708c1e088f4190eedb7064500b965dd1150a,study/artifacts/evaluation/candidate/seed-0/n-16/chunk-000000.json.gz,exact,candidate,16,0,0
candidate/s0/n16/e4,d0fe329d27925001eec123544b584795f92748d6db7c7a218e3547873932d8d6,study/artifacts/evaluation/candidate/seed-0/n-16/chunk-000000.json.gz,unbalanced_bipartite,candidate,16,0,4
candidate/s0/n16/e5,5a650f3833616cf3df34b0477a839dbffb5ef698d5b1a8cfa83cbade6511421a,study/artifacts/evaluation/candidate/seed-0/n-16/chunk-000000.json.gz,nonbipartite,candidate,16,0,5
candidate/s0/n17/e0,84ef3a5c02539e0beae4fe52b53d4ab7d02b81cb5c574c3c5b561d12ca59983f,study/artifacts/evaluation/candidate/seed-0/n-17/chunk-000000.json.gz,exact,candidate,17,0,0
candidate/s0/n17/e1,ddb52e275405836d60419650aab0bd085bd445411077dec28bfb0f6627580749,study/artifacts/evaluation/candidate/seed-0/n-17/chunk-000000.json.gz,nonbipartite,candidate,17,0,1
candidate/s0/n17/e67,646851a571e5c811114f1e7654da8a963df9a9691cfc2a04c741eb267f2d8958,study/artifacts/evaluation/candidate/seed-0/n-17/chunk-000064.json.gz,unbalanced_bipartite,candidate,17,0,67
candidate/s0/n20/e0,c3f8b891defb482c46de233d26fedfbe0ac7bf1ef3a1a640f356664ddf274da4,study/artifacts/evaluation/candidate/seed-0/n-20/chunk-000000.json.gz,nonbipartite,candidate,20,0,0
candidate/s0/n20/e1,6415213af2b49bce69c71c784810ab6144b91f87aae00ef6f3a567d585c83e81,study/artifacts/evaluation/candidate/seed-0/n-20/chunk-000000.json.gz,exact,candidate,20,0,1
candidate/s0/n20/e13,440801b9443ad522a79acfcf4ea450eba4f033987d621c2c3910b96778f218d4,study/artifacts/evaluation/candidate/seed-0/n-20/chunk-000000.json.gz,unbalanced_bipartite,candidate,20,0,13
candidate/s0/n23/e0,ea6de31c7fcd23efe0d187283681b8547a91155e06902249276b8a09eca35545,study/artifacts/evaluation/candidate/seed-0/n-23/chunk-000000.json.gz,exact,candidate,23,0,0
candidate/s0/n23/e2,4c09f1902d92994b4eda30efbdef822f7d3565d50661b6eadb823bf77ddd3c14,study/artifacts/evaluation/candidate/seed-0/n-23/chunk-000000.json.gz,nonbipartite,candidate,23,0,2
candidate/s0/n23/e64,711099af9ee6ec6a866926d78f5f255b6dfdab7f7cfc7637c65cccfd0b2e0f44,study/artifacts/evaluation/candidate/seed-0/n-23/chunk-000064.json.gz,unbalanced_bipartite,candidate,23,0,64
candidate/s0/n24/e0,90c59ac62f3d8ecb4a113da38c22c68eed028dcaf756796e229d2e053052287f,study/artifacts/evaluation/candidate/seed-0/n-24/chunk-000000.json.gz,nonbipartite,candidate,24,0,0
candidate/s0/n24/e2,0e4928e1f21ecc7ca75e54d1b7c88516dad32f97c5e9e648be47eb25307f7877,study/artifacts/evaluation/candidate/seed-0/n-24/chunk-000000.json.gz,exact,candidate,24,0,2
candidate/s0/n24/e23,3959c35f3e7e343bdcad59e32a3b51adb0491baddfac933479272244057419ef,study/artifacts/evaluation/candidate/seed-0/n-24/chunk-000000.json.gz,unbalanced_bipartite,candidate,24,0,23
candidate/s0/n25/e0,ef463a852f886de9df281ab547025afa795d90e031d6f844d35e433965e50f9f,study/artifacts/evaluation/candidate/seed-0/n-25/chunk-000000.json.gz,exact,candidate,25,0,0
candidate/s0/n25/e1,f08d2dab4f2b792e164eec25f34eee3de94f1810681e9ec0ee2509377bb6077e,study/artifacts/evaluation/candidate/seed-0/n-25/chunk-000000.json.gz,nonbipartite,candidate,25,0,1
candidate/s0/n25/e17,27f19410d56fd5da42b38025c22014a7441405073e89965ba9a85a6d81976aa8,study/artifacts/evaluation/candidate/seed-0/n-25/chunk-000000.json.gz,unbalanced_bipartite,candidate,25,0,17
candidate/s0/n30/e0,932422d933f3c6d3d9e7706ff7c033184f8e653f5a30d8a7b8750242b090dfcd,study/artifacts/evaluation/candidate/seed-0/n-30/chunk-000000.json.gz,nonbipartite,candidate,30,0,0
candidate/s0/n30/e13,f2a7d81cc5b98624e30798d209873cf2e1c6b2ba5fd50f94a8ba00347ddaa77c,study/artifacts/evaluation/candidate/seed-0/n-30/chunk-000000.json.gz,unbalanced_bipartite,candidate,30,0,13
candidate/s0/n30/e33,59bb07e55b969f8c1ec69ecf11cb5cc571c3d2551a40e5bdaa23262c50c74a34,study/artifacts/evaluation/candidate/seed-0/n-30/chunk-000032.json.gz,exact,candidate,30,0,33
candidate/s0/n40/e0,a9c261be0e82e869c4c84a15d0cfe4b58656ae720a0766ba50bb34a45c521c0c,study/artifacts/evaluation/candidate/seed-0/n-40/chunk-000000.json.gz,nonbipartite,candidate,40,0,0
candidate/s0/n40/e74,8bf08c7459e25e37727d6d117e3a801f4ccdb670a0905ea9444603b1c9d34c3f,study/artifacts/evaluation/candidate/seed-0/n-40/chunk-000064.json.gz,unbalanced_bipartite,candidate,40,0,74
candidate/s0/n40/e79,5c569b2326628af0301a81f7ca6152c7f0d8bfdf7d8d4c259c6c32c53b3bfb5f,study/artifacts/evaluation/candidate/seed-0/n-40/chunk-000064.json.gz,exact,candidate,40,0,79
candidate/s0/n6/e0,688b2e0e642beefd197508c296aa64cd59c2e19411fa3f999e1dca65873b1e18,study/artifacts/evaluation/candidate/seed-0/n-6/chunk-000000.json.gz,exact,candidate,6,0,0
candidate/s0/n6/e38,bf9ceffe1cec860c41041176b8a49646ceb0255b73ed955c57e7debc87a1e67c,study/artifacts/evaluation/candidate/seed-0/n-6/chunk-000032.json.gz,unbalanced_bipartite,candidate,6,0,38
candidate/s0/n7/e0,6668667bffd21feb9f1fd8bf3c1e6f6e95ee5f657561307e5282813bc9d2d9e2,study/artifacts/evaluation/candidate/seed-0/n-7/chunk-000000.json.gz,exact,candidate,7,0,0
candidate/s0/n7/e76,809171f1eea266eb0f86076db7ed9ac8e14996beeb0ec48c09f6e270d18c227e,study/artifacts/evaluation/candidate/seed-0/n-7/chunk-000064.json.gz,nonbipartite,candidate,7,0,76
candidate/s0/n8/e0,4c38dfb7ff1980f6d30e29f45ef21385ba349b58b96fadbbaad0b19d70afb60a,study/artifacts/evaluation/candidate/seed-0/n-8/chunk-000000.json.gz,exact,candidate,8,0,0
candidate/s0/n8/e28,43354da1b7f412ef889383c570e57193a851e8f2efd2cb7fbfbef85e3f8f2495,study/artifacts/evaluation/candidate/seed-0/n-8/chunk-000000.json.gz,unbalanced_bipartite,candidate,8,0,28
candidate/s0/n8/e55,bf850d4d036c4cfb083f7bc8e9cb1cd4fe1d9976896890a434ee909f5246bc19,study/artifacts/evaluation/candidate/seed-0/n-8/chunk-000032.json.gz,nonbipartite,candidate,8,0,55
candidate/s0/n9/e0,5248f874f85a4bc9ec11e44eb2d1fe8379605859f0caae5b197e2f73175e636f,study/artifacts/evaluation/candidate/seed-0/n-9/chunk-000000.json.gz,exact,candidate,9,0,0
candidate/s0/n9/e36,37bff015cb76d7264c422be2973606981e3cbb269909f24bd0ed1fd9ee7cd1ed,study/artifacts/evaluation/candidate/seed-0/n-9/chunk-000032.json.gz,nonbipartite,candidate,9,0,36
candidate/s1/n10/e0,51f17e081ddb9a3f6e8e3b3f42a1c7cd505bc58d5423f75908cb2ee92d37422d,study/artifacts/evaluation/candidate/seed-1/n-10/chunk-000000.json.gz,exact,candidate,10,1,0
candidate/s1/n10/e4,24f65d2060ec1d99ce25fd1089c9dae84bcec322af0480622bc861e692e455c3,study/artifacts/evaluation/candidate/seed-1/n-10/chunk-000000.json.gz,unbalanced_bipartite,candidate,10,1,4
candidate/s1/n10/e33,7cf1d9a18007c29d2188290d60bcc913c85fcb322b229ee88fbe2a774e6f9cc3,study/artifacts/evaluation/candidate/seed-1/n-10/chunk-000032.json.gz,nonbipartite,candidate,10,1,33
candidate/s1/n11/e0,aeca7fd6263a4e22fe3a8406cd5f1d687b1f047e763fa3177edacdcb1332d6e5,study/artifacts/evaluation/candidate/seed-1/n-11/chunk-000000.json.gz,exact,candidate,11,1,0
candidate/s1/n11/e9,4b51354b573a16d2d0765d721c3cf86eb3c4ea51db961bef6957b860368f14ce,study/artifacts/evaluation/candidate/seed-1/n-11/chunk-000000.json.gz,nonbipartite,candidate,11,1,9
candidate/s1/n12/e0,75768db798aead1ba7e3549a7760e265b01e7e85e023a6b47f17fae69cdf747f,study/artifacts/evaluation/candidate/seed-1/n-12/chunk-000000.json.gz,exact,candidate,12,1,0
candidate/s1/n12/e5,676d54fec1245b8817a510672adb72f0df4d4975cbb1abc1cc85b2768297069e,study/artifacts/evaluation/candidate/seed-1/n-12/chunk-000000.json.gz,nonbipartite,candidate,12,1,5
candidate/s1/n12/e6,392da8d79a01ffb937ac63a30435a19be1c303e44bd4161bb2687bca8e3ef19a,study/artifacts/evaluation/candidate/seed-1/n-12/chunk-000000.json.gz,unbalanced_bipartite,candidate,12,1,6
candidate/s1/n13/e0,dcddbf8c76492686a1dba6ed8182ad76a347617c8ddb8fbdf1f79d0c1f1879db,study/artifacts/evaluation/candidate/seed-1/n-13/chunk-000000.json.gz,exact,candidate,13,1,0
candidate/s1/n13/e6,4021e1774d8f57f707e1d2806bd33d0df399e44fa34986297bb32e3a40e0e900,study/artifacts/evaluation/candidate/seed-1/n-13/chunk-000000.json.gz,nonbipartite,candidate,13,1,6
candidate/s1/n14/e0,5a60299e8ec26626e3c912ce9a4f89ede68cd5f698b5e6f24e7d0c3da16f7477,study/artifacts/evaluation/candidate/seed-1/n-14/chunk-000000.json.gz,unbalanced_bipartite,candidate,14,1,0
candidate/s1/n14/e1,b960798ff250cef1369964c0696e56f4483b2660b5dad984128410ae6f3f978e,study/artifacts/evaluation/candidate/seed-1/n-14/chunk-000000.json.gz,exact,candidate,14,1,1
candidate/s1/n14/e3,72aec8114152c2381397ef5867c7a14dba51c5f27dbd88dc8e60d77902d99e76,study/artifacts/evaluation/candidate/seed-1/n-14/chunk-000000.json.gz,nonbipartite,candidate,14,1,3
candidate/s1/n15/e0,a3c3612d899473f0b3b48dda29251923597dbbbfee8df4496afbc719eac5e265,study/artifacts/evaluation/candidate/seed-1/n-15/chunk-000000.json.gz,exact,candidate,15,1,0
candidate/s1/n15/e8,89595251d4cd8d40fdeaa2fef41829846b28bedf23b77e9d57ee9665676aecec,study/artifacts/evaluation/candidate/seed-1/n-15/chunk-000000.json.gz,nonbipartite,candidate,15,1,8
candidate/s1/n15/e34,36fbcddc9c46762d7693823d56574b9a012b7caee121c80d6fe1f5d999233186,study/artifacts/evaluation/candidate/seed-1/n-15/chunk-000032.json.gz,unbalanced_bipartite,candidate,15,1,34
candidate/s1/n16/e0,fc1fd18e811db9fff59d3fec93a0e39b9882d77e502fc15089028e36f5d0397b,study/artifacts/evaluation/candidate/seed-1/n-16/chunk-000000.json.gz,unbalanced_bipartite,candidate,16,1,0
candidate/s1/n16/e1,2af4f243d79654a24f952066499a29a8b13b91b5197bf85cebda1b6beeae144b,study/artifacts/evaluation/candidate/seed-1/n-16/chunk-000000.json.gz,exact,candidate,16,1,1
candidate/s1/n16/e4,c0d397cc339637be9fe979622a039631b9d1160af760d583ecb3296c7ce47809,study/artifacts/evaluation/candidate/seed-1/n-16/chunk-000000.json.gz,nonbipartite,candidate,16,1,4
candidate/s1/n17/e0,6c3503eb4709916b5754bc84775812f1583e5f37c0ed1da3812d3513ec4a2dc0,study/artifacts/evaluation/candidate/seed-1/n-17/chunk-000000.json.gz,exact,candidate,17,1,0
candidate/s1/n17/e1,d616d9edc184da294ec97e7906d5394940acdc694959d31af23b45afeb6a79c1,study/artifacts/evaluation/candidate/seed-1/n-17/chunk-000000.json.gz,nonbipartite,candidate,17,1,1
candidate/s1/n17/e35,24b009b1aaae8389f9ab286b2fafa8faceaece60bcb67503cc999d4a89ae5dfe,study/artifacts/evaluation/candidate/seed-1/n-17/chunk-000032.json.gz,unbalanced_bipartite,candidate,17,1,35
candidate/s1/n20/e0,fa1137d42e340b94cb63116cdc3991a74b72390c5c98b6d06e23fab087cc062f,study/artifacts/evaluation/candidate/seed-1/n-20/chunk-000000.json.gz,exact,candidate,20,1,0
candidate/s1/n20/e1,555d0096ab3494550515f74bca93e66a783801c4b25974f697e56b4f1ecf8655,study/artifacts/evaluation/candidate/seed-1/n-20/chunk-000000.json.gz,nonbipartite,candidate,20,1,1
candidate/s1/n20/e4,1b563b77d0b8c4a60df436d15a556c47f1e1dff15b132fb1a29f5ad0e4807b96,study/artifacts/evaluation/candidate/seed-1/n-20/chunk-000000.json.gz,unbalanced_bipartite,candidate,20,1,4
candidate/s1/n23/e0,a3a8feae870a6bec87648df7085c2bcd4d90883b4f103438160e8eb22f137ead,study/artifacts/evaluation/candidate/seed-1/n-23/chunk-000000.json.gz,unbalanced_bipartite,candidate,23,1,0
candidate/s1/n23/e2,f32b844fcbdca8640dcff11a320b25a380c83c3435e37766d43a895b8df3f1cc,study/artifacts/evaluation/candidate/seed-1/n-23/chunk-000000.json.gz,exact,candidate,23,1,2
candidate/s1/n23/e3,a58cfd8093759fe868184730d60e01e716534ae7a4e8d50ceb90b43a21938c60,study/artifacts/evaluation/candidate/seed-1/n-23/chunk-000000.json.gz,nonbipartite,candidate,23,1,3
candidate/s1/n24/e0,28c631597a384b39789bc10e32ffcb4f4a3a4939a6d08938f73e2ca77b44503d,study/artifacts/evaluation/candidate/seed-1/n-24/chunk-000000.json.gz,nonbipartite,candidate,24,1,0
candidate/s1/n24/e1,581fc0bf44ae96de7901631527b120e74b0a6af9776e0de0072ce715d9aafdc0,study/artifacts/evaluation/candidate/seed-1/n-24/chunk-000000.json.gz,unbalanced_bipartite,candidate,24,1,1
candidate/s1/n24/e6,3e9cdb6fb475d20c300fbd8fa73763020cfd0a509074cd2ea903eb5542101020,study/artifacts/evaluation/candidate/seed-1/n-24/chunk-000000.json.gz,exact,candidate,24,1,6
candidate/s1/n25/e0,fa65d30cb3bbba6a676a0b630645b7b6f698a6bbd400a073aa5c251610c3b95b,study/artifacts/evaluation/candidate/seed-1/n-25/chunk-000000.json.gz,exact,candidate,25,1,0
candidate/s1/n25/e2,1b3c16b22e4e96b33648bd67073e41ac9b79727162d6fae7c36e1b11a42e9d4f,study/artifacts/evaluation/candidate/seed-1/n-25/chunk-000000.json.gz,nonbipartite,candidate,25,1,2
candidate/s1/n25/e37,d40c84b673167601396d6f419da713dbc67103bb159754dce34bfb39f74d2061,study/artifacts/evaluation/candidate/seed-1/n-25/chunk-000032.json.gz,unbalanced_bipartite,candidate,25,1,37
candidate/s1/n30/e0,aecda8f9bbf4d0a1e123affd2365bb2e519f2d576d06f8321e619be3b5cc9068,study/artifacts/evaluation/candidate/seed-1/n-30/chunk-000000.json.gz,nonbipartite,candidate,30,1,0
candidate/s1/n30/e3,0beb4f59198f7390bd93bb90cd1731a1195fc3e621876f3589670c40a4ee69e3,study/artifacts/evaluation/candidate/seed-1/n-30/chunk-000000.json.gz,unbalanced_bipartite,candidate,30,1,3
candidate/s1/n30/e6,176ec47d57dd4efd6cda1ce4e56fb6add0d46af70b70fa9601ba4f2093ad9ec1,study/artifacts/evaluation/candidate/seed-1/n-30/chunk-000000.json.gz,exact,candidate,30,1,6
candidate/s1/n40/e0,753fd4c1a4041c3697820e15de7b3d5f0d360b90e176b533531a63630675ee18,study/artifacts/evaluation/candidate/seed-1/n-40/chunk-000000.json.gz,nonbipartite,candidate,40,1,0
candidate/s1/n40/e42,dad17fedcdceb425c1e45041a42f426e07f82ea1384b45f8a36b4a9b25c43539,study/artifacts/evaluation/candidate/seed-1/n-40/chunk-000032.json.gz,unbalanced_bipartite,candidate,40,1,42
candidate/s1/n40/e59,c342c3eee250252b66913c79d4a1d99eb3b13d3e719bc9c0914c22362f91192a,study/artifacts/evaluation/candidate/seed-1/n-40/chunk-000032.json.gz,exact,candidate,40,1,59
candidate/s1/n6/e0,c5af337883d203b71c32392447c9d4bf463e1e6ff5f09e1b5be4b4c34f2cd98b,study/artifacts/evaluation/candidate/seed-1/n-6/chunk-000000.json.gz,exact,candidate,6,1,0
candidate/s1/n6/e8,1e31e3ab9252e3fd3164120e2cd81ffd541960c54104f6a1ac356e952f657e6d,study/artifacts/evaluation/candidate/seed-1/n-6/chunk-000000.json.gz,unbalanced_bipartite,candidate,6,1,8
candidate/s1/n6/e20,fd8cfca42f258ad1b2461dcf1ab71450c64e537e54996e91b81e6394cc9a2d91,study/artifacts/evaluation/candidate/seed-1/n-6/chunk-000000.json.gz,nonbipartite,candidate,6,1,20
candidate/s1/n7/e0,12f939db0d5b8935512f387919381aa8d43112a59d61e52b5a574e210d299a2d,study/artifacts/evaluation/candidate/seed-1/n-7/chunk-000000.json.gz,exact,candidate,7,1,0
candidate/s1/n7/e41,5d2c49343f9ff0c660d1333d1f5ce096bd46e818884d41366c772df75b26871f,study/artifacts/evaluation/candidate/seed-1/n-7/chunk-000032.json.gz,nonbipartite,candidate,7,1,41
candidate/s1/n8/e0,193c4ac75ec1be0caf185562e869fd4aec453076b628d99783f4e4135350b0d4,study/artifacts/evaluation/candidate/seed-1/n-8/chunk-000000.json.gz,exact,candidate,8,1,0
candidate/s1/n8/e4,1248ac2ba6565a4b1eab21176501963e0298f9779d8fe94063db53256943ed41,study/artifacts/evaluation/candidate/seed-1/n-8/chunk-000000.json.gz,unbalanced_bipartite,candidate,8,1,4
candidate/s1/n8/e15,d981e1258fea0158c9914cf5ac76edac75c638820a3ce918a623df98d5589b6d,study/artifacts/evaluation/candidate/seed-1/n-8/chunk-000000.json.gz,nonbipartite,candidate,8,1,15
candidate/s1/n9/e0,60994342e3c3927f1455972f21c8a00769ea333dd44188374b5aa7ad14a8eed9,study/artifacts/evaluation/candidate/seed-1/n-9/chunk-000000.json.gz,exact,candidate,9,1,0
candidate/s1/n9/e10,2010a3c746d8cd6bc18c078cbc01c4212421fda4db3b5f1b2f5e9b2b86a40bfe,study/artifacts/evaluation/candidate/seed-1/n-9/chunk-000000.json.gz,nonbipartite,candidate,9,1,10
candidate/s2/n10/e0,545b252d8c0d11c98c67bc60a7fb94b78a0db18087ce48913584837cb4c9fb78,study/artifacts/evaluation/candidate/seed-2/n-10/chunk-000000.json.gz,exact,candidate,10,2,0
candidate/s2/n10/e1,dd108f24bc5c84931b1d8341571bbbb80dddb0544481f8de9e9bf2ecf61aa8ea,study/artifacts/evaluation/candidate/seed-2/n-10/chunk-000000.json.gz,unbalanced_bipartite,candidate,10,2,1
candidate/s2/n10/e39,dc575426ad897a0c3ba039542e234de3b72051077ae2a1473b2508376c0e4a05,study/artifacts/evaluation/candidate/seed-2/n-10/chunk-000032.json.gz,nonbipartite,candidate,10,2,39
candidate/s2/n11/e0,951a2daaa0f9aa05855ce46de59828486815a6960604c9236424d775a00d054b,study/artifacts/evaluation/candidate/seed-2/n-11/chunk-000000.json.gz,nonbipartite,candidate,11,2,0
candidate/s2/n11/e1,a3690b6e1b2555e36ff9717b0e8b7eba3ff0e56ba7f5b00828f79e169a4d0367,study/artifacts/evaluation/candidate/seed-2/n-11/chunk-000000.json.gz,unbalanced_bipartite,candidate,11,2,1
candidate/s2/n11/e2,fed98248b17ed51bd0473f65c55cc40c83e125b358f2640255a4d440d9e89947,study/artifacts/evaluation/candidate/seed-2/n-11/chunk-000000.json.gz,exact,candidate,11,2,2
candidate/s2/n12/e0,413b0e1d3c32e0d9ac7aabd7fb4d39a0589bc9ca63bd1c031a0d7c0039c3fddf,study/artifacts/evaluation/candidate/seed-2/n-12/chunk-000000.json.gz,nonbipartite,candidate,12,2,0
candidate/s2/n12/e1,3c97181c6a8c5161d64760c48ce1f539de52da3422d2ffa96f917d3575db70d0,study/artifacts/evaluation/candidate/seed-2/n-12/chunk-000000.json.gz,exact,candidate,12,2,1
candidate/s2/n12/e4,f8b9954e4f7a80330e2f020190a048903a43b7b324f40094351f7fa80d904843,study/artifacts/evaluation/candidate/seed-2/n-12/chunk-000000.json.gz,unbalanced_bipartite,candidate,12,2,4
candidate/s2/n13/e0,5b0828efc1a0f6eaca7d76bf9ffab68d0b5f174fd90392366ef6a8b0dd8ef2ee,study/artifacts/evaluation/candidate/seed-2/n-13/chunk-000000.json.gz,exact,candidate,13,2,0
candidate/s2/n13/e3,1aa27ea5088426d415598b791a1693f72f8da4f2609b211b282575af4aebcb6c,study/artifacts/evaluation/candidate/seed-2/n-13/chunk-000000.json.gz,nonbipartite,candidate,13,2,3
candidate/s2/n13/e55,16a7c3fddc7be0a3d19c0e70f8d751069e8988e8b236be6a767233009ece502f,study/artifacts/evaluation/candidate/seed-2/n-13/chunk-000032.json.gz,unbalanced_bipartite,candidate,13,2,55
candidate/s2/n14/e0,a4603d68d9b4691ceb5f2f94f222bbc99ead0308d76f9d2a05634ec8d2d118bc,study/artifacts/evaluation/candidate/seed-2/n-14/chunk-000000.json.gz,exact,candidate,14,2,0
candidate/s2/n14/e2,e4ecafa6d23c2916f4e0f86da07597cf8462ee20c43726f7a4f9c3556c450d04,study/artifacts/evaluation/candidate/seed-2/n-14/chunk-000000.json.gz,unbalanced_bipartite,candidate,14,2,2
candidate/s2/n14/e8,c0e3a18401435b188ed962e0042d880d3857e78304701b814ef762632e42d01b,study/artifacts/evaluation/candidate/seed-2/n-14/chunk-000000.json.gz,nonbipartite,candidate,14,2,8
candidate/s2/n15/e0,91d15d2c6112e5d30cb14ae0ca04eecea5fbbafb0bc1f7a62ae030c6fbf2c007,study/artifacts/evaluation/candidate/seed-2/n-15/chunk-000000.json.gz,exact,candidate,15,2,0
candidate/s2/n15/e1,e163b920835be24af29c5f71186d83194d10af430b040a6167ec47655fd7731a,study/artifacts/evaluation/candidate/seed-2/n-15/chunk-000000.json.gz,nonbipartite,candidate,15,2,1
candidate/s2/n16/e0,fc6520dbaca4a3469cfdfde3e31f2c613f91484a01d2cfdf923a531a40d689ee,study/artifacts/evaluation/candidate/seed-2/n-16/chunk-000000.json.gz,nonbipartite,candidate,16,2,0
candidate/s2/n16/e1,38b69cbdb0e410ef346f63a4a609fd071a4b3258df5cf7c4fdc5026e2a49006b,study/artifacts/evaluation/candidate/seed-2/n-16/chunk-000000.json.gz,unbalanced_bipartite,candidate,16,2,1
candidate/s2/n16/e4,754e125c97752b80769f7823cfa5d011d3bdbedd7b815cd7daf38fa1cf193987,study/artifacts/evaluation/candidate/seed-2/n-16/chunk-000000.json.gz,exact,candidate,16,2,4
candidate/s2/n17/e0,995953d4eaee1dd57a4624ac500e263cf5f3aacc091d0635af8990389ea121a0,study/artifacts/evaluation/candidate/seed-2/n-17/chunk-000000.json.gz,exact,candidate,17,2,0
candidate/s2/n17/e4,aa5b8595a25dac24a703ee410fff706ca1589bc441a391488fbf63160bb205a2,study/artifacts/evaluation/candidate/seed-2/n-17/chunk-000000.json.gz,nonbipartite,candidate,17,2,4
candidate/s2/n20/e0,5eb355999529625d048c6a1230f75dcbfd67956b79cf55a6fa2d2ae5d5b038b0,study/artifacts/evaluation/candidate/seed-2/n-20/chunk-000000.json.gz,exact,candidate,20,2,0
candidate/s2/n20/e2,f9f319ac58a3bf882853a26c569176a61c7d77996b864790c0c51ee6a7db07f1,study/artifacts/evaluation/candidate/seed-2/n-20/chunk-000000.json.gz,nonbipartite,candidate,20,2,2
candidate/s2/n20/e5,f7a4a2bd44be75389edc7239cf6b248b7f90a93cbfb3427301e681802d913ade,study/artifacts/evaluation/candidate/seed-2/n-20/chunk-000000.json.gz,unbalanced_bipartite,candidate,20,2,5
candidate/s2/n23/e0,aea43bf486448feaa462362eb361daa03e9c95728e88e5e1167ca7f694082028,study/artifacts/evaluation/candidate/seed-2/n-23/chunk-000000.json.gz,nonbipartite,candidate,23,2,0
candidate/s2/n23/e5,b0efe8a09b64c0148ba46c2579c189b5bcd5534eb032c540417e3f78ec080b65,study/artifacts/evaluation/candidate/seed-2/n-23/chunk-000000.json.gz,exact,candidate,23,2,5
candidate/s2/n23/e10,6e304159eb3f4687e78554dafbfe3df56a9881ff54367bdc0a2e7854a68fde84,study/artifacts/evaluation/candidate/seed-2/n-23/chunk-000000.json.gz,unbalanced_bipartite,candidate,23,2,10
candidate/s2/n24/e0,ec2fb2193216fee33385be396d2bc20d1df5fe3b4eccb48f42a6bc56f1e8eb51,study/artifacts/evaluation/candidate/seed-2/n-24/chunk-000000.json.gz,nonbipartite,candidate,24,2,0
candidate/s2/n24/e1,b047372ff5841c494d27d97493834a9ceda301468e70cd8487c5a0d3af951d9d,study/artifacts/evaluation/candidate/seed-2/n-24/chunk-000000.json.gz,exact,candidate,24,2,1
candidate/s2/n24/e7,c72e7e732d874d31b77e9760d55d75a45af1cb8ad5bd3c9c50f282d1ecaf3bf9,study/artifacts/evaluation/candidate/seed-2/n-24/chunk-000000.json.gz,unbalanced_bipartite,candidate,24,2,7
candidate/s2/n25/e0,ced6190ebb571d36f0fa3a8a76b4cb6cc512f0abec629b7e5d8b6f9fce9690e7,study/artifacts/evaluation/candidate/seed-2/n-25/chunk-000000.json.gz,nonbipartite,candidate,25,2,0
candidate/s2/n25/e1,3e8289606adba3d18750497e9d3cd8396d375e296e19dae2dfa5e4a3c5efbe3f,study/artifacts/evaluation/candidate/seed-2/n-25/chunk-000000.json.gz,exact,candidate,25,2,1
candidate/s2/n25/e96,d55b6c3eb7e0cc1d59f65a554cac10972a79e0832aff9e6bf49d8fa8e308a043,study/artifacts/evaluation/candidate/seed-2/n-25/chunk-000096.json.gz,unbalanced_bipartite,candidate,25,2,96
candidate/s2/n30/e0,41ded712ec5b993916c1d41be9be72fc67e4e9a91f43748f85cafbb42ade777a,study/artifacts/evaluation/candidate/seed-2/n-30/chunk-000000.json.gz,nonbipartite,candidate,30,2,0
candidate/s2/n30/e5,2213a20b7b7bdc27b715de6cc694aed5566e47cea79e4f78cca806c1310119c2,study/artifacts/evaluation/candidate/seed-2/n-30/chunk-000000.json.gz,unbalanced_bipartite,candidate,30,2,5
candidate/s2/n30/e15,509420c1cbdb903d7ca37b95a6a19026c9675406ab8c1147d8658ed5ec9dadff,study/artifacts/evaluation/candidate/seed-2/n-30/chunk-000000.json.gz,exact,candidate,30,2,15
candidate/s2/n40/e0,8bbaeeb27cc318a8e84fcbadd8ff173d081f606f9d08c6a0849ee83179865189,study/artifacts/evaluation/candidate/seed-2/n-40/chunk-000000.json.gz,nonbipartite,candidate,40,2,0
candidate/s2/n40/e9,400e5fae9478ad44b08ff9ed878dbd18f98e80c1dfb216a0f8a8c4a05294ac80,study/artifacts/evaluation/candidate/seed-2/n-40/chunk-000000.json.gz,exact,candidate,40,2,9
candidate/s2/n6/e0,c5af337883d203b71c32392447c9d4bf463e1e6ff5f09e1b5be4b4c34f2cd98b,study/artifacts/evaluation/candidate/seed-2/n-6/chunk-000000.json.gz,exact,candidate,6,2,0
candidate/s2/n6/e41,1dc473a7a21c57138346880fc7debfb6ed89bb7b351f13023d62b0fdcf2781c8,study/artifacts/evaluation/candidate/seed-2/n-6/chunk-000032.json.gz,nonbipartite,candidate,6,2,41
candidate/s2/n6/e57,fa84ff8c9fe652d7c65a9daa8df0ab72b4a3c22cba556078c207da0d4bc3bc14,study/artifacts/evaluation/candidate/seed-2/n-6/chunk-000032.json.gz,unbalanced_bipartite,candidate,6,2,57
candidate/s2/n7/e0,ae79dc62572ad00737afbb56cbde7920ae2b566b357671f191f14697b9920382,study/artifacts/evaluation/candidate/seed-2/n-7/chunk-000000.json.gz,exact,candidate,7,2,0
candidate/s2/n7/e11,6e0df97ccbdc868919334c917e89078c2ceed0dcdb8d6aec96bbac8668b44377,study/artifacts/evaluation/candidate/seed-2/n-7/chunk-000000.json.gz,nonbipartite,candidate,7,2,11
candidate/s2/n8/e0,460bd554914c8354739eed74aafa54b5ee0ea1e9319b02cea2f71ce26b35b61e,study/artifacts/evaluation/candidate/seed-2/n-8/chunk-000000.json.gz,nonbipartite,candidate,8,2,0
candidate/s2/n8/e1,e29aeaf0143450376dfd6c62bb524a52723cf42fefd53cbe011a23de0ee7d3fc,study/artifacts/evaluation/candidate/seed-2/n-8/chunk-000000.json.gz,exact,candidate,8,2,1
candidate/s2/n8/e3,34a6b30802071946fdd41551fb799391408bf796416f9019b0c4ded430d59d4e,study/artifacts/evaluation/candidate/seed-2/n-8/chunk-000000.json.gz,unbalanced_bipartite,candidate,8,2,3
candidate/s2/n9/e0,56988dfc1f582eaab0776e6338cad01e6d4ba824bdfb04c0fdb172acdb14713b,study/artifacts/evaluation/candidate/seed-2/n-9/chunk-000000.json.gz,exact,candidate,9,2,0
candidate/s2/n9/e15,67746ca7c8f8cdd689992c0f41c9c61b2f47044b29be7992eb4fd5c6a361d07f,study/artifacts/evaluation/candidate/seed-2/n-9/chunk-000000.json.gz,nonbipartite,candidate,9,2,15
candidate/s2/n9/e33,aaab225bf79b38a637eebe05683fa503f5c440a5fcd563399d8b10429aee326d,study/artifacts/evaluation/candidate/seed-2/n-9/chunk-000032.json.gz,unbalanced_bipartite,candidate,9,2,33
candidate/s3/n10/e0,5eca72913317c0d7ab77249fa2e17ddcfc72cf7b5f093b945600b10fff0c4f1e,study/artifacts/evaluation/candidate/seed-3/n-10/chunk-000000.json.gz,unbalanced_bipartite,candidate,10,3,0
candidate/s3/n10/e1,b270178c6f287f3a08d95a5dd59b5d5bbfe42648c3e4ee2e5bc9f800955186a3,study/artifacts/evaluation/candidate/seed-3/n-10/chunk-000000.json.gz,exact,candidate,10,3,1
candidate/s3/n10/e3,846f27c61b48a9dfc485cb1f1a03b2699647bebcb9b4dd55a8e008deb0d7cf95,study/artifacts/evaluation/candidate/seed-3/n-10/chunk-000000.json.gz,nonbipartite,candidate,10,3,3
candidate/s3/n11/e0,008f6193a64801282f02a7e69e41b0a953c3d267a9975681115283cdaa071a8d,study/artifacts/evaluation/candidate/seed-3/n-11/chunk-000000.json.gz,exact,candidate,11,3,0
candidate/s3/n11/e16,64b051272f260d9c20647900af3a1c3b37d0c6869175fb7544702748167049aa,study/artifacts/evaluation/candidate/seed-3/n-11/chunk-000000.json.gz,nonbipartite,candidate,11,3,16
candidate/s3/n12/e0,85aa682a8c78326314c5c9e71653c855e1e16d3c9b5cc7f66e4c6c146f57d9d9,study/artifacts/evaluation/candidate/seed-3/n-12/chunk-000000.json.gz,exact,candidate,12,3,0
candidate/s3/n12/e1,add1ec67ce7c4995dfc3a64482ddc78bd7e4c51f76862835554035c9eb4ae9f0,study/artifacts/evaluation/candidate/seed-3/n-12/chunk-000000.json.gz,nonbipartite,candidate,12,3,1
candidate/s3/n12/e3,241254b70738c94fda5bec01eb236d0010c7255abeb43bb4d6734866a6860907,study/artifacts/evaluation/candidate/seed-3/n-12/chunk-000000.json.gz,unbalanced_bipartite,candidate,12,3,3
candidate/s3/n13/e0,29ce23907054bf9099ce801bf67ca07bd9efc5579cc41c5f2d9dc73b86123634,study/artifacts/evaluation/candidate/seed-3/n-13/chunk-000000.json.gz,exact,candidate,13,3,0
candidate/s3/n13/e1,c73f8ce7fbff5f3d2669651a6bb954861a55f6b6dfc8317f78b9c3f6a7df034a,study/artifacts/evaluation/candidate/seed-3/n-13/chunk-000000.json.gz,nonbipartite,candidate,13,3,1
candidate/s3/n14/e0,1c5f9ea3adae48f8012c7f3cfbcbc4d60b8dd870ec064976681562741c0f4ac6,study/artifacts/evaluation/candidate/seed-3/n-14/chunk-000000.json.gz,unbalanced_bipartite,candidate,14,3,0
candidate/s3/n14/e2,39d8260e88c28c693b9049684a237955e7258485fac1838c47e177eda5e116d5,study/artifacts/evaluation/candidate/seed-3/n-14/chunk-000000.json.gz,nonbipartite,candidate,14,3,2
candidate/s3/n14/e4,b992e6f31a4e257a997a7bef74a9ce70c90acf1f7c6e899debc5ec8e6d458629,study/artifacts/evaluation/candidate/seed-3/n-14/chunk-000000.json.gz,exact,candidate,14,3,4
candidate/s3/n15/e0,31d6651c144abf830bc084431aeede3ee029051021efa8774e3595318447e2b8,study/artifacts/evaluation/candidate/seed-3/n-15/chunk-000000.json.gz,exact,candidate,15,3,0
candidate/s3/n15/e13,fa3e5f44aa3fb977287d6e0fdff9fd0f4a2bc9a6ed8a89aa1f1d78fc0bc5d16a,study/artifacts/evaluation/candidate/seed-3/n-15/chunk-000000.json.gz,nonbipartite,candidate,15,3,13
candidate/s3/n16/e0,48ebdbfea17cfbc171a88870e2c7c87fbbf2c05919bba78a9c0297de0a31519c,study/artifacts/evaluation/candidate/seed-3/n-16/chunk-000000.json.gz,exact,candidate,16,3,0
candidate/s3/n16/e2,d5eb1960700ce36f0d6a5ff89d45741b652d04da1400ec4af62dd01e7d838bab,study/artifacts/evaluation/candidate/seed-3/n-16/chunk-000000.json.gz,unbalanced_bipartite,candidate,16,3,2
candidate/s3/n16/e3,b9b570248440a6c6ce6121525831edc958486f2b61871ece36fe8f0cfbe550d9,study/artifacts/evaluation/candidate/seed-3/n-16/chunk-000000.json.gz,nonbipartite,candidate,16,3,3
candidate/s3/n17/e0,c5d1b76d569165594f2aa381dfde698d54114a98513f78e8cc631498ba1c57d5,study/artifacts/evaluation/candidate/seed-3/n-17/chunk-000000.json.gz,nonbipartite,candidate,17,3,0
candidate/s3/n17/e1,d7234883997575cec0cffe586771597e12f986abd4eb0d984c6a1bccad1c72f3,study/artifacts/evaluation/candidate/seed-3/n-17/chunk-000000.json.gz,exact,candidate,17,3,1
candidate/s3/n17/e6,ae040920891aed794247e0ef20df80581d8b690670128b600c12e26597c5e579,study/artifacts/evaluation/candidate/seed-3/n-17/chunk-000000.json.gz,unbalanced_bipartite,candidate,17,3,6
candidate/s3/n20/e0,f0754334e2e8a253eae7465d91ec492451dd3b769e2a4da813c0d224eb04b4b8,study/artifacts/evaluation/candidate/seed-3/n-20/chunk-000000.json.gz,nonbipartite,candidate,20,3,0
candidate/s3/n20/e1,64352fcd0b9f29c82be893e3d38e34f94bc3fa86bab1e6a238e61da6083fec7a,study/artifacts/evaluation/candidate/seed-3/n-20/chunk-000000.json.gz,unbalanced_bipartite,candidate,20,3,1
candidate/s3/n20/e8,869e2e5679253642ce16fecd736e0569e0d58ac9eefaab46a19ab71f9d8d2c88,study/artifacts/evaluation/candidate/seed-3/n-20/chunk-000000.json.gz,exact,candidate,20,3,8
candidate/s3/n23/e0,e06e7cdfab8a6a0a60068a97caf1b176b795fabcefa42cc954f502743d432729,study/artifacts/evaluation/candidate/seed-3/n-23/chunk-000000.json.gz,exact,candidate,23,3,0
candidate/s3/n23/e1,87ffe8fd32d8b6cb3791fcff604f2358fcf59dc07deeda9ca26c425bc8ff5fbe,study/artifacts/evaluation/candidate/seed-3/n-23/chunk-000000.json.gz,nonbipartite,candidate,23,3,1
candidate/s3/n23/e14,eb709eb25aee78bbb900a9b33bff0b38b50dbad4d05e4a5b745d7989d83632b6,study/artifacts/evaluation/candidate/seed-3/n-23/chunk-000000.json.gz,unbalanced_bipartite,candidate,23,3,14
candidate/s3/n24/e0,6a48b2e9dc3e3e3232bde485635b7db2f2bdb0a0c3da728235cfcd6167cdc558,study/artifacts/evaluation/candidate/seed-3/n-24/chunk-000000.json.gz,unbalanced_bipartite,candidate,24,3,0
candidate/s3/n24/e1,a13eb71b3290e5b8fcff9953c9209b7fe6049551d8a500058d173124dc4d2ff5,study/artifacts/evaluation/candidate/seed-3/n-24/chunk-000000.json.gz,exact,candidate,24,3,1
candidate/s3/n24/e2,c1f565297d8227a4b76d9697b759905061612a7b0ca888f851caa28f077e9bfb,study/artifacts/evaluation/candidate/seed-3/n-24/chunk-000000.json.gz,nonbipartite,candidate,24,3,2
candidate/s3/n25/e0,cfddbc8622eb58dcb594102beb3a1cf95566949dfcf83a2176d74d50d144493b,study/artifacts/evaluation/candidate/seed-3/n-25/chunk-000000.json.gz,exact,candidate,25,3,0
candidate/s3/n25/e1,4bc5498cba575e5ef4802059c1a58e62283bb924e7a8dc0086908b7a124ca18e,study/artifacts/evaluation/candidate/seed-3/n-25/chunk-000000.json.gz,nonbipartite,candidate,25,3,1
candidate/s3/n25/e21,b6e193865085a455ec921d197d261e25d3963be10acc4448a47ef611f874948d,study/artifacts/evaluation/candidate/seed-3/n-25/chunk-000000.json.gz,unbalanced_bipartite,candidate,25,3,21
candidate/s3/n30/e0,9a84e9898bfde6ad7ba9313040530e947552de138ec4557d5c77fa308da97d2c,study/artifacts/evaluation/candidate/seed-3/n-30/chunk-000000.json.gz,nonbipartite,candidate,30,3,0
candidate/s3/n30/e8,d1b29026719091a8fd33b1dd3d6c56a0ab4d221f4f1486694ab296cf60aaaab4,study/artifacts/evaluation/candidate/seed-3/n-30/chunk-000000.json.gz,unbalanced_bipartite,candidate,30,3,8
candidate/s3/n30/e11,3b9d13d8ed35946e9e81e3fe939de6e46cff1ab87b9edd3101204a375bbb3ca1,study/artifacts/evaluation/candidate/seed-3/n-30/chunk-000000.json.gz,exact,candidate,30,3,11
candidate/s3/n40/e0,d17eb66aaf72fa43819f036bbb1af4e8338bdf3b1d0892ad5fbc3fa94f41afdb,study/artifacts/evaluation/candidate/seed-3/n-40/chunk-000000.json.gz,nonbipartite,candidate,40,3,0
candidate/s3/n40/e43,8339d22d2fa533b79fd559070ad154de461a53c0bf77931fa85f1de34b53957e,study/artifacts/evaluation/candidate/seed-3/n-40/chunk-000032.json.gz,unbalanced_bipartite,candidate,40,3,43
candidate/s3/n40/e57,16ad5be7a4b53c9527dd891ea4cbd41b55c1ba77ec9918c776af189c1781a948,study/artifacts/evaluation/candidate/seed-3/n-40/chunk-000032.json.gz,exact,candidate,40,3,57
candidate/s3/n6/e0,04d4445ebfbeebdb9aef4a24a1d4bd696fe0c83f7f331c18442fb1806495278e,study/artifacts/evaluation/candidate/seed-3/n-6/chunk-000000.json.gz,exact,candidate,6,3,0
candidate/s3/n6/e18,c4c13e36085cda5847e5fd39db9318d3cebe900bfb2634e02dcc6efff3c9a901,study/artifacts/evaluation/candidate/seed-3/n-6/chunk-000000.json.gz,unbalanced_bipartite,candidate,6,3,18
candidate/s3/n7/e0,575f4b3a86da1d907d3121e7a09946b8ac22ea3dd6f8e557b27b1746ffd3bf6b,study/artifacts/evaluation/candidate/seed-3/n-7/chunk-000000.json.gz,exact,candidate,7,3,0
candidate/s3/n7/e1,1fecd69bcd50bd1a2879173040e3203d19ee15529be83c954d8a6bae56832acb,study/artifacts/evaluation/candidate/seed-3/n-7/chunk-000000.json.gz,nonbipartite,candidate,7,3,1
candidate/s3/n8/e0,615d220636eb1f04910b7d60e39bd581a072ebe175695977fd493793178e8a84,study/artifacts/evaluation/candidate/seed-3/n-8/chunk-000000.json.gz,exact,candidate,8,3,0
candidate/s3/n8/e9,d706d3cdfbce868e7d43597ebefd4b46e3529d098b45f67af02b99b63e7a105d,study/artifacts/evaluation/candidate/seed-3/n-8/chunk-000000.json.gz,nonbipartite,candidate,8,3,9
candidate/s3/n8/e11,75bb1d3db783d617b94ebac3bd7516aaba8edf304fcbbc74a3feeedc66d8526f,study/artifacts/evaluation/candidate/seed-3/n-8/chunk-000000.json.gz,unbalanced_bipartite,candidate,8,3,11
candidate/s3/n9/e0,56988dfc1f582eaab0776e6338cad01e6d4ba824bdfb04c0fdb172acdb14713b,study/artifacts/evaluation/candidate/seed-3/n-9/chunk-000000.json.gz,exact,candidate,9,3,0
candidate/s3/n9/e13,7b4977a9da4b2606cbac0a68bf9ae3ea804a359e6e8330e1a78bb7e0d8b5aa5c,study/artifacts/evaluation/candidate/seed-3/n-9/chunk-000000.json.gz,nonbipartite,candidate,9,3,13
candidate/s4/n10/e0,2901337b54502da4c2eb33645d2db12efe9c5f50f047e24f8baea854ac970e43,study/artifacts/evaluation/candidate/seed-4/n-10/chunk-000000.json.gz,exact,candidate,10,4,0
candidate/s4/n10/e6,d67c3ec0d0100fd262b1f796ec0cc643ff1098899bcf925426defcb09571fbb1,study/artifacts/evaluation/candidate/seed-4/n-10/chunk-000000.json.gz,unbalanced_bipartite,candidate,10,4,6
candidate/s4/n10/e39,13cbdfd86ef225572c3aa386022cac57d43c1879343002267fbafc9e29c8bef1,study/artifacts/evaluation/candidate/seed-4/n-10/chunk-000032.json.gz,nonbipartite,candidate,10,4,39
candidate/s4/n11/e0,e46e3e7484cff9db095194d8d40e4665f28f5eac959421b9a7736c5cd5954a85,study/artifacts/evaluation/candidate/seed-4/n-11/chunk-000000.json.gz,exact,candidate,11,4,0
candidate/s4/n11/e2,6d3d4739e10405537e132ac8f207167d6c80f07ed2967b4ebc56a80833cb98a0,study/artifacts/evaluation/candidate/seed-4/n-11/chunk-000000.json.gz,nonbipartite,candidate,11,4,2
candidate/s4/n12/e0,97515ce96ec123307e33d9ff5f738c8224ac553a9c41f6dc3f0ce90c77fca9f3,study/artifacts/evaluation/candidate/seed-4/n-12/chunk-000000.json.gz,exact,candidate,12,4,0
candidate/s4/n12/e17,e5acadea98ce4c980b1f101f01e569821ce6873c0ec1a98503a0c67424d85005,study/artifacts/evaluation/candidate/seed-4/n-12/chunk-000000.json.gz,unbalanced_bipartite,candidate,12,4,17
candidate/s4/n12/e18,58c276ae8152aafc0c4c888558425618fcddb02bd83ad2f017fca2679a68cd81,study/artifacts/evaluation/candidate/seed-4/n-12/chunk-000000.json.gz,nonbipartite,candidate,12,4,18
candidate/s4/n13/e0,73f4463bfe998390030db8ec9e0d07a27c3d264ea154e569b3cc374031353227,study/artifacts/evaluation/candidate/seed-4/n-13/chunk-000000.json.gz,exact,candidate,13,4,0
candidate/s4/n13/e4,59c23e6b6272d0aca3b78d1fc7cad400a6a1ed44374ef0bdb819b49782d2181a,study/artifacts/evaluation/candidate/seed-4/n-13/chunk-000000.json.gz,nonbipartite,candidate,13,4,4
candidate/s4/n13/e93,e5ba6d2917416723c3177e65daeb91faef995ffa6818ba6ff208bfbe25724133,study/artifacts/evaluation/candidate/seed-4/n-13/chunk-000064.json.gz,unbalanced_bipartite,candidate,13,4,93
candidate/s4/n14/e0,6272886b9f42e81cab568befe4c2abca3c3b8c907ca4dc0d31ab60196d1c9b7d,study/artifacts/evaluation/candidate/seed-4/n-14/chunk-000000.json.gz,nonbipartite,candidate,14,4,0
candidate/s4/n14/e1,5c607cb60a1ea2a3a80fca4e4269717a3784afa3df3151b86d24726aefab3211,study/artifacts/evaluation/candidate/seed-4/n-14/chunk-000000.json.gz,exact,candidate,14,4,1
candidate/s4/n14/e6,e49d951586657595bfccbbee72f90548136d4486324fae7d7b0ae7e9a1233634,study/artifacts/evaluation/candidate/seed-4/n-14/chunk-000000.json.gz,unbalanced_bipartite,candidate,14,4,6
candidate/s4/n15/e0,2bd4dbbb7075d11120b12440ea4864827bb55d0589df713d06e25c8e0ccfef3c,study/artifacts/evaluation/candidate/seed-4/n-15/chunk-000000.json.gz,nonbipartite,candidate,15,4,0
candidate/s4/n15/e3,7b1e1165c0c0bd320942b712f828a0db743277b3bbb67838c4c2e2fb77aaf330,study/artifacts/evaluation/candidate/seed-4/n-15/chunk-000000.json.gz,exact,candidate,15,4,3
candidate/s4/n16/e0,ac6a56e7e4c5ac5b743a08cd8051d436f80a2e80b1a984cb96cf3578b5bf1012,study/artifacts/evaluation/candidate/seed-4/n-16/chunk-000000.json.gz,nonbipartite,candidate,16,4,0
candidate/s4/n16/e1,8844597fd4922ed6179b6fbd6ae1cbb4e54c754bd7ebd0db5fed6a65acde0c41,study/artifacts/evaluation/candidate/seed-4/n-16/chunk-000000.json.gz,exact,candidate,16,4,1
candidate/s4/n16/e2,97a46dd8b1edaa702736a75650407b9a0695dc27a4885499f53684662f36c238,study/artifacts/evaluation/candidate/seed-4/n-16/chunk-000000.json.gz,unbalanced_bipartite,candidate,16,4,2
candidate/s4/n17/e0,492d4879fdec029f363e8e4bd2f22851ebf055bca06c914e35ee7c189e50ff3e,study/artifacts/evaluation/candidate/seed-4/n-17/chunk-000000.json.gz,nonbipartite,candidate,17,4,0
candidate/s4/n17/e1,c5aedfce217be9fc52e5255a0d35cc7cc20a2e0475cf510a61829e3e7efa99a8,study/artifacts/evaluation/candidate/seed-4/n-17/chunk-000000.json.gz,exact,candidate,17,4,1
candidate/s4/n17/e16,8b0ec234b83d7937c9afdfffd50dedbf15e9d3d6da5308e708281ab7be986594,study/artifacts/evaluation/candidate/seed-4/n-17/chunk-000000.json.gz,unbalanced_bipartite,candidate,17,4,16
candidate/s4/n20/e0,455c75c913bda4d380f39c4a98fabf1526339abac277e44a06a2267e6bb054b4,study/artifacts/evaluation/candidate/seed-4/n-20/chunk-000000.json.gz,exact,candidate,20,4,0
candidate/s4/n20/e1,cd1cf012060c684f7657313db325acdb031e6f462cdf050adc9797f46bc0b757,study/artifacts/evaluation/candidate/seed-4/n-20/chunk-000000.json.gz,unbalanced_bipartite,candidate,20,4,1
candidate/s4/n20/e2,171cf4de1ddb2e4f453e93001ef541fdd5da2f4203fe48ea42325857d5ade2f0,study/artifacts/evaluation/candidate/seed-4/n-20/chunk-000000.json.gz,nonbipartite,candidate,20,4,2
candidate/s4/n23/e0,5c258f8804002c422edf4b7e328b05edf7461f4228179e87ec42a647a447756a,study/artifacts/evaluation/candidate/seed-4/n-23/chunk-000000.json.gz,exact,candidate,23,4,0
candidate/s4/n23/e1,5a29ee1b7286ed166e82325ff82665e92343f2aa8f0f2b0f0bc475a1bfe280e1,study/artifacts/evaluation/candidate/seed-4/n-23/chunk-000000.json.gz,nonbipartite,candidate,23,4,1
candidate/s4/n23/e33,2422f0eea4bbc3f5aac125b6502ba92a93e0cc23d11453f95d456735001e3114,study/artifacts/evaluation/candidate/seed-4/n-23/chunk-000032.json.gz,unbalanced_bipartite,candidate,23,4,33
candidate/s4/n24/e0,45bfd9b99437aeb4ba0e22f84fe4a96f47783a32485afdc75904c2a628fa0096,study/artifacts/evaluation/candidate/seed-4/n-24/chunk-000000.json.gz,nonbipartite,candidate,24,4,0
candidate/s4/n24/e1,3031011940d3a6bc4a43b26a375a367ccefd5330a0c96f8755f8064483092bbf,study/artifacts/evaluation/candidate/seed-4/n-24/chunk-000000.json.gz,exact,candidate,24,4,1
candidate/s4/n24/e5,17a4fab3309368821c5eee1b265c96455a856f6a55ebec1262be7ee69114c1be,study/artifacts/evaluation/candidate/seed-4/n-24/chunk-000000.json.gz,unbalanced_bipartite,candidate,24,4,5
candidate/s4/n25/e0,60193ffd03b0cd2d83979e3ede65bb44c2d3df08ecbb32f0aabec41a0e0a183f,study/artifacts/evaluation/candidate/seed-4/n-25/chunk-000000.json.gz,nonbipartite,candidate,25,4,0
candidate/s4/n25/e8,947c094139bf857a1b716a1734f4c6c2a19b5dd2a8bf33b8560ce28bcf9d1943,study/artifacts/evaluation/candidate/seed-4/n-25/chunk-000000.json.gz,exact,candidate,25,4,8
candidate/s4/n25/e9,d552f9080bdc5dcd653a566709c3a801f315585fd82c2285b30d8bd323ac2a86,study/artifacts/evaluation/candidate/seed-4/n-25/chunk-000000.json.gz,unbalanced_bipartite,candidate,25,4,9
candidate/s4/n30/e0,0beb7a2e9e88793b0fe8646b63c4a626535057d05ed99b09abdbdc21bc85fd4a,study/artifacts/evaluation/candidate/seed-4/n-30/chunk-000000.json.gz,nonbipartite,candidate,30,4,0
candidate/s4/n30/e4,739ef509d5867a4f43832124b6e512c770f487496f5d0e85753d8079a141eb51,study/artifacts/evaluation/candidate/seed-4/n-30/chunk-000000.json.gz,exact,candidate,30,4,4
candidate/s4/n30/e8,c61880546eab1924586092f4af2323e4e302b8967d92c49f11c4c63516b074f4,study/artifacts/evaluation/candidate/seed-4/n-30/chunk-000000.json.gz,unbalanced_bipartite,candidate,30,4,8
candidate/s4/n40/e0,80d0e10fbfaa1fe534f3ef98e1a23d507800abf140c8203b9bd32cd7133ce8bd,study/artifacts/evaluation/candidate/seed-4/n-40/chunk-000000.json.gz,nonbipartite,candidate,40,4,0
candidate/s4/n40/e11,fc0539282ced0f4128cfb64320ab5e98d65e0d9e1de8c4ebed56b898d02deed0,study/artifacts/evaluation/candidate/seed-4/n-40/chunk-000000.json.gz,unbalanced_bipartite,candidate,40,4,11
candidate/s4/n40/e49,8773992c474b553692e3c8ff6c6c756f688ebbca5acee48c68977d82f1a7aa8f,study/artifacts/evaluation/candidate/seed-4/n-40/chunk-000032.json.gz,exact,candidate,40,4,49
candidate/s4/n6/e0,688b2e0e642beefd197508c296aa64cd59c2e19411fa3f999e1dca65873b1e18,study/artifacts/evaluation/candidate/seed-4/n-6/chunk-000000.json.gz,exact,candidate,6,4,0
candidate/s4/n6/e6,c4c13e36085cda5847e5fd39db9318d3cebe900bfb2634e02dcc6efff3c9a901,study/artifacts/evaluation/candidate/seed-4/n-6/chunk-000000.json.gz,unbalanced_bipartite,candidate,6,4,6
candidate/s4/n6/e7,f74186379fdd2ee4ea41c5210b6e395777587155177465ff4bff4e2b9a39e39a,study/artifacts/evaluation/candidate/seed-4/n-6/chunk-000000.json.gz,nonbipartite,candidate,6,4,7
candidate/s4/n7/e0,eeca2079f28c2ac4efa9c1e6e1c7e1079f513fae40f717b15eb9e73dc4a92a83,study/artifacts/evaluation/candidate/seed-4/n-7/chunk-000000.json.gz,exact,candidate,7,4,0
candidate/s4/n7/e45,190d5476fd0d1549764e930d839a085bba892117a4b5a27d888be0f4ee683390,study/artifacts/evaluation/candidate/seed-4/n-7/chunk-000032.json.gz,nonbipartite,candidate,7,4,45
candidate/s4/n8/e0,87dbc5040f8ab3443081863f0747a1e1ebaaa0ea9b5cb8f62135f7673da207ab,study/artifacts/evaluation/candidate/seed-4/n-8/chunk-000000.json.gz,exact,candidate,8,4,0
candidate/s4/n8/e16,d8acd2da9f5a23f32a6a7263f4e445c412c8e878c42859c7a570024e7fa68ab4,study/artifacts/evaluation/candidate/seed-4/n-8/chunk-000000.json.gz,nonbipartite,candidate,8,4,16
candidate/s4/n8/e33,4d814a047b5ff66c1b5b368e2f801918c7160a138ae03568a291f3d58d99b151,study/artifacts/evaluation/candidate/seed-4/n-8/chunk-000032.json.gz,unbalanced_bipartite,candidate,8,4,33
candidate/s4/n9/e0,ede48aa900ef1557e6fed93fa3b12e0ad9efa1f7932e3819be62d6eff57badc6,study/artifacts/evaluation/candidate/seed-4/n-9/chunk-000000.json.gz,exact,candidate,9,4,0
candidate/s4/n9/e16,30486f67bec01c45d74e33a2ad7d1fe64aa21ac751cc66717b34f056c54587c4,study/artifacts/evaluation/candidate/seed-4/n-9/chunk-000000.json.gz,nonbipartite,candidate,9,4,16
endpoint/s0/n10/e0,1482ab29b24b54e5ed881ae6805e2547462c1e8c20f62fbf1026dc89f87b8596,study/artifacts/evaluation/endpoint/seed-0/n-10/chunk-000000.json.gz,nonbipartite,endpoint,10,0,0
endpoint/s0/n10/e1,5c220ffaf69b104ad3737dcaf1ccdca06f2ce243906e45d88db22b681177351e,study/artifacts/evaluation/endpoint/seed-0/n-10/chunk-000000.json.gz,exact,endpoint,10,0,1
endpoint/s0/n10/e3,0d57c70e472b1a2d6eac2a195d274fcc89dbfe4b4571ea6cfcfc186110019b21,study/artifacts/evaluation/endpoint/seed-0/n-10/chunk-000000.json.gz,unbalanced_bipartite,endpoint,10,0,3
endpoint/s0/n11/e0,1a30e944542aaab57697a1d5e1d8925b93c9c10c7d5bd587011a60bac2a16efa,study/artifacts/evaluation/endpoint/seed-0/n-11/chunk-000000.json.gz,exact,endpoint,11,0,0
endpoint/s0/n11/e15,e348119a19b1b185d93c28c1d40504fdc6cfa3314c147cbe9f1b6b33a1023451,study/artifacts/evaluation/endpoint/seed-0/n-11/chunk-000000.json.gz,nonbipartite,endpoint,11,0,15
endpoint/s0/n12/e0,9d7f87299918ea6fe123d9bf2956643973bf83576fc2da1dba287941dd64bb3a,study/artifacts/evaluation/endpoint/seed-0/n-12/chunk-000000.json.gz,exact,endpoint,12,0,0
endpoint/s0/n12/e7,ff42a0e3aa33f75c83a3285455df3edbb0e7f4ec283e7e39da6a8c1c21967b4d,study/artifacts/evaluation/endpoint/seed-0/n-12/chunk-000000.json.gz,unbalanced_bipartite,endpoint,12,0,7
endpoint/s0/n12/e53,231170c3ad6ab941246a8c8b5f0c93d3b158e5165120ad010d00222416e18f03,study/artifacts/evaluation/endpoint/seed-0/n-12/chunk-000032.json.gz,nonbipartite,endpoint,12,0,53
endpoint/s0/n13/e0,969283b6251b9e896f877f2d9bd532d127ff2ef6223eff21f99a02be71fa36c2,study/artifacts/evaluation/endpoint/seed-0/n-13/chunk-000000.json.gz,exact,endpoint,13,0,0
endpoint/s0/n13/e22,b8f9f83dd372f095f5bd5a3780a00dbbc98b3259559f709cbaf2bbe036cfef56,study/artifacts/evaluation/endpoint/seed-0/n-13/chunk-000000.json.gz,nonbipartite,endpoint,13,0,22
endpoint/s0/n14/e0,35da6cc4119e9fdd81cccc623d8da98f6cdf956e2f8b8512f2ded3a51526022e,study/artifacts/evaluation/endpoint/seed-0/n-14/chunk-000000.json.gz,exact,endpoint,14,0,0
endpoint/s0/n14/e5,cc73bd98dc7f8ed5c628f24f3c57c38b276da1444aec4e9893b56637b0015891,study/artifacts/evaluation/endpoint/seed-0/n-14/chunk-000000.json.gz,unbalanced_bipartite,endpoint,14,0,5
endpoint/s0/n14/e19,d7eedc8d850746cd1c6c453658421b4f942220d248778a09a37a208bd50d20a1,study/artifacts/evaluation/endpoint/seed-0/n-14/chunk-000000.json.gz,nonbipartite,endpoint,14,0,19
endpoint/s0/n15/e0,c4ed9ff433618dfb31a377138e004a09d91982c8134fed72ab542da217ac616d,study/artifacts/evaluation/endpoint/seed-0/n-15/chunk-000000.json.gz,exact,endpoint,15,0,0
endpoint/s0/n15/e3,cba290b31af126e0ed45bc14047212d2ec0d90fbb17bd85ade908362accf49e3,study/artifacts/evaluation/endpoint/seed-0/n-15/chunk-000000.json.gz,nonbipartite,endpoint,15,0,3
endpoint/s0/n15/e21,710511733ca34246239a11423da3e01e4b6b8e96f6c169354cb8ca00f5683a45,study/artifacts/evaluation/endpoint/seed-0/n-15/chunk-000000.json.gz,unbalanced_bipartite,endpoint,15,0,21
endpoint/s0/n16/e0,7d8056864cef36512d922ebb4e2e82f46a7a294546038aedf14fafc49bc21641,study/artifacts/evaluation/endpoint/seed-0/n-16/chunk-000000.json.gz,unbalanced_bipartite,endpoint,16,0,0
endpoint/s0/n16/e1,de6539b13308c57f3fa6056b9286c48d9d3afb44864b03c89492dd6959ad1997,study/artifacts/evaluation/endpoint/seed-0/n-16/chunk-000000.json.gz,exact,endpoint,16,0,1
endpoint/s0/n16/e2,27abff8fe855d278407eca6b08d5b4821c2ccd9257f6a32c577bd77996db8636,study/artifacts/evaluation/endpoint/seed-0/n-16/chunk-000000.json.gz,nonbipartite,endpoint,16,0,2
endpoint/s0/n17/e0,a7e8f4973a2cedae985303cf97c6ec198a3b23c5a01e182e1ded3f3fc9c40bba,study/artifacts/evaluation/endpoint/seed-0/n-17/chunk-000000.json.gz,nonbipartite,endpoint,17,0,0
endpoint/s0/n17/e1,dbdec938a3569c1bd3dbff2c9d4b233aec612fdad66654deeb9c489694f4a401,study/artifacts/evaluation/endpoint/seed-0/n-17/chunk-000000.json.gz,exact,endpoint,17,0,1
endpoint/s0/n17/e39,4ae94029d79923a1a006a157fd5f923f3993132360c2442d59a443519a9ef37e,study/artifacts/evaluation/endpoint/seed-0/n-17/chunk-000032.json.gz,unbalanced_bipartite,endpoint,17,0,39
endpoint/s0/n20/e0,dee58682e995ac09f2df5e331b970e15226ee8f5a98d1303a036f9cad6a22854,study/artifacts/evaluation/endpoint/seed-0/n-20/chunk-000000.json.gz,exact,endpoint,20,0,0
endpoint/s0/n20/e1,6997fd1ca6941ad3ab742f4297ce378bab0ab88ee4865e5ace4f43973f2927ea,study/artifacts/evaluation/endpoint/seed-0/n-20/chunk-000000.json.gz,nonbipartite,endpoint,20,0,1
endpoint/s0/n20/e3,d10063caefe97ac3d3a0190630f959308d3ab5693c18751ce024ae0be9c29ec1,study/artifacts/evaluation/endpoint/seed-0/n-20/chunk-000000.json.gz,unbalanced_bipartite,endpoint,20,0,3
endpoint/s0/n23/e0,248560b0490ad6de00c8ef0d67bc083f8348ff53f821cdff56910133827d8ddd,study/artifacts/evaluation/endpoint/seed-0/n-23/chunk-000000.json.gz,exact,endpoint,23,0,0
endpoint/s0/n23/e1,4fd631efabd16b26e2bb8fb976f7c735fd5cba52806caedf22622c156e8e502d,study/artifacts/evaluation/endpoint/seed-0/n-23/chunk-000000.json.gz,nonbipartite,endpoint,23,0,1
endpoint/s0/n23/e7,a682771d2af5b40bcb72c56614e546f5f2cec753367d204e9ff8060641a86c49,study/artifacts/evaluation/endpoint/seed-0/n-23/chunk-000000.json.gz,unbalanced_bipartite,endpoint,23,0,7
endpoint/s0/n24/e0,9ab23261803924147d6c9b4871677dbf0dbe64958c1df2aa3fc5cefeb67f199a,study/artifacts/evaluation/endpoint/seed-0/n-24/chunk-000000.json.gz,unbalanced_bipartite,endpoint,24,0,0
endpoint/s0/n24/e1,3494078a8f8d8996235058d827ef53a28803172dad8e2b381c3f0ce964ab708e,study/artifacts/evaluation/endpoint/seed-0/n-24/chunk-000000.json.gz,nonbipartite,endpoint,24,0,1
endpoint/s0/n24/e2,9b1423f8c1982cb5c60d07975b3c276b60be8fe715d9a7e10e2478ad6765c2f9,study/artifacts/evaluation/endpoint/seed-0/n-24/chunk-000000.json.gz,exact,endpoint,24,0,2
endpoint/s0/n25/e0,e968ace1783a07a2305c34c232db3fb43e8d55f1ff126f61248b74b539a09d2f,study/artifacts/evaluation/endpoint/seed-0/n-25/chunk-000000.json.gz,nonbipartite,endpoint,25,0,0
endpoint/s0/n25/e1,2b535d61740c69d75274b1cbe002e83307824cd02ed351a4a0cd05fb62c75ca8,study/artifacts/evaluation/endpoint/seed-0/n-25/chunk-000000.json.gz,exact,endpoint,25,0,1
endpoint/s0/n25/e14,71b1043d2e08937e895aed650a1eabcc1a8d00ad145504c5948387451b667f93,study/artifacts/evaluation/endpoint/seed-0/n-25/chunk-000000.json.gz,unbalanced_bipartite,endpoint,25,0,14
endpoint/s0/n30/e0,82d7d1444af1e3cf293eae685ba6a4ecddb356465b316ca3f553733a66a976be,study/artifacts/evaluation/endpoint/seed-0/n-30/chunk-000000.json.gz,nonbipartite,endpoint,30,0,0
endpoint/s0/n30/e1,7b2e017f524b05259079359d6fc3d6657c0c22037cb0e6a301eb7b9c7d66299d,study/artifacts/evaluation/endpoint/seed-0/n-30/chunk-000000.json.gz,exact,endpoint,30,0,1
endpoint/s0/n30/e3,ccb2081c347b00e342e3e01c160d2925b552c5a4720f23738bb0aecc76249c12,study/artifacts/evaluation/endpoint/seed-0/n-30/chunk-000000.json.gz,unbalanced_bipartite,endpoint,30,0,3
endpoint/s0/n40/e0,9d01a876eefb9b814fa3a88b1fcfe326cd35ed349b14868450f7b5a03ef70559,study/artifacts/evaluation/endpoint/seed-0/n-40/chunk-000000.json.gz,nonbipartite,endpoint,40,0,0
endpoint/s0/n40/e27,bfdbcf89c23cb9f4472261834f7b4a87aa5507cd91d5c0c680c83b6c50cfdb76,study/artifacts/evaluation/endpoint/seed-0/n-40/chunk-000000.json.gz,unbalanced_bipartite,endpoint,40,0,27
endpoint/s0/n40/e40,79a469e1d83633d8953e1cdd6c092a8d38fdd1ec49221eb09efae43a9a79b4a7,study/artifacts/evaluation/endpoint/seed-0/n-40/chunk-000032.json.gz,exact,endpoint,40,0,40
endpoint/s0/n6/e0,688b2e0e642beefd197508c296aa64cd59c2e19411fa3f999e1dca65873b1e18,study/artifacts/evaluation/endpoint/seed-0/n-6/chunk-000000.json.gz,exact,endpoint,6,0,0
endpoint/s0/n7/e0,6668667bffd21feb9f1fd8bf3c1e6f6e95ee5f657561307e5282813bc9d2d9e2,study/artifacts/evaluation/endpoint/seed-0/n-7/chunk-000000.json.gz,exact,endpoint,7,0,0
endpoint/s0/n8/e0,69d11b65ee147b02ede70a54e07b88011a5ce2b971e5f170312032d64b70cc43,study/artifacts/evaluation/endpoint/seed-0/n-8/chunk-000000.json.gz,exact,endpoint,8,0,0
endpoint/s0/n8/e4,e51b0065f6aeee29fc142069d124c64412fc55b8313de55d8a70cdaac83dcf8c,study/artifacts/evaluation/endpoint/seed-0/n-8/chunk-000000.json.gz,unbalanced_bipartite,endpoint,8,0,4
endpoint/s0/n9/e0,22ac013973e58fa19bedc5c848455acc9cfc91d2af23cfe31199bad2554436f4,study/artifacts/evaluation/endpoint/seed-0/n-9/chunk-000000.json.gz,exact,endpoint,9,0,0
endpoint/s0/n9/e48,ecdfe8b4c1ec24a59894f50038191b085d8951b953f8ce69f2dd9acebcfa9c58,study/artifacts/evaluation/endpoint/seed-0/n-9/chunk-000032.json.gz,nonbipartite,endpoint,9,0,48
endpoint/s1/n10/e0,baa9d3f42233e39b14f1ed66032d81e4e4d36e4291a4f3e38f80ea26d4d6a7bb,study/artifacts/evaluation/endpoint/seed-1/n-10/chunk-000000.json.gz,unbalanced_bipartite,endpoint,10,1,0
endpoint/s1/n10/e1,f43cfbeecadd6233c572430e1ff37330fa4490447b2e9d6d53fb98016d88085c,study/artifacts/evaluation/endpoint/seed-1/n-10/chunk-000000.json.gz,exact,endpoint,10,1,1
endpoint/s1/n10/e3,d2eabd5a83ee34a3958c539b74518f2d3925fd790e5c5d89e3e261a4fcab1080,study/artifacts/evaluation/endpoint/seed-1/n-10/chunk-000000.json.gz,nonbipartite,endpoint,10,1,3
endpoint/s1/n11/e0,d2694066efdce6df1c809417603e444a39d515e1faf0122fd5894f332543df4c,study/artifacts/evaluation/endpoint/seed-1/n-11/chunk-000000.json.gz,exact,endpoint,11,1,0
endpoint/s1/n12/e0,7eded0295c88a46e830b18d8d1212efe6ee462256cdc6b015708701bac843ff9,study/artifacts/evaluation/endpoint/seed-1/n-12/chunk-000000.json.gz,exact,endpoint,12,1,0
endpoint/s1/n12/e1,a1b98073b32f8ea3b806ea4edf9bfb40f48d00f000ae0f82176cf7afacea0854,study/artifacts/evaluation/endpoint/seed-1/n-12/chunk-000000.json.gz,unbalanced_bipartite,endpoint,12,1,1
endpoint/s1/n12/e25,f6771e1541edd3cff5f76119dc03fcb5a9453942141c967a781105fbfd961aed,study/artifacts/evaluation/endpoint/seed-1/n-12/chunk-000000.json.gz,nonbipartite,endpoint,12,1,25
endpoint/s1/n13/e0,3eabddd63d91cad78f4a34ffe0a546b6b8abe2cb0e98ba123355b87a8769c35b,study/artifacts/evaluation/endpoint/seed-1/n-13/chunk-000000.json.gz,exact,endpoint,13,1,0
endpoint/s1/n13/e1,eabfd04fc09bc430be14f234664430ff246593e16a4bd243970cc38e313b75c4,study/artifacts/evaluation/endpoint/seed-1/n-13/chunk-000000.json.gz,nonbipartite,endpoint,13,1,1
endpoint/s1/n14/e0,ff57a73083f320510b9b0a94a0ff9b15675f0c3985e13b7210c7d5006ce64784,study/artifacts/evaluation/endpoint/seed-1/n-14/chunk-000000.json.gz,exact,endpoint,14,1,0
endpoint/s1/n14/e11,9692708b88946710ca5192c62b4aff6128d22a10e7e340e4d5a4a68c49531e35,study/artifacts/evaluation/endpoint/seed-1/n-14/chunk-000000.json.gz,nonbipartite,endpoint,14,1,11
endpoint/s1/n14/e17,ea5a84ef2dbb5a405bf10f3f3e5528399c14b7756128a1972a44a878a7300c5e,study/artifacts/evaluation/endpoint/seed-1/n-14/chunk-000000.json.gz,unbalanced_bipartite,endpoint,14,1,17
endpoint/s1/n15/e0,5b8a40d8d60622b80786ba3332e114e2a02d581bf8e235d1b4e77bdcae997eea,study/artifacts/evaluation/endpoint/seed-1/n-15/chunk-000000.json.gz,exact,endpoint,15,1,0
endpoint/s1/n15/e20,defe162cd47a760c92b649efe3c8610d6db192002fc006070f1adaf54b6d8c7c,study/artifacts/evaluation/endpoint/seed-1/n-15/chunk-000000.json.gz,nonbipartite,endpoint,15,1,20
endpoint/s1/n15/e34,5b01efe07d8c3eab7449e5c813b02e5878dcc94d39e9060fd52ef2a655c8ce2a,study/artifacts/evaluation/endpoint/seed-1/n-15/chunk-000032.json.gz,unbalanced_bipartite,endpoint,15,1,34
endpoint/s1/n16/e0,951855017075c6e4bb4cebf3e6a2ef8700d6f1ba472b70c665a90bda147ffba8,study/artifacts/evaluation/endpoint/seed-1/n-16/chunk-000000.json.gz,unbalanced_bipartite,endpoint,16,1,0
endpoint/s1/n16/e1,0ab78d8db9b3c2e7f8046e2493856940407f588b04185ffaf2e1f8357bc4e675,study/artifacts/evaluation/endpoint/seed-1/n-16/chunk-000000.json.gz,exact,endpoint,16,1,1
endpoint/s1/n16/e7,0110239b85c60d0830e279ce1e480bb3e6c6082a467c33d32bf03b1740c788af,study/artifacts/evaluation/endpoint/seed-1/n-16/chunk-000000.json.gz,nonbipartite,endpoint,16,1,7
endpoint/s1/n17/e0,e99d1026d7d5758155c8ad523f28b89b16bc433f2eceab2d0128e759384678fb,study/artifacts/evaluation/endpoint/seed-1/n-17/chunk-000000.json.gz,exact,endpoint,17,1,0
endpoint/s1/n17/e15,065f640c6e54399d44fa66598a5dd1d06d6727c5becfeeeb15854f27af2cf525,study/artifacts/evaluation/endpoint/seed-1/n-17/chunk-000000.json.gz,nonbipartite,endpoint,17,1,15
endpoint/s1/n17/e31,5c29c22508444868c7ddea54d6d0c3d9de2f0c9288c04c6846f1979a285eac0b,study/artifacts/evaluation/endpoint/seed-1/n-17/chunk-000000.json.gz,unbalanced_bipartite,endpoint,17,1,31
endpoint/s1/n20/e0,aa845d8c47e152aa0224a62fd0c62b4558e660f8b2e173cdb62dc2f727e25a54,study/artifacts/evaluation/endpoint/seed-1/n-20/chunk-000000.json.gz,exact,endpoint,20,1,0
endpoint/s1/n20/e2,808ba9456d2a1e267ae016bea3e30d124fefccda4ca6478273d75772719fbdd7,study/artifacts/evaluation/endpoint/seed-1/n-20/chunk-000000.json.gz,nonbipartite,endpoint,20,1,2
endpoint/s1/n20/e3,fa8e92376d71f8685a65a24e4fdb0fb53f95b16ce14a4404559ef544174f90da,study/artifacts/evaluation/endpoint/seed-1/n-20/chunk-000000.json.gz,unbalanced_bipartite,endpoint,20,1,3
endpoint/s1/n23/e0,9365d5fa29e6e1519a140b690c990b197a68d50b7d393d7a7e856e7018afd584,study/artifacts/evaluation/endpoint/seed-1/n-23/chunk-000000.json.gz,nonbipartite,endpoint,23,1,0
endpoint/s1/n23/e1,c395b0f378e0736b9c8e69213165f7c4c6e7aef4a7676fcc7932edc28df27303,study/artifacts/evaluation/endpoint/seed-1/n-23/chunk-000000.json.gz,exact,endpoint,23,1,1
endpoint/s1/n24/e0,efbbb10f93e6e830d846c4f3807b7482ec5bac3f60f2418864e17c80b4a23e2b,study/artifacts/evaluation/endpoint/seed-1/n-24/chunk-000000.json.gz,nonbipartite,endpoint,24,1,0
endpoint/s1/n24/e1,b84aef730be1fadced0ed9b1762b5dd2b59d4162628d04a7c3a004c10c8ecb4c,study/artifacts/evaluation/endpoint/seed-1/n-24/chunk-000000.json.gz,exact,endpoint,24,1,1
endpoint/s1/n24/e3,3c1832a0afc6a39a2771b314af9bca396a430aeca4ad3a3658de4dbeafc62a7f,study/artifacts/evaluation/endpoint/seed-1/n-24/chunk-000000.json.gz,unbalanced_bipartite,endpoint,24,1,3
endpoint/s1/n25/e0,2ff136f740ae951d6d4cd24047cb76d70aa3718c8e3f756b1b015dbc2f562a5d,study/artifacts/evaluation/endpoint/seed-1/n-25/chunk-000000.json.gz,exact,endpoint,25,1,0
endpoint/s1/n25/e1,96d6974a4b237c990c30a34871792001c839c5fa0eee3f39a8eccc4f606c60e6,study/artifacts/evaluation/endpoint/seed-1/n-25/chunk-000000.json.gz,nonbipartite,endpoint,25,1,1
endpoint/s1/n25/e9,896938f677af7cee9aabc9043d8db119952ee39f11a5be04e8fc33ee8bdc81d6,study/artifacts/evaluation/endpoint/seed-1/n-25/chunk-000000.json.gz,unbalanced_bipartite,endpoint,25,1,9
endpoint/s1/n30/e0,2713a0376f91191b6ab026a6dfc4a32b6b44176e1ee241bee7c10f6809f4a77b,study/artifacts/evaluation/endpoint/seed-1/n-30/chunk-000000.json.gz,nonbipartite,endpoint,30,1,0
endpoint/s1/n30/e1,04a4864a64f2d78e4f7449d2a94ed4b13b74b7e946b4e709c4e5dbe44ff7f827,study/artifacts/evaluation/endpoint/seed-1/n-30/chunk-000000.json.gz,exact,endpoint,30,1,1
endpoint/s1/n30/e2,ed0900527e132c00f492aaedf5dd8fd600e5c3fbe5ba6779f430787716368700,study/artifacts/evaluation/endpoint/seed-1/n-30/chunk-000000.json.gz,unbalanced_bipartite,endpoint,30,1,2
endpoint/s1/n40/e0,4d6b5574e7ff716070ad0b294e23faa49bc011e16b84557b8f5f7395e493bef2,study/artifacts/evaluation/endpoint/seed-1/n-40/chunk-000000.json.gz,unbalanced_bipartite,endpoint,40,1,0
endpoint/s1/n40/e1,3e585e808c2cd57f45622615950af66b41976a257e5d163e7122ef6f7018d250,study/artifacts/evaluation/endpoint/seed-1/n-40/chunk-000000.json.gz,exact,endpoint,40,1,1
endpoint/s1/n40/e2,f68a948db6c0c83b2a53f08d8be1086d5eac53785e7c5424cf5bb09fe128e4e1,study/artifacts/evaluation/endpoint/seed-1/n-40/chunk-000000.json.gz,nonbipartite,endpoint,40,1,2
endpoint/s1/n6/e0,2de73f8139bec9b414607a62151e74055b7a1d2f1e98038329a9e54ccc1cba24,study/artifacts/evaluation/endpoint/seed-1/n-6/chunk-000000.json.gz,exact,endpoint,6,1,0
endpoint/s1/n7/e0,ae79dc62572ad00737afbb56cbde7920ae2b566b357671f191f14697b9920382,study/artifacts/evaluation/endpoint/seed-1/n-7/chunk-000000.json.gz,exact,endpoint,7,1,0
endpoint/s1/n8/e0,920a0ba391f035614d2db2aac9376d8e754be6d75cf26253df85da97c7d7e138,study/artifacts/evaluation/endpoint/seed-1/n-8/chunk-000000.json.gz,exact,endpoint,8,1,0
endpoint/s1/n8/e78,4efe1aac2a3494cabc78cc9da0fce8cd0cc81b2a4b5c4c8fdcf362101025c340,study/artifacts/evaluation/endpoint/seed-1/n-8/chunk-000064.json.gz,unbalanced_bipartite,endpoint,8,1,78
endpoint/s1/n9/e0,0dbb2ba1744d61f2680ca84e868c5ebfe46ba1d4a7606c1a3ef5450d4a1374dd,study/artifacts/evaluation/endpoint/seed-1/n-9/chunk-000000.json.gz,exact,endpoint,9,1,0
endpoint/s2/n10/e0,52f3d650415359808164a2a12ddf12b8ea0bf6b75fc3b8fb1fed594f4b60a32c,study/artifacts/evaluation/endpoint/seed-2/n-10/chunk-000000.json.gz,exact,endpoint,10,2,0
endpoint/s2/n10/e4,c467aaa6f270e27ec97b7831d43ccec154b7b1c88f901d2f41353fc33202ff55,study/artifacts/evaluation/endpoint/seed-2/n-10/chunk-000000.json.gz,nonbipartite,endpoint,10,2,4
endpoint/s2/n11/e0,ccc69c00f297719a9df9aff37922a4cbd98a5b12317679ef6aad8264e10033da,study/artifacts/evaluation/endpoint/seed-2/n-11/chunk-000000.json.gz,exact,endpoint,11,2,0
endpoint/s2/n11/e21,d7339538b8893cd58ebd46d47a6cb85401b725102905457fe0f81729585b0d52,study/artifacts/evaluation/endpoint/seed-2/n-11/chunk-000000.json.gz,nonbipartite,endpoint,11,2,21
endpoint/s2/n12/e0,0acc3c34595c83f0ab69bcf5953cfd2593a6f12366a9a647babc5e52a534e386,study/artifacts/evaluation/endpoint/seed-2/n-12/chunk-000000.json.gz,exact,endpoint,12,2,0
endpoint/s2/n12/e5,77fd0a5d42edf228e6fc13d0e08b609fed215dd85964bc30d261103b206f1d6b,study/artifacts/evaluation/endpoint/seed-2/n-12/chunk-000000.json.gz,nonbipartite,endpoint,12,2,5
endpoint/s2/n12/e31,14ec7a64852a473224fddcd07121b4b5187bcda1335f270ad111d0b9bafa51d5,study/artifacts/evaluation/endpoint/seed-2/n-12/chunk-000000.json.gz,unbalanced_bipartite,endpoint,12,2,31
endpoint/s2/n13/e0,96214613625f2f8cd9519f4865cc8ac748412a081fb1cc7a42881d485fe07626,study/artifacts/evaluation/endpoint/seed-2/n-13/chunk-000000.json.gz,exact,endpoint,13,2,0
endpoint/s2/n13/e4,54d5c79317ef10e93eb49d8f1afb7cd0002f1f142effeb7a6f8619f34eb9fe40,study/artifacts/evaluation/endpoint/seed-2/n-13/chunk-000000.json.gz,nonbipartite,endpoint,13,2,4
endpoint/s2/n14/e0,d78ba1dac6645200c0ade1b59c470fbd50da71d699c55d332297e55d366234a7,study/artifacts/evaluation/endpoint/seed-2/n-14/chunk-000000.json.gz,nonbipartite,endpoint,14,2,0
endpoint/s2/n14/e1,09285071d95dc5bc7b515d4de6d660bfa5bc7bda5e5eafffcafabfe2914b2a0a,study/artifacts/evaluation/endpoint/seed-2/n-14/chunk-000000.json.gz,exact,endpoint,14,2,1
endpoint/s2/n14/e8,aa2d56fe6b8766743ff906362e42b3e2182ced71430af1e9532b6a2d24c3f593,study/artifacts/evaluation/endpoint/seed-2/n-14/chunk-000000.json.gz,unbalanced_bipartite,endpoint,14,2,8
endpoint/s2/n15/e0,5ddc075fbbd4aaef560b544ff23fa5fde91310a951bb665ae4409688685f3c43,study/artifacts/evaluation/endpoint/seed-2/n-15/chunk-000000.json.gz,exact,endpoint,15,2,0
endpoint/s2/n15/e1,7f9c18dac66329256e87320d559fe165ce889117cc0b269b8871e643c805af8a,study/artifacts/evaluation/endpoint/seed-2/n-15/chunk-000000.json.gz,nonbipartite,endpoint,15,2,1
endpoint/s2/n16/e0,429d79de93dcb32f2428f5f24f17d65877e30163b765cc19384269c16d186b5d,study/artifacts/evaluation/endpoint/seed-2/n-16/chunk-000000.json.gz,exact,endpoint,16,2,0
endpoint/s2/n16/e1,cbbbee9eb68189b1b9fbfe908bcf4e89e9a18041b35a839cbed8335601329b87,study/artifacts/evaluation/endpoint/seed-2/n-16/chunk-000000.json.gz,nonbipartite,endpoint,16,2,1
endpoint/s2/n16/e5,7cb4b68ba440ba7b382334b6f96e701f08edfcf9576ca9c4998ee463dfe0724a,study/artifacts/evaluation/endpoint/seed-2/n-16/chunk-000000.json.gz,unbalanced_bipartite,endpoint,16,2,5
endpoint/s2/n17/e0,57a899a03a195d6b2116d6646b558f9c66f0ab795a6f6d3fd82c7cd4abb9eb66,study/artifacts/evaluation/endpoint/seed-2/n-17/chunk-000000.json.gz,exact,endpoint,17,2,0
endpoint/s2/n17/e4,111e4acdb5ecf69489a340fb5add414464d1b0bc5800cf73efc648b7c640af88,study/artifacts/evaluation/endpoint/seed-2/n-17/chunk-000000.json.gz,nonbipartite,endpoint,17,2,4
endpoint/s2/n20/e0,3b0c701331fe60db56609222fce8da03a971090eeeee5b95933679d19b1ae1d2,study/artifacts/evaluation/endpoint/seed-2/n-20/chunk-000000.json.gz,nonbipartite,endpoint,20,2,0
endpoint/s2/n20/e1,aa22da18f58e8415f48f014a067fa1bbb6ef63f2c4a0d4660aa296e5cd6e91a5,study/artifacts/evaluation/endpoint/seed-2/n-20/chunk-000000.json.gz,exact,endpoint,20,2,1
endpoint/s2/n20/e8,964473c0eb328c8991e17c4dc6f6322f1f5b09f529cb180eab26f2b8ccec0375,study/artifacts/evaluation/endpoint/seed-2/n-20/chunk-000000.json.gz,unbalanced_bipartite,endpoint,20,2,8
endpoint/s2/n23/e0,208bc443818c3259934d3ca77ba71e112b677156da2038e36c8c2cc10a9be900,study/artifacts/evaluation/endpoint/seed-2/n-23/chunk-000000.json.gz,nonbipartite,endpoint,23,2,0
endpoint/s2/n23/e1,ebc7ffb36086798635fa61319e74408c4f9315c3aeb22c8e64cbc52a7f8c13a8,study/artifacts/evaluation/endpoint/seed-2/n-23/chunk-000000.json.gz,exact,endpoint,23,2,1
endpoint/s2/n24/e0,088a2e47f605c9004402eac04e46eb567fa09dfe5493b777d866ca016eb00ec1,study/artifacts/evaluation/endpoint/seed-2/n-24/chunk-000000.json.gz,exact,endpoint,24,2,0
endpoint/s2/n24/e2,8a7362e2e742e6b80fc31cc39cc31e160ed8a3d0a6e2625a4f519b7042ea77f8,study/artifacts/evaluation/endpoint/seed-2/n-24/chunk-000000.json.gz,nonbipartite,endpoint,24,2,2
endpoint/s2/n24/e98,37d1c043727f892d12dc6d0104442d5a7e3aad0827a6447e2ae35040541ec840,study/artifacts/evaluation/endpoint/seed-2/n-24/chunk-000096.json.gz,unbalanced_bipartite,endpoint,24,2,98
endpoint/s2/n25/e0,0858da77e2ceff51e5b60b8cac876cc93a730fd8ebf2db93438f340fa770127e,study/artifacts/evaluation/endpoint/seed-2/n-25/chunk-000000.json.gz,exact,endpoint,25,2,0
endpoint/s2/n25/e2,1bc22ebcd81b05e3edca6c5afcb5b30f4997b9bac1c852d7484386cee1e51793,study/artifacts/evaluation/endpoint/seed-2/n-25/chunk-000000.json.gz,nonbipartite,endpoint,25,2,2
endpoint/s2/n30/e0,5c9adcd4a10c07de2bbfa9c298049283e87c03ff5c5afb28aa5a325eceadf233,study/artifacts/evaluation/endpoint/seed-2/n-30/chunk-000000.json.gz,nonbipartite,endpoint,30,2,0
endpoint/s2/n30/e4,66abdcff5539eb15664851538534e02dd86767940454d5d6e083a4fd084797ee,study/artifacts/evaluation/endpoint/seed-2/n-30/chunk-000000.json.gz,unbalanced_bipartite,endpoint,30,2,4
endpoint/s2/n30/e16,96d2a5b08a98abc0e9066605b4bebc23d403a80ca5f7d05d6efaf4570c820706,study/artifacts/evaluation/endpoint/seed-2/n-30/chunk-000000.json.gz,exact,endpoint,30,2,16
endpoint/s2/n40/e0,1d287cd4d3b7b187d67828fd8749d35797f655bd66f16cc8f63be3a00f3e0bc5,study/artifacts/evaluation/endpoint/seed-2/n-40/chunk-000000.json.gz,nonbipartite,endpoint,40,2,0
endpoint/s2/n40/e39,15f0f961d955167efbe2aaa890b0e3c08b8b4139cbcd8f2e5fa73e8275c72e5d,study/artifacts/evaluation/endpoint/seed-2/n-40/chunk-000032.json.gz,unbalanced_bipartite,endpoint,40,2,39
endpoint/s2/n40/e96,c63f8e44da5b8333611a812f750224c9a2e6a5d26a56f233c248911ec78c52e9,study/artifacts/evaluation/endpoint/seed-2/n-40/chunk-000096.json.gz,exact,endpoint,40,2,96
endpoint/s2/n6/e0,c5af337883d203b71c32392447c9d4bf463e1e6ff5f09e1b5be4b4c34f2cd98b,study/artifacts/evaluation/endpoint/seed-2/n-6/chunk-000000.json.gz,exact,endpoint,6,2,0
endpoint/s2/n7/e0,199c53e11c4f470c290df9b683ed3b5e02a88a39e830f904229c7c07d623ffcc,study/artifacts/evaluation/endpoint/seed-2/n-7/chunk-000000.json.gz,exact,endpoint,7,2,0
endpoint/s2/n7/e39,8cdcf93055d0534a13f4a0d82d208cec6bea8b6498f3598c36bae20cffe51332,study/artifacts/evaluation/endpoint/seed-2/n-7/chunk-000032.json.gz,nonbipartite,endpoint,7,2,39
endpoint/s2/n8/e0,f0f90bc92b240faeabfc6fb54a2cfdee916070da50d8f8ed7b1acb59a05417e8,study/artifacts/evaluation/endpoint/seed-2/n-8/chunk-000000.json.gz,exact,endpoint,8,2,0
endpoint/s2/n8/e62,14d5fdbfa4d20c221adf80cbfc0c9acc8553e05a826e2fde3bd4546a1d7adfb9,study/artifacts/evaluation/endpoint/seed-2/n-8/chunk-000032.json.gz,nonbipartite,endpoint,8,2,62
endpoint/s2/n8/e83,447682800273852bdfd99bd43fab84f5eafa99a6952152357d193adbb1c40f4e,study/artifacts/evaluation/endpoint/seed-2/n-8/chunk-000064.json.gz,unbalanced_bipartite,endpoint,8,2,83
endpoint/s2/n9/e0,80e725726173d520d680fef1279398ee79263fc5ff5e89d02f08094307ef0a0d,study/artifacts/evaluation/endpoint/seed-2/n-9/chunk-000000.json.gz,exact,endpoint,9,2,0
endpoint/s2/n9/e30,ef2828c023d3f5b70aa7f1c8d51c7410c24c0a6f7ec3bae4b9851bc9d4d9321a,study/artifacts/evaluation/endpoint/seed-2/n-9/chunk-000000.json.gz,nonbipartite,endpoint,9,2,30
endpoint/s3/n10/e0,94f4910920d0754b5e96a928520e8b1d87ca183d99ffe8eb46fa843da37dfa2f,study/artifacts/evaluation/endpoint/seed-3/n-10/chunk-000000.json.gz,exact,endpoint,10,3,0
endpoint/s3/n10/e35,5e77df3739b89c6d685d1d53290f3f4f3c2fe46f101f059828cba676d9b0b7c8,study/artifacts/evaluation/endpoint/seed-3/n-10/chunk-000032.json.gz,unbalanced_bipartite,endpoint,10,3,35
endpoint/s3/n10/e55,1bebe856a023726e97e68f41beb6db93a19b9f96473f46e3832502409323e971,study/artifacts/evaluation/endpoint/seed-3/n-10/chunk-000032.json.gz,nonbipartite,endpoint,10,3,55
endpoint/s3/n11/e0,cfc894dec4850a7b17f97d7d53eca34fb59981040887e82c9a2a0acd6e659f44,study/artifacts/evaluation/endpoint/seed-3/n-11/chunk-000000.json.gz,exact,endpoint,11,3,0
endpoint/s3/n11/e14,c18ec0f693a6a8acfc453c726bb4cdf0ad939ff52a4d5208447545620c929a35,study/artifacts/evaluation/endpoint/seed-3/n-11/chunk-000000.json.gz,nonbipartite,endpoint,11,3,14
endpoint/s3/n12/e0,4e8c037dc4c6f816227dff4fe8442ae6e55edde1efc87c58702abcd8f25485df,study/artifacts/evaluation/endpoint/seed-3/n-12/chunk-000000.json.gz,exact,endpoint,12,3,0
endpoint/s3/n12/e9,cbf4e0be8238736f40c77c2f550f7f346caaad13eb41d8e2e919756d7f37ceab,study/artifacts/evaluation/endpoint/seed-3/n-12/chunk-000000.json.gz,unbalanced_bipartite,endpoint,12,3,9
endpoint/s3/n12/e48,4da1192d8be45f658ca10074c4087ec5a7c125b8cdf0dbba855b218965e191ec,study/artifacts/evaluation/endpoint/seed-3/n-12/chunk-000032.json.gz,nonbipartite,endpoint,12,3,48
endpoint/s3/n13/e0,4673836d2b0a6d04cfdef7074ab10f14b5d5ef51a4e397a892375a2b86ffc42a,study/artifacts/evaluation/endpoint/seed-3/n-13/chunk-000000.json.gz,exact,endpoint,13,3,0
endpoint/s3/n13/e21,505b034857c641f5705402c1e5c583239e3f6a5aaa04a535def272d89a0798ce,study/artifacts/evaluation/endpoint/seed-3/n-13/chunk-000000.json.gz,nonbipartite,endpoint,13,3,21
endpoint/s3/n14/e0,c4b9d4fc308bf16b9c93c6a3af9ea47a29c4e027c097a5b1df2ba8827557b818,study/artifacts/evaluation/endpoint/seed-3/n-14/chunk-000000.json.gz,exact,endpoint,14,3,0
endpoint/s3/n14/e5,15c28561febdd382ee9f86b834e432558714e6faffeb14600aa6b019e7807bfb,study/artifacts/evaluation/endpoint/seed-3/n-14/chunk-000000.json.gz,unbalanced_bipartite,endpoint,14,3,5
endpoint/s3/n14/e12,7085d90d6019d002b2f44649fdb1c26edeb455dc3bb5378351b5e325fa050478,study/artifacts/evaluation/endpoint/seed-3/n-14/chunk-000000.json.gz,nonbipartite,endpoint,14,3,12
endpoint/s3/n15/e0,f3be38bbe5b7c892623b456e7cb1b2ff01a1824b862b96890975f68896c0971f,study/artifacts/evaluation/endpoint/seed-3/n-15/chunk-000000.json.gz,exact,endpoint,15,3,0
endpoint/s3/n15/e2,61bfcd85495974c69d9878514b2320bde9676e8c69fd0ad0bbac90d6380bef07,study/artifacts/evaluation/endpoint/seed-3/n-15/chunk-000000.json.gz,nonbipartite,endpoint,15,3,2
endpoint/s3/n16/e0,6ce58a32b907ff42e2f9faa7f8b8a96f63ea6cbf7d8751ffbf48534176e57773,study/artifacts/evaluation/endpoint/seed-3/n-16/chunk-000000.json.gz,exact,endpoint,16,3,0
endpoint/s3/n16/e2,6292f78017fb3937a10cc50467a85255c9f17a5b3bd1e4b9c1e79942e43389f0,study/artifacts/evaluation/endpoint/seed-3/n-16/chunk-000000.json.gz,unbalanced_bipartite,endpoint,16,3,2
endpoint/s3/n16/e5,61fdf239ba5c984820ec1aeb6dfdd592b5824ebc28ffea34bcb207534c3c71a3,study/artifacts/evaluation/endpoint/seed-3/n-16/chunk-000000.json.gz,nonbipartite,endpoint,16,3,5
endpoint/s3/n17/e0,60953506ab977a8a7f1fa98a72cb173200763c000d659d1b7eb3a2f864d68ebf,study/artifacts/evaluation/endpoint/seed-3/n-17/chunk-000000.json.gz,exact,endpoint,17,3,0
endpoint/s3/n17/e14,9bca6600367237714b07825c982d3b65a2d3066318264470dab4d5b5d19dfeed,study/artifacts/evaluation/endpoint/seed-3/n-17/chunk-000000.json.gz,nonbipartite,endpoint,17,3,14
endpoint/s3/n17/e34,5ee8842e27e6b9031934b68e6c7b1e69df73401756fd9fcdd8b8f4568f3bc4f0,study/artifacts/evaluation/endpoint/seed-3/n-17/chunk-000032.json.gz,unbalanced_bipartite,endpoint,17,3,34
endpoint/s3/n20/e0,ec1fc239e36bb2591cc37357bc1ff891b88adb0200cc4eadb83e6a3c2c2483fc,study/artifacts/evaluation/endpoint/seed-3/n-20/chunk-000000.json.gz,unbalanced_bipartite,endpoint,20,3,0
endpoint/s3/n20/e1,0ab38f928391bcde407ce46bb9d1f6d28dcdb2394ddc8015bf435ed67154fb7e,study/artifacts/evaluation/endpoint/seed-3/n-20/chunk-000000.json.gz,nonbipartite,endpoint,20,3,1
endpoint/s3/n20/e4,0a3eb0883dd80ded3bccd8e43fb9d65f24672062c0642bfc902ae04e4c7aa1f6,study/artifacts/evaluation/endpoint/seed-3/n-20/chunk-000000.json.gz,exact,endpoint,20,3,4
endpoint/s3/n23/e0,bfb9c8a6b721c92b33d2e744f0f5350c61f6aa6e3156482c9cc8fa25a5365a3c,study/artifacts/evaluation/endpoint/seed-3/n-23/chunk-000000.json.gz,nonbipartite,endpoint,23,3,0
endpoint/s3/n23/e1,31e49f8d04de5a30b934e876c14292da0da35ba5c0939044a518b71366abc125,study/artifacts/evaluation/endpoint/seed-3/n-23/chunk-000000.json.gz,exact,endpoint,23,3,1
endpoint/s3/n23/e55,5c7491c11c60101e8c3a5a7dce81bd4f49b88006eeff1bc6ce67b206d6f461be,study/artifacts/evaluation/endpoint/seed-3/n-23/chunk-000032.json.gz,unbalanced_bipartite,endpoint,23,3,55
endpoint/s3/n24/e0,0cfca21947eb6f2c514526f98069726451ab663aa4f1143802d66d2ae98a4514,study/artifacts/evaluation/endpoint/seed-3/n-24/chunk-000000.json.gz,nonbipartite,endpoint,24,3,0
endpoint/s3/n24/e1,dea32a6942b54a38396a78bf2e06fc6b8edcca02855f3475b7b8cb863a9791d0,study/artifacts/evaluation/endpoint/seed-3/n-24/chunk-000000.json.gz,unbalanced_bipartite,endpoint,24,3,1
endpoint/s3/n24/e9,928a45a39c73cee72d1cad3717ae5dfaa4acb993d31455456e749c4c701c32a9,study/artifacts/evaluation/endpoint/seed-3/n-24/chunk-000000.json.gz,exact,endpoint,24,3,9
endpoint/s3/n25/e0,6e19fb292c586079df86ac21fbd8f27deb97e7284adf88a61fff3d8f518dda7e,study/artifacts/evaluation/endpoint/seed-3/n-25/chunk-000000.json.gz,exact,endpoint,25,3,0
endpoint/s3/n25/e1,9302113075e7783c0d7f8caea9a06a7c45a5c37706633eb22965d1ff11227394,study/artifacts/evaluation/endpoint/seed-3/n-25/chunk-000000.json.gz,nonbipartite,endpoint,25,3,1
endpoint/s3/n25/e65,a424aacf54be5bee00dcad3f5034177a12f9eab5a4a1634afe08ecf78896f8e7,study/artifacts/evaluation/endpoint/seed-3/n-25/chunk-000064.json.gz,unbalanced_bipartite,endpoint,25,3,65
endpoint/s3/n30/e0,48d2c18360b981ac3264fb29431ebbd895d45bbbaa5f5ce1cfc679e8da0a4593,study/artifacts/evaluation/endpoint/seed-3/n-30/chunk-000000.json.gz,nonbipartite,endpoint,30,3,0
endpoint/s3/n30/e1,386c1d5619eebfbce5e649655a09a9947b54c7177873ff532d9ce64649f5cb05,study/artifacts/evaluation/endpoint/seed-3/n-30/chunk-000000.json.gz,exact,endpoint,30,3,1
endpoint/s3/n30/e3,a1fd6430494c1a62c1e8b81fbad746ff38005c42443bcad9b60289e67072eb2d,study/artifacts/evaluation/endpoint/seed-3/n-30/chunk-000000.json.gz,unbalanced_bipartite,endpoint,30,3,3
endpoint/s3/n40/e0,f171cdd4e494857c0c56d2da4aa597e0f722786f5c727098faec366ecd2a9380,study/artifacts/evaluation/endpoint/seed-3/n-40/chunk-000000.json.gz,nonbipartite,endpoint,40,3,0
endpoint/s3/n40/e5,98303cee5ea3b20476da6cf6b549f8957503ed1a5e0faf33fd1cfe37e0f98734,study/artifacts/evaluation/endpoint/seed-3/n-40/chunk-000000.json.gz,unbalanced_bipartite,endpoint,40,3,5
endpoint/s3/n40/e31,5e5456e367652690fd444295d1c969507948cc9727ba3597fbe1e5e12aeb5022,study/artifacts/evaluation/endpoint/seed-3/n-40/chunk-000000.json.gz,exact,endpoint,40,3,31
endpoint/s3/n6/e0,04d4445ebfbeebdb9aef4a24a1d4bd696fe0c83f7f331c18442fb1806495278e,study/artifacts/evaluation/endpoint/seed-3/n-6/chunk-000000.json.gz,exact,endpoint,6,3,0
endpoint/s3/n7/e0,ae79dc62572ad00737afbb56cbde7920ae2b566b357671f191f14697b9920382,study/artifacts/evaluation/endpoint/seed-3/n-7/chunk-000000.json.gz,exact,endpoint,7,3,0
endpoint/s3/n8/e0,4e3aaaa95d2764654a92f21e8e6cc759787266eebec3ee4d92db95a165a9a8ae,study/artifacts/evaluation/endpoint/seed-3/n-8/chunk-000000.json.gz,exact,endpoint,8,3,0
endpoint/s3/n8/e47,c683a3525eaf44a9f5286a2df96a6d37d3aa7ab63767ca2fec04538e22b5c2f3,study/artifacts/evaluation/endpoint/seed-3/n-8/chunk-000032.json.gz,unbalanced_bipartite,endpoint,8,3,47
endpoint/s3/n9/e0,56988dfc1f582eaab0776e6338cad01e6d4ba824bdfb04c0fdb172acdb14713b,study/artifacts/evaluation/endpoint/seed-3/n-9/chunk-000000.json.gz,exact,endpoint,9,3,0
endpoint/s3/n9/e98,c11c2ae7f01720efdc2ff0c053ef45d7615015fc8a2a4778f7fd547d02693bb2,study/artifacts/evaluation/endpoint/seed-3/n-9/chunk-000096.json.gz,nonbipartite,endpoint,9,3,98
endpoint/s4/n10/e0,8786464a9d29d241a079aec48a2da033f85e6fc1eea925f8b6ce24500d4a9807,study/artifacts/evaluation/endpoint/seed-4/n-10/chunk-000000.json.gz,exact,endpoint,10,4,0
endpoint/s4/n10/e1,c7193d141b9b73ddba9d988abfd064bfe692dc093619c47c16a434c3c36dec1f,study/artifacts/evaluation/endpoint/seed-4/n-10/chunk-000000.json.gz,unbalanced_bipartite,endpoint,10,4,1
endpoint/s4/n10/e4,e807c979fbe000c9831397098bfc75e5452cd1510d32466bac521c620e3b7112,study/artifacts/evaluation/endpoint/seed-4/n-10/chunk-000000.json.gz,nonbipartite,endpoint,10,4,4
endpoint/s4/n11/e0,2a390f8734227d61ce18c8d33d8221c47e0908947b30e59c0df49234ab55c7bd,study/artifacts/evaluation/endpoint/seed-4/n-11/chunk-000000.json.gz,exact,endpoint,11,4,0
endpoint/s4/n11/e29,8d81fb9d1b248397902ec8a35db2e199bd70f29d3360661b7bfee05c4d6249d5,study/artifacts/evaluation/endpoint/seed-4/n-11/chunk-000000.json.gz,nonbipartite,endpoint,11,4,29
endpoint/s4/n12/e0,2754dc1c3ac74e397dadc0e5da1d34df9087ae0171549697fc194e2ae1cc31d7,study/artifacts/evaluation/endpoint/seed-4/n-12/chunk-000000.json.gz,exact,endpoint,12,4,0
endpoint/s4/n12/e3,5d85a02a6651a0097ce5a7721fdfcc94ca0443894168c0b18bd2ed8920fefa60,study/artifacts/evaluation/endpoint/seed-4/n-12/chunk-000000.json.gz,unbalanced_bipartite,endpoint,12,4,3
endpoint/s4/n12/e51,603cd65d1093ce02aa55f3d72a5f943c6bf0bf13244d3a33e6380229f2b4d3f4,study/artifacts/evaluation/endpoint/seed-4/n-12/chunk-000032.json.gz,nonbipartite,endpoint,12,4,51
endpoint/s4/n13/e0,5d3c9a4e34eb032886b65f3a0089afe98ace973adbdfb458d89452bbc1bc66c2,study/artifacts/evaluation/endpoint/seed-4/n-13/chunk-000000.json.gz,nonbipartite,endpoint,13,4,0
endpoint/s4/n13/e1,c98ab08c65d932707e1d9069d13b606f02a621109a6d2c6dbe937ad2f6a3a489,study/artifacts/evaluation/endpoint/seed-4/n-13/chunk-000000.json.gz,exact,endpoint,13,4,1
endpoint/s4/n14/e0,6890fd13ca10ad24d8095fd82e1f1ea9e3ad7ee624f1254bb9ef361774c5de7a,study/artifacts/evaluation/endpoint/seed-4/n-14/chunk-000000.json.gz,exact,endpoint,14,4,0
endpoint/s4/n14/e3,0aeaa5ebf0bfc0773598078a0b6e22e342171b8ce67f97327362a3db6a83c7b8,study/artifacts/evaluation/endpoint/seed-4/n-14/chunk-000000.json.gz,unbalanced_bipartite,endpoint,14,4,3
endpoint/s4/n14/e53,9ed1e94a04dc9c542d15a18d588f722c623f6c0f9686f88df7fef96f39c98fe7,study/artifacts/evaluation/endpoint/seed-4/n-14/chunk-000032.json.gz,nonbipartite,endpoint,14,4,53
endpoint/s4/n15/e0,d6ea7a6a038a921ac092731fefe79d5b2e1ac5a79225a842dda39d315cb75885,study/artifacts/evaluation/endpoint/seed-4/n-15/chunk-000000.json.gz,exact,endpoint,15,4,0
endpoint/s4/n15/e9,57482e0f915803a78c63d4de4d6c07196333f8995e4e49bfb7f5c1add88bd9e5,study/artifacts/evaluation/endpoint/seed-4/n-15/chunk-000000.json.gz,nonbipartite,endpoint,15,4,9
endpoint/s4/n15/e43,dfce55c9ba1f2deb350adb4114cc4d5cb4c3a2629f654cc88dac78a2484cf5de,study/artifacts/evaluation/endpoint/seed-4/n-15/chunk-000032.json.gz,unbalanced_bipartite,endpoint,15,4,43
endpoint/s4/n16/e0,c78868e151bb5820cbe0d8820212cac59ea5b11b53094bdd8e2569d50ce35957,study/artifacts/evaluation/endpoint/seed-4/n-16/chunk-000000.json.gz,exact,endpoint,16,4,0
endpoint/s4/n16/e4,49241c91a94fe77dc9f152fadebe118efa5351797f03f128806e725d5c9523db,study/artifacts/evaluation/endpoint/seed-4/n-16/chunk-000000.json.gz,unbalanced_bipartite,endpoint,16,4,4
endpoint/s4/n16/e10,12415a91ef3f7095a56d553bb7ec03f66191eaece34dc60406795030d35e8cf4,study/artifacts/evaluation/endpoint/seed-4/n-16/chunk-000000.json.gz,nonbipartite,endpoint,16,4,10
endpoint/s4/n17/e0,3c1a5543c9f630cd1dd7ac1c0fa89384efca2566d09babd75695fc9f630cff5c,study/artifacts/evaluation/endpoint/seed-4/n-17/chunk-000000.json.gz,exact,endpoint,17,4,0
endpoint/s4/n17/e14,6cdeaae86f9ab889f63cc1294185df5f74c85ce754c8e05a3eca5cd8ffc080c9,study/artifacts/evaluation/endpoint/seed-4/n-17/chunk-000000.json.gz,nonbipartite,endpoint,17,4,14
endpoint/s4/n20/e0,bdcbaa6e1c27f8fc426df543c2a47cee49d240ea0810595b3055d81f720a6a54,study/artifacts/evaluation/endpoint/seed-4/n-20/chunk-000000.json.gz,exact,endpoint,20,4,0
endpoint/s4/n20/e1,989b25969ebae700513bb0e8f0a9691ddab564206e82a07d266ace04a4c3f820,study/artifacts/evaluation/endpoint/seed-4/n-20/chunk-000000.json.gz,unbalanced_bipartite,endpoint,20,4,1
endpoint/s4/n20/e7,31b9a75577a84bcb52e94a258681d6e75f50908a52cdb7884b4ab70e3b173274,study/artifacts/evaluation/endpoint/seed-4/n-20/chunk-000000.json.gz,nonbipartite,endpoint,20,4,7
endpoint/s4/n23/e0,011fae42234067a3eabd5d415101ae38e49005e33a8937cb1271f0992e754410,study/artifacts/evaluation/endpoint/seed-4/n-23/chunk-000000.json.gz,nonbipartite,endpoint,23,4,0
endpoint/s4/n23/e1,f17c0cf7d3c96d3b92fc375d48e3b22b601317e70c05da085892ee338ea8f8bf,study/artifacts/evaluation/endpoint/seed-4/n-23/chunk-000000.json.gz,exact,endpoint,23,4,1
endpoint/s4/n23/e28,2adcb5062787456ae46f90e910a5615bd750494c90dc0155ac6a11ae075bf4c3,study/artifacts/evaluation/endpoint/seed-4/n-23/chunk-000000.json.gz,unbalanced_bipartite,endpoint,23,4,28
endpoint/s4/n24/e0,cfa5b54d7b154d9074d8c8a9bf398ab377b78d8efe6c42aa5c20763858700687,study/artifacts/evaluation/endpoint/seed-4/n-24/chunk-000000.json.gz,nonbipartite,endpoint,24,4,0
endpoint/s4/n24/e2,378d6efd0d4746b0dbb2beb74803436456bbf3cdb2c25386a0fa80885fca28f4,study/artifacts/evaluation/endpoint/seed-4/n-24/chunk-000000.json.gz,exact,endpoint,24,4,2
endpoint/s4/n24/e5,784550999be6cf5c7053823f36ecce15bafbd0a3850380de6bd042f9f74a10cc,study/artifacts/evaluation/endpoint/seed-4/n-24/chunk-000000.json.gz,unbalanced_bipartite,endpoint,24,4,5
endpoint/s4/n25/e0,74c4ce464dc2840b1ebc5ed2ad6a2c4eb05470711f4c3a53c01f5440edf13fa3,study/artifacts/evaluation/endpoint/seed-4/n-25/chunk-000000.json.gz,nonbipartite,endpoint,25,4,0
endpoint/s4/n25/e1,e80a1ad25efaa2aa635287fabe2d5fa3035504ead9ea142e1980b656879a82aa,study/artifacts/evaluation/endpoint/seed-4/n-25/chunk-000000.json.gz,exact,endpoint,25,4,1
endpoint/s4/n25/e10,5fa91d56420e7bbda2711a5f841b6089edee733234153bd41968a8180941c31c,study/artifacts/evaluation/endpoint/seed-4/n-25/chunk-000000.json.gz,unbalanced_bipartite,endpoint,25,4,10
endpoint/s4/n30/e0,f469447389ec943e7fe07406c4be19a3da6d885b24888cb18b88856e78359ca3,study/artifacts/evaluation/endpoint/seed-4/n-30/chunk-000000.json.gz,nonbipartite,endpoint,30,4,0
endpoint/s4/n30/e2,2eae7427435a7b904ade0af83fb9485314979b0f7fc02b6698215dbab607e685,study/artifacts/evaluation/endpoint/seed-4/n-30/chunk-000000.json.gz,unbalanced_bipartite,endpoint,30,4,2
endpoint/s4/n30/e6,bca021719d08c2b0193db0b60fafdc5290d8fc8a7ac80b2d0035ca32b4eaf6e5,study/artifacts/evaluation/endpoint/seed-4/n-30/chunk-000000.json.gz,exact,endpoint,30,4,6
endpoint/s4/n40/e0,2573cb90e993c81545282efc42493d133095c68853eafec212640b0c8e6ceb6e,study/artifacts/evaluation/endpoint/seed-4/n-40/chunk-000000.json.gz,nonbipartite,endpoint,40,4,0
endpoint/s4/n40/e3,ad4a60ea64823ebd0b52e270d0250cec5c6a262cb18b6646e2eae94a4043d9a8,study/artifacts/evaluation/endpoint/seed-4/n-40/chunk-000000.json.gz,unbalanced_bipartite,endpoint,40,4,3
endpoint/s4/n40/e20,c5591cbbd5ac56344665332f61e3f40dca4d46e5c9717daa39d24ca1e816ed85,study/artifacts/evaluation/endpoint/seed-4/n-40/chunk-000000.json.gz,exact,endpoint,40,4,20
endpoint/s4/n6/e0,688b2e0e642beefd197508c296aa64cd59c2e19411fa3f999e1dca65873b1e18,study/artifacts/evaluation/endpoint/seed-4/n-6/chunk-000000.json.gz,exact,endpoint,6,4,0
endpoint/s4/n7/e0,dc91eef2d29f80c06d5186a8e527f9867aba7690c2d3d5107a933f9427be7f90,study/artifacts/evaluation/endpoint/seed-4/n-7/chunk-000000.json.gz,exact,endpoint,7,4,0
endpoint/s4/n8/e0,b882bf4dc9d038643a726959e01011ea11120cea0bf95c2ae97fa85fd4e71776,study/artifacts/evaluation/endpoint/seed-4/n-8/chunk-000000.json.gz,exact,endpoint,8,4,0
endpoint/s4/n8/e18,e061b7af6ecbf5f01a7ef667bf83cdfeb3c990e85ab5364d2c310f07ac35100c,study/artifacts/evaluation/endpoint/seed-4/n-8/chunk-000000.json.gz,unbalanced_bipartite,endpoint,8,4,18
endpoint/s4/n8/e54,3a5f572e78b5d6c569cebe8b74edc6234ed57e0575500957c84add0275f0b96e,study/artifacts/evaluation/endpoint/seed-4/n-8/chunk-000032.json.gz,nonbipartite,endpoint,8,4,54
endpoint/s4/n9/e0,f9873e798fcee5b0ee494ecff1a3125a81c77b180a0fc7879e6fb8eacfab5ef2,study/artifacts/evaluation/endpoint/seed-4/n-9/chunk-000000.json.gz,exact,endpoint,9,4,0
gnn/s0/n10/e0,542cb7fddf570c881213548445ffa5fbdb27cef7dc3fd65c4a6a157bcf203ea7,study/artifacts/evaluation/gnn/seed-0/n-10/chunk-000000.json.gz,exact,gnn,10,0,0
gnn/s0/n10/e14,b64a4a86ee881cfcfac613a0befb6693fe9cc3379be736efdf905766eb5fb007,study/artifacts/evaluation/gnn/seed-0/n-10/chunk-000000.json.gz,nonbipartite,gnn,10,0,14
gnn/s0/n11/e0,64fcb8acd2250697937d8e11cd9be912965c3f07888cce1beca78891fa8c8918,study/artifacts/evaluation/gnn/seed-0/n-11/chunk-000000.json.gz,exact,gnn,11,0,0
gnn/s0/n11/e9,5084283e2fd072e8aeae7a68927f8ec717a1136ff6de413953181f2d90c2b194,study/artifacts/evaluation/gnn/seed-0/n-11/chunk-000000.json.gz,nonbipartite,gnn,11,0,9
gnn/s0/n12/e0,49f05155d5616b07287394365af5b7ee941444214e501f91002cabff7c944744,study/artifacts/evaluation/gnn/seed-0/n-12/chunk-000000.json.gz,exact,gnn,12,0,0
gnn/s0/n12/e21,1c2f19d266bd5f73d62b564d7926a19a2d73fc218d2feeed6de49d75f4bf0303,study/artifacts/evaluation/gnn/seed-0/n-12/chunk-000000.json.gz,nonbipartite,gnn,12,0,21
gnn/s0/n12/e80,b0257279a3ca30797335e7e126dd21072bcad404a72f0ec161701e492e0f7ad5,study/artifacts/evaluation/gnn/seed-0/n-12/chunk-000064.json.gz,unbalanced_bipartite,gnn,12,0,80
gnn/s0/n13/e0,e57a87295bc42ed2a92e46c5b72dffbc091e17ad308787b4e4bd667dd68e78ab,study/artifacts/evaluation/gnn/seed-0/n-13/chunk-000000.json.gz,exact,gnn,13,0,0
gnn/s0/n13/e15,8bdd0c70c56e662e66b559c95af94e163a3b06148803d4e4b20b0cf9897e9b09,study/artifacts/evaluation/gnn/seed-0/n-13/chunk-000000.json.gz,nonbipartite,gnn,13,0,15
gnn/s0/n14/e0,53ba7cbbd921b422e88e133fad0d3e4f84f81a0d5e9c0ab3cdb98918ea929ce2,study/artifacts/evaluation/gnn/seed-0/n-14/chunk-000000.json.gz,exact,gnn,14,0,0
gnn/s0/n14/e1,76004d5c15e588f1abe03c5d5d9dc3be644a31f6da418d3b9a12015fe05a1549,study/artifacts/evaluation/gnn/seed-0/n-14/chunk-000000.json.gz,nonbipartite,gnn,14,0,1
gnn/s0/n14/e90,14ef3ae1d29965cb18df928537545642222e304eae58c3c7f7c14d3cb89af387,study/artifacts/evaluation/gnn/seed-0/n-14/chunk-000064.json.gz,unbalanced_bipartite,gnn,14,0,90
gnn/s0/n15/e0,20dbbee8721140792014be97d158f3969bc9bc8c9eb3a95bb82e7a1246f3a49f,study/artifacts/evaluation/gnn/seed-0/n-15/chunk-000000.json.gz,exact,gnn,15,0,0
gnn/s0/n15/e2,42e1f149302eec7553b440ec0b852a9056e552f44bd23a220e874661d8b3604d,study/artifacts/evaluation/gnn/seed-0/n-15/chunk-000000.json.gz,nonbipartite,gnn,15,0,2
gnn/s0/n16/e0,331069d981f2c3a144e28a5f90650b889844e3295beabbee283f9626f3dd0a78,study/artifacts/evaluation/gnn/seed-0/n-16/chunk-000000.json.gz,nonbipartite,gnn,16,0,0
gnn/s0/n16/e1,a529a7f38c283e0e65ddfc2c9de84a0163b4b3e18e19d5644a051178a39be630,study/artifacts/evaluation/gnn/seed-0/n-16/chunk-000000.json.gz,exact,gnn,16,0,1
gnn/s0/n16/e21,c84fbfc97f04557b02352117e11563e2be873bdfeaba0c81bc06269154cfbaba,study/artifacts/evaluation/gnn/seed-0/n-16/chunk-000000.json.gz,unbalanced_bipartite,gnn,16,0,21
gnn/s0/n17/e0,5fa1e931cfe1df81537908b6ef59fd20f13799082635944c13ba8016b2b8c72a,study/artifacts/evaluation/gnn/seed-0/n-17/chunk-000000.json.gz,exact,gnn,17,0,0
gnn/s0/n17/e2,d5a8bc075f372883d9f446a2274367459b06ffd7c4c41f71995732fd09ce530a,study/artifacts/evaluation/gnn/seed-0/n-17/chunk-000000.json.gz,nonbipartite,gnn,17,0,2
gnn/s0/n20/e0,7db79b0a4b0fab83f9bcd2138508ee13ea5a3a2cb3fa17851110ce8ee1589be8,study/artifacts/evaluation/gnn/seed-0/n-20/chunk-000000.json.gz,nonbipartite,gnn,20,0,0
gnn/s0/n20/e1,f7cbdbb6191b4d516136535b161e75d6331c573f41ac6720507442784bea133a,study/artifacts/evaluation/gnn/seed-0/n-20/chunk-000000.json.gz,exact,gnn,20,0,1
gnn/s0/n20/e42,bfb37160c77d30a88477b1cbf0bd7c9409149878efa2aee6409b7bcc974ff563,study/artifacts/evaluation/gnn/seed-0/n-20/chunk-000032.json.gz,unbalanced_bipartite,gnn,20,0,42
gnn/s0/n23/e0,d9dd4114287865aeff82a2b204cdcdfe66aefb541737250d1614eb413285167b,study/artifacts/evaluation/gnn/seed-0/n-23/chunk-000000.json.gz,nonbipartite,gnn,23,0,0
gnn/s0/n23/e3,bcdc1377d5a95c83ec39f5386418660b540cac6751ebb6cdb9672dffc448be0e,study/artifacts/evaluation/gnn/seed-0/n-23/chunk-000000.json.gz,exact,gnn,23,0,3
gnn/s0/n24/e0,e42747316d4e80152d395bc615ec441baa2979984583058a5f711fbee1c1eaa8,study/artifacts/evaluation/gnn/seed-0/n-24/chunk-000000.json.gz,exact,gnn,24,0,0
gnn/s0/n24/e1,adbfe35191e4e9f2c439ac1b90c6fa3eb8dd964f8ccf62474a77dadd4d8e1c3f,study/artifacts/evaluation/gnn/seed-0/n-24/chunk-000000.json.gz,nonbipartite,gnn,24,0,1
gnn/s0/n24/e17,cccd802672e35c72f5e2feadc95046ec54c748acbfebab09b552cebfc83c1db2,study/artifacts/evaluation/gnn/seed-0/n-24/chunk-000000.json.gz,unbalanced_bipartite,gnn,24,0,17
gnn/s0/n25/e0,ce4ce3004ecb50816ea424c86028bd9532e346fe76767758803d5a2c3b54c831,study/artifacts/evaluation/gnn/seed-0/n-25/chunk-000000.json.gz,exact,gnn,25,0,0
gnn/s0/n25/e1,6b277091239b905b492bdfef4b392a7960c2b156c9bb80230f194084e1e5731b,study/artifacts/evaluation/gnn/seed-0/n-25/chunk-000000.json.gz,nonbipartite,gnn,25,0,1
gnn/s0/n30/e0,37e33603ce64b9a1756c97c93a76dca3e93d6ccd37e1312a6f1e079ca1999676,study/artifacts/evaluation/gnn/seed-0/n-30/chunk-000000.json.gz,nonbipartite,gnn,30,0,0
gnn/s0/n30/e4,92199340ace4c1a92280cc1d5cac43cac63952d037f239bedb276acbe763ee48,study/artifacts/evaluation/gnn/seed-0/n-30/chunk-000000.json.gz,unbalanced_bipartite,gnn,30,0,4
gnn/s0/n30/e24,33406061a49923b5d1663c99a769483522e04168f751742b9fc7c39f3251ce06,study/artifacts/evaluation/gnn/seed-0/n-30/chunk-000000.json.gz,exact,gnn,30,0,24
gnn/s0/n40/e0,7955299018662bd40ed6b8ebfce79677e01d60947d7c33ba62d13e9487fc75bc,study/artifacts/evaluation/gnn/seed-0/n-40/chunk-000000.json.gz,nonbipartite,gnn,40,0,0
gnn/s0/n40/e32,3c54c0d0b7ac68e6e74b36ce0d5eaca23aeabfc951e178bf3178429a6d1fda97,study/artifacts/evaluation/gnn/seed-0/n-40/chunk-000032.json.gz,exact,gnn,40,0,32
gnn/s0/n6/e0,688b2e0e642beefd197508c296aa64cd59c2e19411fa3f999e1dca65873b1e18,study/artifacts/evaluation/gnn/seed-0/n-6/chunk-000000.json.gz,exact,gnn,6,0,0
gnn/s0/n7/e0,6a5c16b53616cb8c3ae9f531cd13b45936cb94db09f362f5cad264efa4bec65d,study/artifacts/evaluation/gnn/seed-0/n-7/chunk-000000.json.gz,exact,gnn,7,0,0
gnn/s0/n7/e73,ad5cae623f43fbd6cd16a0efe87cffbd564d24b086da5142339487333e516c88,study/artifacts/evaluation/gnn/seed-0/n-7/chunk-000064.json.gz,nonbipartite,gnn,7,0,73
gnn/s0/n8/e0,9b9ed460656cbde4927d72319d8acdb854561b9254cca05e780e7e37d4d089c4,study/artifacts/evaluation/gnn/seed-0/n-8/chunk-000000.json.gz,exact,gnn,8,0,0
gnn/s0/n9/e0,196dc7ba0929df06b92ffdc1608dfa0d5f66e053d9177f13c2745ac52f4ed0ce,study/artifacts/evaluation/gnn/seed-0/n-9/chunk-000000.json.gz,exact,gnn,9,0,0
gnn/s0/n9/e79,02a328bf447a31b6de65b65d6ad55740652d753b8430dfe30b4edb4a1fb8ef1a,study/artifacts/evaluation/gnn/seed-0/n-9/chunk-000064.json.gz,nonbipartite,gnn,9,0,79
gnn/s1/n10/e0,0e15a4763aac11751edd762ef59e1a499892dd1806967bf9d3a9f62b3dca6420,study/artifacts/evaluation/gnn/seed-1/n-10/chunk-000000.json.gz,exact,gnn,10,1,0
gnn/s1/n10/e60,56581eb09328d13e4964970b111372ea5cebc0153121ce1cee30dc37b064fa27,study/artifacts/evaluation/gnn/seed-1/n-10/chunk-000032.json.gz,nonbipartite,gnn,10,1,60
gnn/s1/n11/e0,66fbd7efe2696996dba451cf5d9430f1235774776af3d4c2024b582f2a7ab76d,study/artifacts/evaluation/gnn/seed-1/n-11/chunk-000000.json.gz,exact,gnn,11,1,0
gnn/s1/n12/e0,410bb07ca6d09ee5413fe9e0b3799f2a06e7f6ab65a602410eab5d1ac2e3e86a,study/artifacts/evaluation/gnn/seed-1/n-12/chunk-000000.json.gz,exact,gnn,12,1,0
gnn/s1/n12/e20,dbd3eca01b4c911c760ca48f44e728a25fcfda958e8cbb56441afb7c15aa68c8,study/artifacts/evaluation/gnn/seed-1/n-12/chunk-000000.json.gz,nonbipartite,gnn,12,1,20
gnn/s1/n13/e0,7be788bb036442075fe14695f3e4fae021b5aa0c8d4c80f17c8cc8b6fe10d6f8,study/artifacts/evaluation/gnn/seed-1/n-13/chunk-000000.json.gz,exact,gnn,13,1,0
gnn/s1/n13/e47,c575596025de8c3c2c45282a15b123121b5c331dfed8863ffe15aac4ff0d0626,study/artifacts/evaluation/gnn/seed-1/n-13/chunk-000032.json.gz,nonbipartite,gnn,13,1,47
gnn/s1/n14/e0,d6f205c3165f2f7d3374e663d207f51c7019ee9e9431fe190b0a0a22ab81ad61,study/artifacts/evaluation/gnn/seed-1/n-14/chunk-000000.json.gz,exact,gnn,14,1,0
gnn/s1/n14/e17,6031372ba195b72b40cb924facdbac2343b10c0ad0c56ccda0fe0f7e29a2ba99,study/artifacts/evaluation/gnn/seed-1/n-14/chunk-000000.json.gz,nonbipartite,gnn,14,1,17
gnn/s1/n15/e0,a2a78bfab63a25381e1892654a00c6c270cdfff4750b27810c9ace48be16f101,study/artifacts/evaluation/gnn/seed-1/n-15/chunk-000000.json.gz,exact,gnn,15,1,0
gnn/s1/n15/e40,dc33e88bf6b4b9240ad1f1591cc8003a36dbcd1f1c8586757064c935f673d5df,study/artifacts/evaluation/gnn/seed-1/n-15/chunk-000032.json.gz,nonbipartite,gnn,15,1,40
gnn/s1/n16/e0,c6a8f6b3415562c62104fa9c33c1f03c68cba49a13ff7e745ea9382a31ce57f3,study/artifacts/evaluation/gnn/seed-1/n-16/chunk-000000.json.gz,exact,gnn,16,1,0
gnn/s1/n16/e13,abe26c10dc9917bf8dc23a9bce1cb7b2b50d7e904f1e6855a07ff3aa058bfe3b,study/artifacts/evaluation/gnn/seed-1/n-16/chunk-000000.json.gz,nonbipartite,gnn,16,1,13
gnn/s1/n17/e0,1c35f6b670e2560169acd6bd7fd0ec572fbef5818cce342ce8fab257fac96e9e,study/artifacts/evaluation/gnn/seed-1/n-17/chunk-000000.json.gz,exact,gnn,17,1,0
gnn/s1/n17/e8,2e8313063412de0b9a64774f22d4aadd807895beec954404bcb47fe1753e6f34,study/artifacts/evaluation/gnn/seed-1/n-17/chunk-000000.json.gz,nonbipartite,gnn,17,1,8
gnn/s1/n20/e0,a483b8df5ef1e3656177a3e92ec161e2b661818b2136d2a47247ea9a76cecf17,study/artifacts/evaluation/gnn/seed-1/n-20/chunk-000000.json.gz,exact,gnn,20,1,0
gnn/s1/n20/e1,8c92d4b1f48e4feb85dc0670b507f07270cd33a19a27b3f7a4f2dd6e6df2ad66,study/artifacts/evaluation/gnn/seed-1/n-20/chunk-000000.json.gz,nonbipartite,gnn,20,1,1
gnn/s1/n20/e69,28d1563ec673ce5753daae72c6d26c9117db8f577f8346aac19702164af58f4a,study/artifacts/evaluation/gnn/seed-1/n-20/chunk-000064.json.gz,unbalanced_bipartite,gnn,20,1,69
gnn/s1/n23/e0,32dff8bedb1e973e8ca003ca105ef8948c050045f77e374950381986c3ee8782,study/artifacts/evaluation/gnn/seed-1/n-23/chunk-000000.json.gz,exact,gnn,23,1,0
gnn/s1/n23/e5,1c868d2205f6a5511f032c631c0eb8c7ccf2b3d93bd4b4313aac08879f4e604e,study/artifacts/evaluation/gnn/seed-1/n-23/chunk-000000.json.gz,nonbipartite,gnn,23,1,5
gnn/s1/n24/e0,3f69bd35368675d17de74b9737ecf62e02f7204186ae06ec604180acb8eb4e85,study/artifacts/evaluation/gnn/seed-1/n-24/chunk-000000.json.gz,exact,gnn,24,1,0
gnn/s1/n24/e1,7fe74ce8fdcc6e59e7abee68d920d40ba6e279efa45db6778589049c0bdf98fe,study/artifacts/evaluation/gnn/seed-1/n-24/chunk-000000.json.gz,nonbipartite,gnn,24,1,1
gnn/s1/n24/e52,51438c4ecde0a0b50454b6dce7c099abf91e0896d82f4c3851d7eea05c5c8c87,study/artifacts/evaluation/gnn/seed-1/n-24/chunk-000032.json.gz,unbalanced_bipartite,gnn,24,1,52
gnn/s1/n25/e0,78b00f60c205b736d4ad01158fc2f269ce8e64eef34d57287b5976330e2d10f0,study/artifacts/evaluation/gnn/seed-1/n-25/chunk-000000.json.gz,exact,gnn,25,1,0
gnn/s1/n25/e3,0b26b518dffaebcebd570f957a0dd67183c4db76f9a80a12346225a6090e815d,study/artifacts/evaluation/gnn/seed-1/n-25/chunk-000000.json.gz,nonbipartite,gnn,25,1,3
gnn/s1/n30/e0,06df62dcf45e0d5e1328949d88fcc426997bf54969ef8a727c08cc8cb8fb57e1,study/artifacts/evaluation/gnn/seed-1/n-30/chunk-000000.json.gz,nonbipartite,gnn,30,1,0
gnn/s1/n30/e9,c1ab582e9c68768c826aae31dd0d8f69e8e1ede8a76560b19d506519e904bebf,study/artifacts/evaluation/gnn/seed-1/n-30/chunk-000000.json.gz,exact,gnn,30,1,9
gnn/s1/n30/e82,e574a83d2116bd47f30103021d35853c8e6312dff34f2999e0d7efbf28318608,study/artifacts/evaluation/gnn/seed-1/n-30/chunk-000064.json.gz,unbalanced_bipartite,gnn,30,1,82
gnn/s1/n40/e0,7c566a6631e7f5e2f3473eef1b0b73413fc6d8953ed0de1597b4ee8158b52423,study/artifacts/evaluation/gnn/seed-1/n-40/chunk-000000.json.gz,nonbipartite,gnn,40,1,0
gnn/s1/n40/e4,d2f60a04164c59594115eb2a8debe7c4b3cd16e116fae54694814d3fe7d64df8,study/artifacts/evaluation/gnn/seed-1/n-40/chunk-000000.json.gz,exact,gnn,40,1,4
gnn/s1/n40/e16,604edeb6263209a63999820e044b5df2320f2451445b52979304a91fcda163db,study/artifacts/evaluation/gnn/seed-1/n-40/chunk-000000.json.gz,unbalanced_bipartite,gnn,40,1,16
gnn/s1/n6/e0,688b2e0e642beefd197508c296aa64cd59c2e19411fa3f999e1dca65873b1e18,study/artifacts/evaluation/gnn/seed-1/n-6/chunk-000000.json.gz,exact,gnn,6,1,0
gnn/s1/n7/e0,15b9eff5b03b1b964bc6d267fc7741f1dc0f67b44306c45f809e05126e683080,study/artifacts/evaluation/gnn/seed-1/n-7/chunk-000000.json.gz,exact,gnn,7,1,0
gnn/s1/n8/e0,fe9206273b1363cb3e8904adfcd046de094b508006aa401ce7af8f36fbd60c54,study/artifacts/evaluation/gnn/seed-1/n-8/chunk-000000.json.gz,exact,gnn,8,1,0
gnn/s1/n9/e0,ede48aa900ef1557e6fed93fa3b12e0ad9efa1f7932e3819be62d6eff57badc6,study/artifacts/evaluation/gnn/seed-1/n-9/chunk-000000.json.gz,exact,gnn,9,1,0
gnn/s2/n10/e0,e5450015cb8a7ab2d5374281e116f1404215884b7bced8c681c09bff086a1eaa,study/artifacts/evaluation/gnn/seed-2/n-10/chunk-000000.json.gz,exact,gnn,10,2,0
gnn/s2/n10/e24,cc9785228006f57f3146293aeb5a7a613b99338a7f1c6b164c49780c70baebb0,study/artifacts/evaluation/gnn/seed-2/n-10/chunk-000000.json.gz,nonbipartite,gnn,10,2,24
gnn/s2/n11/e0,3609b674ded0255d773f7aff20efe0f15ae82758ae2395962f65d453e8caafab,study/artifacts/evaluation/gnn/seed-2/n-11/chunk-000000.json.gz,exact,gnn,11,2,0
gnn/s2/n11/e31,013081aa8af8ec5514f98137434b24bbea1581fda7289cf38b2ab0dc5b820ece,study/artifacts/evaluation/gnn/seed-2/n-11/chunk-000000.json.gz,nonbipartite,gnn,11,2,31
gnn/s2/n12/e0,17679c3b944edac2fae024a1e5a1d5a04c013a9871e9bde23fa08f07afa7b52a,study/artifacts/evaluation/gnn/seed-2/n-12/chunk-000000.json.gz,exact,gnn,12,2,0
gnn/s2/n12/e7,aa03ac0c7dc89a517f817a599edfa3efaa471bfda050d6f6c78d0fb1088a6703,study/artifacts/evaluation/gnn/seed-2/n-12/chunk-000000.json.gz,nonbipartite,gnn,12,2,7
gnn/s2/n13/e0,10316ce3321ed0596f3f9bd2c18f5793d05e6176d983c49e7dacb357039b39a7,study/artifacts/evaluation/gnn/seed-2/n-13/chunk-000000.json.gz,exact,gnn,13,2,0
gnn/s2/n13/e6,5aba38a46b9f4914d4716db01a928893eb6ee72241db89f90bdb80f8e633d310,study/artifacts/evaluation/gnn/seed-2/n-13/chunk-000000.json.gz,nonbipartite,gnn,13,2,6
gnn/s2/n14/e0,9f3879342e8a33f479a67c6c8630c9db63371fc4b28b8eb53abb67edd5ce19a4,study/artifacts/evaluation/gnn/seed-2/n-14/chunk-000000.json.gz,exact,gnn,14,2,0
gnn/s2/n14/e31,08a46af0b47122745f92bb1d1c415d6603987119b2d6f03cbf86b3f934cb40f0,study/artifacts/evaluation/gnn/seed-2/n-14/chunk-000000.json.gz,nonbipartite,gnn,14,2,31
gnn/s2/n14/e57,fb50b027485de89d028ee9e83090e42037207321491e45b2b56825516ac4b4a4,study/artifacts/evaluation/gnn/seed-2/n-14/chunk-000032.json.gz,unbalanced_bipartite,gnn,14,2,57
gnn/s2/n15/e0,e0f69447faf07912ca9fb3b75fd98e2c04a09bd5ff5b653328e1daedc34765a6,study/artifacts/evaluation/gnn/seed-2/n-15/chunk-000000.json.gz,exact,gnn,15,2,0
gnn/s2/n15/e3,0b1f0e3160a7a5fc64c4596f272090de6e4e0a7d2b01578cf276d749536a046e,study/artifacts/evaluation/gnn/seed-2/n-15/chunk-000000.json.gz,nonbipartite,gnn,15,2,3
gnn/s2/n16/e0,acf0e2cd57e420b51119cd5ad94b680fd30594c77647ab1d84fd993e506144b5,study/artifacts/evaluation/gnn/seed-2/n-16/chunk-000000.json.gz,exact,gnn,16,2,0
gnn/s2/n16/e16,27aa5590c9c0d5e4933e650453eeafa76d9b0d3a3ec2362f8ac38acac0d85984,study/artifacts/evaluation/gnn/seed-2/n-16/chunk-000000.json.gz,nonbipartite,gnn,16,2,16
gnn/s2/n17/e0,67e99747b270365afcf55e9aaff0845f1548c67152c71df72f1a19c3362dc3ce,study/artifacts/evaluation/gnn/seed-2/n-17/chunk-000000.json.gz,nonbipartite,gnn,17,2,0
gnn/s2/n17/e1,f9ab8151e61ed106b66ded573219d811b5c91bcf974fbe75078d60eceec81df4,study/artifacts/evaluation/gnn/seed-2/n-17/chunk-000000.json.gz,exact,gnn,17,2,1
gnn/s2/n20/e0,e3ffb4086abff7eaaed1318457403b96357e7a27aed9a8f06055ef43d7146039,study/artifacts/evaluation/gnn/seed-2/n-20/chunk-000000.json.gz,nonbipartite,gnn,20,2,0
gnn/s2/n20/e1,cd02dbf5824c866a536fbcb37f0b2b33dc5329dedbd79814a4a6c52a202f502c,study/artifacts/evaluation/gnn/seed-2/n-20/chunk-000000.json.gz,exact,gnn,20,2,1
gnn/s2/n23/e0,3c5f7e60021c734577d30eda65f3966d6e796aff910546c932f74becac351089,study/artifacts/evaluation/gnn/seed-2/n-23/chunk-000000.json.gz,nonbipartite,gnn,23,2,0
gnn/s2/n23/e2,7ce2802c4bdc07bf5123fbda47288e06080331baf15901d395777e3ae86e4611,study/artifacts/evaluation/gnn/seed-2/n-23/chunk-000000.json.gz,exact,gnn,23,2,2
gnn/s2/n24/e0,a7dc06b030aeadaea1177fe7f4c7ae6cdce5b261ea77513fa374b5072ab2e845,study/artifacts/evaluation/gnn/seed-2/n-24/chunk-000000.json.gz,nonbipartite,gnn,24,2,0
gnn/s2/n24/e1,46f5873bc23af55fce6dde52fa7652f0f40a2d58916d5ec192d96ac849d1ce15,study/artifacts/evaluation/gnn/seed-2/n-24/chunk-000000.json.gz,exact,gnn,24,2,1
gnn/s2/n24/e20,50ce468b57114f1cca950c7578b9f95c8389aa44bcf560504d5b07193e5f0e5d,study/artifacts/evaluation/gnn/seed-2/n-24/chunk-000000.json.gz,unbalanced_bipartite,gnn,24,2,20
gnn/s2/n25/e0,b53627532d1e5fbe59141e9013237927bf1d93dc8a34cc9d3eadf3f7757c6567,study/artifacts/evaluation/gnn/seed-2/n-25/chunk-000000.json.gz,nonbipartite,gnn,25,2,0
gnn/s2/n25/e4,cafe9edd08d9dda361fc91bef829f396075c79c9c800f962020ba6b0766a34fd,study/artifacts/evaluation/gnn/seed-2/n-25/chunk-000000.json.gz,exact,gnn,25,2,4
gnn/s2/n30/e0,e649ac5a016b84a4c21306e54bdc3e0f9832b6fdd1043cfdd2af68ac4932eac1,study/artifacts/evaluation/gnn/seed-2/n-30/chunk-000000.json.gz,exact,gnn,30,2,0
gnn/s2/n30/e1,10b3d810b7e8c4c3494a5cf7e60e110bf4aa6edb0967f2a83b5f75dbd4e185a3,study/artifacts/evaluation/gnn/seed-2/n-30/chunk-000000.json.gz,nonbipartite,gnn,30,2,1
gnn/s2/n30/e22,81881f88c52f4e6c10e55df07ef1c185509542c05d6fb841e6243d3ee247125e,study/artifacts/evaluation/gnn/seed-2/n-30/chunk-000000.json.gz,unbalanced_bipartite,gnn,30,2,22
gnn/s2/n40/e0,57d948ecae8738f60b2266a798cd31ce454cea8b504d6b3c493ccb620003066d,study/artifacts/evaluation/gnn/seed-2/n-40/chunk-000000.json.gz,nonbipartite,gnn,40,2,0
gnn/s2/n40/e12,60bc295b4d4cd422151fe12176c97eb7c1caa6cca6aa6a55611d4b175e6ebd96,study/artifacts/evaluation/gnn/seed-2/n-40/chunk-000000.json.gz,exact,gnn,40,2,12
gnn/s2/n6/e0,c5af337883d203b71c32392447c9d4bf463e1e6ff5f09e1b5be4b4c34f2cd98b,study/artifacts/evaluation/gnn/seed-2/n-6/chunk-000000.json.gz,exact,gnn,6,2,0
gnn/s2/n7/e0,199c53e11c4f470c290df9b683ed3b5e02a88a39e830f904229c7c07d623ffcc,study/artifacts/evaluation/gnn/seed-2/n-7/chunk-000000.json.gz,exact,gnn,7,2,0
gnn/s2/n7/e70,b06bfd0d8f76b56938de8b05ad36b098cb10a6238c564f5a3ef077fadfc907d4,study/artifacts/evaluation/gnn/seed-2/n-7/chunk-000064.json.gz,nonbipartite,gnn,7,2,70
gnn/s2/n8/e0,920a0ba391f035614d2db2aac9376d8e754be6d75cf26253df85da97c7d7e138,study/artifacts/evaluation/gnn/seed-2/n-8/chunk-000000.json.gz,exact,gnn,8,2,0
gnn/s2/n9/e0,a608358338d515e2394215fffd9cc8e889b3ea54f0e091f059c09fbdd3eceb4d,study/artifacts/evaluation/gnn/seed-2/n-9/chunk-000000.json.gz,exact,gnn,9,2,0
gnn/s2/n9/e3,36f4abd499fef405a6ebb4185fd7f72a36c262f355d36651cf6a94a86f45a5d4,study/artifacts/evaluation/gnn/seed-2/n-9/chunk-000000.json.gz,nonbipartite,gnn,9,2,3
gnn/s3/n10/e0,68a084a575fbe084a5ffd634fce048f6476171969ed0399950389016643b2a05,study/artifacts/evaluation/gnn/seed-3/n-10/chunk-000000.json.gz,exact,gnn,10,3,0
gnn/s3/n11/e0,f540aa6f0924f2509af4a717f56fb93be8f9d0f682cb30155c5b6cdf162770aa,study/artifacts/evaluation/gnn/seed-3/n-11/chunk-000000.json.gz,exact,gnn,11,3,0
gnn/s3/n12/e0,86aafd713e0d7ca4377f3515032a1d4d3cb5739ae2d16928ebde611b4de1c846,study/artifacts/evaluation/gnn/seed-3/n-12/chunk-000000.json.gz,exact,gnn,12,3,0
gnn/s3/n12/e25,f208065634fc7ea26178293e3e16f6a5c6fdd543462be3755d4134cbaabe1c80,study/artifacts/evaluation/gnn/seed-3/n-12/chunk-000000.json.gz,nonbipartite,gnn,12,3,25
gnn/s3/n12/e72,8874f05069180180666c96bb44817c6290a24d7240fb35bf6ce014c714778147,study/artifacts/evaluation/gnn/seed-3/n-12/chunk-000064.json.gz,unbalanced_bipartite,gnn,12,3,72
gnn/s3/n13/e0,7f2ecfe69f1bd3baca2428cede7a8cd5cc6270ba767ab3de11b50ff6f58abb98,study/artifacts/evaluation/gnn/seed-3/n-13/chunk-000000.json.gz,exact,gnn,13,3,0
gnn/s3/n13/e27,2af2be1516362ec74f136d5c457d78957dc59dbf846ae924f2dfa48164731dbe,study/artifacts/evaluation/gnn/seed-3/n-13/chunk-000000.json.gz,nonbipartite,gnn,13,3,27
gnn/s3/n14/e0,7a2ee44c5f2a36be9a5777c975f46dd7a1c57d5ce5037723a175dd8d6febd0ea,study/artifacts/evaluation/gnn/seed-3/n-14/chunk-000000.json.gz,exact,gnn,14,3,0
gnn/s3/n14/e2,9433112ab98792f994795d630e4f9e811fb4c4ea45342907c16b593c710fd1f1,study/artifacts/evaluation/gnn/seed-3/n-14/chunk-000000.json.gz,nonbipartite,gnn,14,3,2
gnn/s3/n14/e33,0a95974052be6a5c8925d6509ce6261ff13c318881b1d6ab0555ef1b2b5d85d4,study/artifacts/evaluation/gnn/seed-3/n-14/chunk-000032.json.gz,unbalanced_bipartite,gnn,14,3,33
gnn/s3/n15/e0,9b4945e1769e3644ed22c3707dcab93e94104278988e9b7ba303652288618a9a,study/artifacts/evaluation/gnn/seed-3/n-15/chunk-000000.json.gz,exact,gnn,15,3,0
gnn/s3/n15/e7,ecd9e7fe50061412ab10ddd92c5af5a883575dfc7c9dd6b43390da86d21c0481,study/artifacts/evaluation/gnn/seed-3/n-15/chunk-000000.json.gz,nonbipartite,gnn,15,3,7
gnn/s3/n16/e0,7391aaf955712197d03ac784b19f24ea304702ec8a0d2b9cb904f8cb9ef33a26,study/artifacts/evaluation/gnn/seed-3/n-16/chunk-000000.json.gz,exact,gnn,16,3,0
gnn/s3/n16/e7,236a6d2936248571f6ab1c8481e13a6ce7f9ffbeca842f879d24e41713b153ba,study/artifacts/evaluation/gnn/seed-3/n-16/chunk-000000.json.gz,nonbipartite,gnn,16,3,7
gnn/s3/n16/e37,bc6e1af148ff4eb80a903c4d0e807ce49261b193c4f53998c55710695c16a5a3,study/artifacts/evaluation/gnn/seed-3/n-16/chunk-000032.json.gz,unbalanced_bipartite,gnn,16,3,37
gnn/s3/n17/e0,275d34a5ed49a3f3ae5e7dfcb8e01d9ee612f0786f4d6a5b1c0f70db2d41a99b,study/artifacts/evaluation/gnn/seed-3/n-17/chunk-000000.json.gz,exact,gnn,17,3,0
gnn/s3/n17/e4,2ebf155dbc993a261820ae1fc2c2a5483b19301264a141c100c4725ad3d0fa0d,study/artifacts/evaluation/gnn/seed-3/n-17/chunk-000000.json.gz,nonbipartite,gnn,17,3,4
gnn/s3/n20/e0,6b103ee6d7d53d5b8bc312686ba27ab65786b3bfac514d5c938ffa5427fad613,study/artifacts/evaluation/gnn/seed-3/n-20/chunk-000000.json.gz,exact,gnn,20,3,0
gnn/s3/n20/e1,4c7e85fd0ebc59242a9a21d6d0460981762d6f6464d08ac1e0814a3c67d86dd5,study/artifacts/evaluation/gnn/seed-3/n-20/chunk-000000.json.gz,nonbipartite,gnn,20,3,1
gnn/s3/n20/e13,634ee47650ca641f23ddb133892d11695037427d0e2fa5ba96a694e3baad7c64,study/artifacts/evaluation/gnn/seed-3/n-20/chunk-000000.json.gz,unbalanced_bipartite,gnn,20,3,13
gnn/s3/n23/e0,73c00ca66a3c1a94d733a518660e679d6e5788094dd0ed9c0755bef17d7d99ae,study/artifacts/evaluation/gnn/seed-3/n-23/chunk-000000.json.gz,nonbipartite,gnn,23,3,0
gnn/s3/n23/e1,8fdd4bc38613c930b17d0b65ac8629fec91fb26333684e901bfe5e689f8055fb,study/artifacts/evaluation/gnn/seed-3/n-23/chunk-000000.json.gz,exact,gnn,23,3,1
gnn/s3/n24/e0,2fbc5c36ef1ac5ec86c00cf85d16d749fb2b59537debe7054475fa4f94109a41,study/artifacts/evaluation/gnn/seed-3/n-24/chunk-000000.json.gz,exact,gnn,24,3,0
gnn/s3/n24/e1,4b06b88a96779761c64557719dfca7143f14b1bb30c30962a46eaa89c5941b71,study/artifacts/evaluation/gnn/seed-3/n-24/chunk-000000.json.gz,nonbipartite,gnn,24,3,1
gnn/s3/n24/e22,8411305d33ebc20efbeae1c10c616ab1fdc409dc6cf2062404f3632ed28f22f2,study/artifacts/evaluation/gnn/seed-3/n-24/chunk-000000.json.gz,unbalanced_bipartite,gnn,24,3,22
gnn/s3/n25/e0,01bd5c0dc2e45430fad3b70a7c7d70dda0e1fa1945aa36ea6b79c3cc0e68944e,study/artifacts/evaluation/gnn/seed-3/n-25/chunk-000000.json.gz,nonbipartite,gnn,25,3,0
gnn/s3/n25/e3,99a59b512ce00e13db5748873e609a328e91c593b07b56bf39e42ee774886d6e,study/artifacts/evaluation/gnn/seed-3/n-25/chunk-000000.json.gz,exact,gnn,25,3,3
gnn/s3/n30/e0,591272c17d590bb21c566368698a4b54d9a1645f6328034684d8df9f21fe2ef2,study/artifacts/evaluation/gnn/seed-3/n-30/chunk-000000.json.gz,unbalanced_bipartite,gnn,30,3,0
gnn/s3/n30/e1,24503633571262079cd078a33e20b5f12bf94bf97458fd7756fa73aaea1794fa,study/artifacts/evaluation/gnn/seed-3/n-30/chunk-000000.json.gz,nonbipartite,gnn,30,3,1
gnn/s3/n30/e11,ef2d03e1afd41c8089cb844a5a5eb73c5cc071b3b5c5f1330203b7816f82e162,study/artifacts/evaluation/gnn/seed-3/n-30/chunk-000000.json.gz,exact,gnn,30,3,11
gnn/s3/n40/e0,e4872dfed478995d0d2a66df35c9d0ea78e6b4a4fbdcc490c4eb27c332596504,study/artifacts/evaluation/gnn/seed-3/n-40/chunk-000000.json.gz,nonbipartite,gnn,40,3,0
gnn/s3/n40/e12,7108512c2e5c174dd7cc8fb6639aeb52323ba2f56a16477c05f8bf2b90e5ac9f,study/artifacts/evaluation/gnn/seed-3/n-40/chunk-000000.json.gz,exact,gnn,40,3,12
gnn/s3/n40/e61,4f1461de11ae6eeb6ffe4a482fe253e92892de79bd5028cad5faff01f92e51d6,study/artifacts/evaluation/gnn/seed-3/n-40/chunk-000032.json.gz,unbalanced_bipartite,gnn,40,3,61
gnn/s3/n6/e0,d2c70b8a216bd8dd949c46c251e2f9abc65bd9388418d636e7f006a2ea8d8add,study/artifacts/evaluation/gnn/seed-3/n-6/chunk-000000.json.gz,exact,gnn,6,3,0
gnn/s3/n7/e0,0a4f028092df289ef807fc9db1725e4af348a4f774f0a6bf0e7f2b3999a68950,study/artifacts/evaluation/gnn/seed-3/n-7/chunk-000000.json.gz,exact,gnn,7,3,0
gnn/s3/n8/e0,5874df6629a5acfba3cc81de72e66189286b72b0de39148c4dc02b839dba39d2,study/artifacts/evaluation/gnn/seed-3/n-8/chunk-000000.json.gz,exact,gnn,8,3,0
gnn/s3/n9/e0,4c95f4092cd8f17ce87a0657b902f58f0055285d2b4e42336a55184f145f6014,study/artifacts/evaluation/gnn/seed-3/n-9/chunk-000000.json.gz,exact,gnn,9,3,0
gnn/s4/n10/e0,e5450015cb8a7ab2d5374281e116f1404215884b7bced8c681c09bff086a1eaa,study/artifacts/evaluation/gnn/seed-4/n-10/chunk-000000.json.gz,exact,gnn,10,4,0
gnn/s4/n10/e47,3893078f79d8a089843ee907709534c169523cd69b9d05e108d6d9afb98a5b9a,study/artifacts/evaluation/gnn/seed-4/n-10/chunk-000032.json.gz,nonbipartite,gnn,10,4,47
gnn/s4/n11/e0,d5b3290221065e195a1449c666ecb9fa79d44b71614dd00aa7c667ee08db407d,study/artifacts/evaluation/gnn/seed-4/n-11/chunk-000000.json.gz,exact,gnn,11,4,0
gnn/s4/n11/e27,018bb65cee12d14f469cbb1bf3ac546e2697de5ba09cef95a2ffc75d5d441486,study/artifacts/evaluation/gnn/seed-4/n-11/chunk-000000.json.gz,nonbipartite,gnn,11,4,27
gnn/s4/n12/e0,8d83b8b19ac881b33762df239a480248211cd5c65081ae12a21ef4d54bc04d5b,study/artifacts/evaluation/gnn/seed-4/n-12/chunk-000000.json.gz,exact,gnn,12,4,0
gnn/s4/n12/e11,4517e16c63c72194d0f7cc6761958f96d5db100cfc6866c47aee39eb1a9a4e26,study/artifacts/evaluation/gnn/seed-4/n-12/chunk-000000.json.gz,nonbipartite,gnn,12,4,11
gnn/s4/n13/e0,91c79c6980532f592f6f80072c26697407406a700f2d1194cf2c53d238a99bcf,study/artifacts/evaluation/gnn/seed-4/n-13/chunk-000000.json.gz,exact,gnn,13,4,0
gnn/s4/n13/e49,b0e1beb0360879b250ff383c5d6bedef225f20a147f294ca128f2a26496ca938,study/artifacts/evaluation/gnn/seed-4/n-13/chunk-000032.json.gz,nonbipartite,gnn,13,4,49
gnn/s4/n14/e0,ba71c381c11433c71986a3c79aa174b13b0bf6bac29d8fa1311ce060b8f6c612,study/artifacts/evaluation/gnn/seed-4/n-14/chunk-000000.json.gz,exact,gnn,14,4,0
gnn/s4/n14/e47,9e3ac2a10d05620299d006a4b11736179a548597f663753efbc37a7c5fdd48dc,study/artifacts/evaluation/gnn/seed-4/n-14/chunk-000032.json.gz,nonbipartite,gnn,14,4,47
gnn/s4/n14/e98,dc2ca883528f16948322de0981bf829b4d256add54a5b92e21e7703bc7881db5,study/artifacts/evaluation/gnn/seed-4/n-14/chunk-000096.json.gz,unbalanced_bipartite,gnn,14,4,98
gnn/s4/n15/e0,68d6fb1ba96639a646c40406f34f1852e8bae5c61e9cdf547247c9802a4f0652,study/artifacts/evaluation/gnn/seed-4/n-15/chunk-000000.json.gz,nonbipartite,gnn,15,4,0
gnn/s4/n15/e1,63b698d7114fcb829a4258097151e29b363fd31e9f3781d28ffd670bc4e1b598,study/artifacts/evaluation/gnn/seed-4/n-15/chunk-000000.json.gz,exact,gnn,15,4,1
gnn/s4/n16/e0,d1f8fcbf6961ba679e745bfc5389690333c87480201311ac5c974a7720cf47b1,study/artifacts/evaluation/gnn/seed-4/n-16/chunk-000000.json.gz,exact,gnn,16,4,0
gnn/s4/n16/e8,7530ec19713988ec991e9de41e5c8bd9570c9cc81fd04b909236edc05a0c0bbc,study/artifacts/evaluation/gnn/seed-4/n-16/chunk-000000.json.gz,nonbipartite,gnn,16,4,8
gnn/s4/n17/e0,e47ec5629748bd44c3d0c1f585e4a8a755c6601696dfe9123c268e6d0c778b78,study/artifacts/evaluation/gnn/seed-4/n-17/chunk-000000.json.gz,nonbipartite,gnn,17,4,0
gnn/s4/n17/e1,88631d3fadaa25e77eece10753ffefdf4a727ebbfe39f44b6992aa88d335dbd5,study/artifacts/evaluation/gnn/seed-4/n-17/chunk-000000.json.gz,exact,gnn,17,4,1
gnn/s4/n20/e0,7d6478dceb16b62394890eb40ece41e17d6edfcf0841280805686d7a01567992,study/artifacts/evaluation/gnn/seed-4/n-20/chunk-000000.json.gz,exact,gnn,20,4,0
gnn/s4/n20/e4,5289ccfd175e2fe007ff345cc43d152ec5baa7382492ea58adf47e48f35e66d9,study/artifacts/evaluation/gnn/seed-4/n-20/chunk-000000.json.gz,nonbipartite,gnn,20,4,4
gnn/s4/n20/e30,641ea5a18546db18653cc5c7799cff8fb524ebb9ea6e02a4f0de4632f511791e,study/artifacts/evaluation/gnn/seed-4/n-20/chunk-000000.json.gz,unbalanced_bipartite,gnn,20,4,30
gnn/s4/n23/e0,d609c0d2ff95f2149785d51f2bd3c223c834983457e97faf24c8b197d3190282,study/artifacts/evaluation/gnn/seed-4/n-23/chunk-000000.json.gz,exact,gnn,23,4,0
gnn/s4/n23/e8,848d3daa1e4aeb3cedeb01c375bf0b4c1fb1f31373833dd0edb2842de8882219,study/artifacts/evaluation/gnn/seed-4/n-23/chunk-000000.json.gz,nonbipartite,gnn,23,4,8
gnn/s4/n24/e0,8239e196b400aeaf5714a1456169ec38704e739017021e0eaca2951246192184,study/artifacts/evaluation/gnn/seed-4/n-24/chunk-000000.json.gz,exact,gnn,24,4,0
gnn/s4/n24/e2,4868cebfb3fd9118365c72e8fda434e271a002ff905c3830661b68835ae5bd32,study/artifacts/evaluation/gnn/seed-4/n-24/chunk-000000.json.gz,nonbipartite,gnn,24,4,2
gnn/s4/n24/e20,bd35dba626bcb37cb4586b477c185f1f661abfd0c3b2f9503a6a1ed45467f4dd,study/artifacts/evaluation/gnn/seed-4/n-24/chunk-000000.json.gz,unbalanced_bipartite,gnn,24,4,20
gnn/s4/n25/e0,eb10c262c05d469e7aff5ebd7625bed7bac19b64e3210aa7c41d09a71062d823,study/artifacts/evaluation/gnn/seed-4/n-25/chunk-000000.json.gz,nonbipartite,gnn,25,4,0
gnn/s4/n25/e2,88250a4c4afdb3319b0d4d311ab8264cc4c99d504622c7947501705b8ccb95b3,study/artifacts/evaluation/gnn/seed-4/n-25/chunk-000000.json.gz,exact,gnn,25,4,2
gnn/s4/n30/e0,9ea9db12742fd69056abc4f8ebe42626eb6dc6f4ae76ea2a7eec538a36185b07,study/artifacts/evaluation/gnn/seed-4/n-30/chunk-000000.json.gz,exact,gnn,30,4,0
gnn/s4/n30/e1,b6e77ec9d81bcc391e2491423fb83d1c13dbcc59eca3beeb74f6425d81cccb14,study/artifacts/evaluation/gnn/seed-4/n-30/chunk-000000.json.gz,unbalanced_bipartite,gnn,30,4,1
gnn/s4/n30/e2,fa9810cca35e2987798f7737b5db99fa2e79b487d28ac30bf2e84f7415cf5dfc,study/artifacts/evaluation/gnn/seed-4/n-30/chunk-000000.json.gz,nonbipartite,gnn,30,4,2
gnn/s4/n40/e0,35d6dcf4832e74ab8874cc5fe12abcc314b2a388f08220cbd3d5d7bcfcdb417a,study/artifacts/evaluation/gnn/seed-4/n-40/chunk-000000.json.gz,exact,gnn,40,4,0
gnn/s4/n40/e1,ae3ea2201da828ff6d37885b6151819bd3e0db4c059eb36f971840567fe85757,study/artifacts/evaluation/gnn/seed-4/n-40/chunk-000000.json.gz,nonbipartite,gnn,40,4,1
gnn/s4/n40/e7,4c711b8de5474d4d7946fb882a30b014f880309d3124c02b95ceed07bfd07540,study/artifacts/evaluation/gnn/seed-4/n-40/chunk-000000.json.gz,unbalanced_bipartite,gnn,40,4,7
gnn/s4/n6/e0,688b2e0e642beefd197508c296aa64cd59c2e19411fa3f999e1dca65873b1e18,study/artifacts/evaluation/gnn/seed-4/n-6/chunk-000000.json.gz,exact,gnn,6,4,0
gnn/s4/n7/e0,cf500f482e490f0c13e89595141039f3eb55ddd978b8cdf28fab07c9b144ded4,study/artifacts/evaluation/gnn/seed-4/n-7/chunk-000000.json.gz,exact,gnn,7,4,0
gnn/s4/n8/e0,afd64f45894fc9f4ae19859c4f4a02153d33953802bf375b24ffefd264dfb060,study/artifacts/evaluation/gnn/seed-4/n-8/chunk-000000.json.gz,exact,gnn,8,4,0
gnn/s4/n9/e0,45ecfbd418238452a1948dd1a95a716d84b8ce72dca98637d2cd972c5439f6d5,study/artifacts/evaluation/gnn/seed-4/n-9/chunk-000000.json.gz,nonbipartite,gnn,9,4,0
gnn/s4/n9/e1,eb906025681dd2c6c15ad7ea7a1181891e505dfd6e068ce962fee35f60ed8486,study/artifacts/evaluation/gnn/seed-4/n-9/chunk-000000.json.gz,exact,gnn,9,4,1
least_degree/s0/n10/e0,8b2deadf6aaad4f716d234977202164e4849a2cb925a33be3b0b476c4742bd51,study/artifacts/evaluation/least_degree/seed-0/n-10/chunk-000000.json.gz,nonbipartite,least_degree,10,0,0
least_degree/s0/n10/e3,775ada6acf889adaedb4aabc3f3019e5728b81c88b832c339b1f24a1f839caa9,study/artifacts/evaluation/least_degree/seed-0/n-10/chunk-000000.json.gz,exact,least_degree,10,0,3
least_degree/s0/n11/e0,5311fefd4c1036ddbdbb744baea8f3b5bdfee8f13a40b392e2f3a67a74bbf68a,study/artifacts/evaluation/least_degree/seed-0/n-11/chunk-000000.json.gz,nonbipartite,least_degree,11,0,0
least_degree/s0/n12/e0,d404a67acaf955b2ca6378c2257f608ae95bab515399aa735615c06601a7283d,study/artifacts/evaluation/least_degree/seed-0/n-12/chunk-000000.json.gz,nonbipartite,least_degree,12,0,0
least_degree/s0/n12/e1,79969c81057b2310ff5ff7f2a386f089faf4dce11fd3e4b020ac7476c48847f2,study/artifacts/evaluation/least_degree/seed-0/n-12/chunk-000000.json.gz,exact,least_degree,12,0,1
least_degree/s0/n13/e0,51fc4d042a48a92e6cc8a4145dee141b80db7fa45603a71b57bfbb569daba17a,study/artifacts/evaluation/least_degree/seed-0/n-13/chunk-000000.json.gz,nonbipartite,least_degree,13,0,0
least_degree/s0/n14/e0,4461a87a1ffc6fb9e333132f1002a3ec5bb2c35a7489e040dd9130f794ed9249,study/artifacts/evaluation/least_degree/seed-0/n-14/chunk-000000.json.gz,exact,least_degree,14,0,0
least_degree/s0/n14/e1,11a7205f9d236ccf105d502daee5c94312f1d06ed528fb04e50f2a393e2de0db,study/artifacts/evaluation/least_degree/seed-0/n-14/chunk-000000.json.gz,nonbipartite,least_degree,14,0,1
least_degree/s0/n15/e0,03462e54689a602a3d315208c58ac41db1f7795a4be84dc86779e509b3437bb1,study/artifacts/evaluation/least_degree/seed-0/n-15/chunk-000000.json.gz,nonbipartite,least_degree,15,0,0
least_degree/s0/n16/e0,e42d5320dcd24dfeaa0ce25f8badb83126c5df5621406ff9b74c03dfa9db0c5f,study/artifacts/evaluation/least_degree/seed-0/n-16/chunk-000000.json.gz,nonbipartite,least_degree,16,0,0
least_degree/s0/n17/e0,283ce12600819c311ec74c4e62d5ca7fcf1731199936bd09a96b75ad433a0d84,study/artifacts/evaluation/least_degree/seed-0/n-17/chunk-000000.json.gz,nonbipartite,least_degree,17,0,0
least_degree/s0/n20/e0,1144c366bf30973fbbf4193619fc80d582865f1c8aab453c8cb173b5eb74311b,study/artifacts/evaluation/least_degree/seed-0/n-20/chunk-000000.json.gz,nonbipartite,least_degree,20,0,0
least_degree/s0/n23/e0,350349bd8d3a89ceb758d088df6433d2cd2e2e412dca4ca0e677537632be1398,study/artifacts/evaluation/least_degree/seed-0/n-23/chunk-000000.json.gz,nonbipartite,least_degree,23,0,0
least_degree/s0/n24/e0,b73048720cc8829992d40f1f7c5c03c98a7c0d9fcea26ca0ab59b441b606c52a,study/artifacts/evaluation/least_degree/seed-0/n-24/chunk-000000.json.gz,nonbipartite,least_degree,24,0,0
least_degree/s0/n25/e0,62091f2f10b1b3fd94e7bb99f0309f47ed1e67fb71929227ef6b8a29bcfdbe17,study/artifacts/evaluation/least_degree/seed-0/n-25/chunk-000000.json.gz,nonbipartite,least_degree,25,0,0
least_degree/s0/n30/e0,79d42d3fe127a4a5431e103c9fe21561a70ff51d89ac035f4ce76b1aee940931,study/artifacts/evaluation/least_degree/seed-0/n-30/chunk-000000.json.gz,nonbipartite,least_degree,30,0,0
least_degree/s0/n40/e0,33de50cd5af030fe82e10febe6073c28bf8328f0639cbae864bf2ace33f62bda,study/artifacts/evaluation/least_degree/seed-0/n-40/chunk-000000.json.gz,nonbipartite,least_degree,40,0,0
least_degree/s0/n6/e0,ed11053e5fea2c5f5d752819f4faa33f144de89a4765b0e5eb02ce2ceacd36bf,study/artifacts/evaluation/least_degree/seed-0/n-6/chunk-000000.json.gz,nonbipartite,least_degree,6,0,0
least_degree/s0/n6/e1,53334fe606ed7984f20b8dc0544e29b9120c2ba8bb46ddf9b8a309102b467c0d,study/artifacts/evaluation/least_degree/seed-0/n-6/chunk-000000.json.gz,exact,least_degree,6,0,1
least_degree/s0/n7/e0,4f2ef5b1c4f180deccb9acedb066d81164dfca01d80edd39f8c7cf54e99e3c6c,study/artifacts/evaluation/least_degree/seed-0/n-7/chunk-000000.json.gz,nonbipartite,least_degree,7,0,0
least_degree/s0/n7/e10,12f939db0d5b8935512f387919381aa8d43112a59d61e52b5a574e210d299a2d,study/artifacts/evaluation/least_degree/seed-0/n-7/chunk-000000.json.gz,exact,least_degree,7,0,10
least_degree/s0/n8/e0,b882bf4dc9d038643a726959e01011ea11120cea0bf95c2ae97fa85fd4e71776,study/artifacts/evaluation/least_degree/seed-0/n-8/chunk-000000.json.gz,exact,least_degree,8,0,0
least_degree/s0/n8/e1,7a4266907911c7c35f446879e5618922c613a384a5a6c803343a3d96a55f65fa,study/artifacts/evaluation/least_degree/seed-0/n-8/chunk-000000.json.gz,nonbipartite,least_degree,8,0,1
least_degree/s0/n9/e0,52ac9a310fa36e9778a16cb55d596a5b0e7502fdff2e158f9281858457f71ce2,study/artifacts/evaluation/least_degree/seed-0/n-9/chunk-000000.json.gz,nonbipartite,least_degree,9,0,0
least_degree/s1/n10/e0,29ca1ca9b209caff6170774dfad7253aa21142ce812e695bcd703ec7ffad21bf,study/artifacts/evaluation/least_degree/seed-1/n-10/chunk-000000.json.gz,nonbipartite,least_degree,10,1,0
least_degree/s1/n10/e1,588776138a5534773103653dde2330640797fdb7879c13db3fb1342b270b23b2,study/artifacts/evaluation/least_degree/seed-1/n-10/chunk-000000.json.gz,exact,least_degree,10,1,1
least_degree/s1/n11/e0,704b3a2046f63395f135ea9520e7fbe85d23cf6f70835ff19ad55c57aae9a619,study/artifacts/evaluation/least_degree/seed-1/n-11/chunk-000000.json.gz,nonbipartite,least_degree,11,1,0
least_degree/s1/n12/e0,2bbe2a4ca3acbfb577dca3942825ae19b1df5c23ce7ef7167024cd21a4525168,study/artifacts/evaluation/least_degree/seed-1/n-12/chunk-000000.json.gz,nonbipartite,least_degree,12,1,0
least_degree/s1/n12/e14,ac6a8673c061d369be4ce51ef0436d1c70c598e3488af060ac3a54e93e169679,study/artifacts/evaluation/least_degree/seed-1/n-12/chunk-000000.json.gz,exact,least_degree,12,1,14
least_degree/s1/n13/e0,242f22992c5b43d306ee87cbdb28b80b742910de48a77e47a452fc1d217753c6,study/artifacts/evaluation/least_degree/seed-1/n-13/chunk-000000.json.gz,nonbipartite,least_degree,13,1,0
least_degree/s1/n14/e0,168073ebcf69b50926700483a5aa1defa6b973f9e22bde5a5a24257c2d9d6b96,study/artifacts/evaluation/least_degree/seed-1/n-14/chunk-000000.json.gz,nonbipartite,least_degree,14,1,0
least_degree/s1/n14/e9,6afe8554c300a97ea62b8781b0c0c85377fec721771586988159848c46b29a02,study/artifacts/evaluation/least_degree/seed-1/n-14/chunk-000000.json.gz,exact,least_degree,14,1,9
least_degree/s1/n15/e0,2ab14e013637a3932df3170b127587848962e998352c3124ffce0a128e2e270c,study/artifacts/evaluation/least_degree/seed-1/n-15/chunk-000000.json.gz,nonbipartite,least_degree,15,1,0
least_degree/s1/n16/e0,0a6eed68c3dc7447bea550beb0362738c781e7ef5023d217d3da0372ddc01858,study/artifacts/evaluation/least_degree/seed-1/n-16/chunk-000000.json.gz,nonbipartite,least_degree,16,1,0
least_degree/s1/n16/e14,8913fd245f8b620a3c30f36a6d08480f689ed0f291e1b5ffafb3791f57fafcbc,study/artifacts/evaluation/least_degree/seed-1/n-16/chunk-000000.json.gz,exact,least_degree,16,1,14
least_degree/s1/n17/e0,a226e1e0ce95b1a63e1afd4b7b2652d4e749fcdc76ae786448149219731d9950,study/artifacts/evaluation/least_degree/seed-1/n-17/chunk-000000.json.gz,nonbipartite,least_degree,17,1,0
least_degree/s1/n20/e0,be140e80cc1b3a16ecdf6a1ecd302ce217e2f60da07067640e5c20ba65432404,study/artifacts/evaluation/least_degree/seed-1/n-20/chunk-000000.json.gz,nonbipartite,least_degree,20,1,0
least_degree/s1/n23/e0,2f7caca28805174c404df58f3322949881da25010d30202d32b672d026fbd0a6,study/artifacts/evaluation/least_degree/seed-1/n-23/chunk-000000.json.gz,nonbipartite,least_degree,23,1,0
least_degree/s1/n24/e0,4dcfb91f590b0a53999b06b4a336a01a15da224b04bf76bc3e7825c9d6284648,study/artifacts/evaluation/least_degree/seed-1/n-24/chunk-000000.json.gz,nonbipartite,least_degree,24,1,0
least_degree/s1/n25/e0,cfde6993c3fe250c824e97072d581df154293a611d629e2d273623878880a619,study/artifacts/evaluation/least_degree/seed-1/n-25/chunk-000000.json.gz,nonbipartite,least_degree,25,1,0
least_degree/s1/n30/e0,dc32c17cac9e78c54dbc4cf23d4011ad8f3232aedbc2417fe1d646a26e2a08c6,study/artifacts/evaluation/least_degree/seed-1/n-30/chunk-000000.json.gz,nonbipartite,least_degree,30,1,0
least_degree/s1/n40/e0,810f6cc090f4db74da9ac4d5dd15f7ec9ab0fe4f5ab237c66662b0b64428b7e1,study/artifacts/evaluation/least_degree/seed-1/n-40/chunk-000000.json.gz,nonbipartite,least_degree,40,1,0
least_degree/s1/n6/e0,b60c5209093712b71e117b8a18c09642cd97f3e27d260fb299105d7419dab1fb,study/artifacts/evaluation/least_degree/seed-1/n-6/chunk-000000.json.gz,exact,least_degree,6,1,0
least_degree/s1/n6/e45,f3ec37b63073fbf864fcaaf96d507530e5cc5f3a62d74602735e29ce3df14e56,study/artifacts/evaluation/least_degree/seed-1/n-6/chunk-000032.json.gz,nonbipartite,least_degree,6,1,45
least_degree/s1/n7/e0,c2d20a78775ef48bbbc216dfc6685a617bebf6811e333fd06fdeeb13a719ce2b,study/artifacts/evaluation/least_degree/seed-1/n-7/chunk-000000.json.gz,nonbipartite,least_degree,7,1,0
least_degree/s1/n7/e58,486ecf0a5dcaf21d4d4df4b49df598884c2d6ed9659e1730e9466ca06a5f16e0,study/artifacts/evaluation/least_degree/seed-1/n-7/chunk-000032.json.gz,exact,least_degree,7,1,58
least_degree/s1/n8/e0,1dafdcb16be9aefa87aef4b9fd808b52de0f6739f63cae0d6865061cebb008e3,study/artifacts/evaluation/least_degree/seed-1/n-8/chunk-000000.json.gz,exact,least_degree,8,1,0
least_degree/s1/n8/e1,ba7f8f8102023780ab2abe2728c68b0e7b05a7f648e473e5994edda9558cc0ae,study/artifacts/evaluation/least_degree/seed-1/n-8/chunk-000000.json.gz,nonbipartite,least_degree,8,1,1
least_degree/s1/n9/e0,367934d88512d52aa4ab8ae06e0b97aea26402afe2352b97b9ecd15c18b06017,study/artifacts/evaluation/least_degree/seed-1/n-9/chunk-000000.json.gz,nonbipartite,least_degree,9,1,0
least_degree/s2/n10/e0,2fb43f1f1a534c602113fb25c96f578736578126cfb4d244ec4afe767dda6df3,study/artifacts/evaluation/least_degree/seed-2/n-10/chunk-000000.json.gz,nonbipartite,least_degree,10,2,0
least_degree/s2/n10/e11,8043d3cf90bc5d5f3f7459b55c3ef23dff2f7d9d12bad1fa8743a271e1d9c575,study/artifacts/evaluation/least_degree/seed-2/n-10/chunk-000000.json.gz,exact,least_degree,10,2,11
least_degree/s2/n11/e0,a11813905b2921e44244ed4c371687bad4a012ceb371bdfd3416a81fd85ac8a1,study/artifacts/evaluation/least_degree/seed-2/n-11/chunk-000000.json.gz,nonbipartite,least_degree,11,2,0
least_degree/s2/n12/e0,a48d5b073a46ddfdb2096de5b9f6d54b4720b7af1079266fda8dde1dcf270e1d,study/artifacts/evaluation/least_degree/seed-2/n-12/chunk-000000.json.gz,nonbipartite,least_degree,12,2,0
least_degree/s2/n12/e2,dfb2e9239b6e054c9c550a1db1376094b6f60040ec77337b31c8709bf434a4d6,study/artifacts/evaluation/least_degree/seed-2/n-12/chunk-000000.json.gz,exact,least_degree,12,2,2
least_degree/s2/n13/e0,8fd7fc06d06f5bbb3ab1f627b351ba0e7a3ac164faeb03a29e8e9f2bd946563e,study/artifacts/evaluation/least_degree/seed-2/n-13/chunk-000000.json.gz,nonbipartite,least_degree,13,2,0
least_degree/s2/n14/e0,29e0421924ad3ffcdec0e89f570f0e1ba2d2ba60179dd95cf0f58ace0e167962,study/artifacts/evaluation/least_degree/seed-2/n-14/chunk-000000.json.gz,nonbipartite,least_degree,14,2,0
least_degree/s2/n14/e57,7a17ddd6acbbaef3ef8bbcd200e9f771f8a43ab0483decf8c6b5e3c7d40f054f,study/artifacts/evaluation/least_degree/seed-2/n-14/chunk-000032.json.gz,exact,least_degree,14,2,57
least_degree/s2/n15/e0,5f75e278fffdb02d952aa5b3a88a9964707d380ea96d1c2422ac66c7d2717918,study/artifacts/evaluation/least_degree/seed-2/n-15/chunk-000000.json.gz,nonbipartite,least_degree,15,2,0
least_degree/s2/n16/e0,2106f6d51955a16b2de7b0e8ff09343e9887548495381c2b38aa8baba25d5749,study/artifacts/evaluation/least_degree/seed-2/n-16/chunk-000000.json.gz,nonbipartite,least_degree,16,2,0
least_degree/s2/n17/e0,28e78b64a65c82947e56d6e96e3b7cee0262c58ca159496cda105d8a2c81c8af,study/artifacts/evaluation/least_degree/seed-2/n-17/chunk-000000.json.gz,nonbipartite,least_degree,17,2,0
least_degree/s2/n20/e0,5921416d2f6b626294fe3fb9805dc5e78bdf031c1159f665de7b13d29f374239,study/artifacts/evaluation/least_degree/seed-2/n-20/chunk-000000.json.gz,nonbipartite,least_degree,20,2,0
least_degree/s2/n23/e0,3ceafc63c8ec03dc0f63d91e569f1cc8d24c2cb24eab388daeb14aa643a1b238,study/artifacts/evaluation/least_degree/seed-2/n-23/chunk-000000.json.gz,nonbipartite,least_degree,23,2,0
least_degree/s2/n24/e0,8b77973ce4a2e8ce8f22e927247dcaebf159de924af9edff30484954e4bd347c,study/artifacts/evaluation/least_degree/seed-2/n-24/chunk-000000.json.gz,nonbipartite,least_degree,24,2,0
least_degree/s2/n25/e0,d1014875d6ecfe05cd43998202af01d51819c3e9a8616a946863e3cfc2944407,study/artifacts/evaluation/least_degree/seed-2/n-25/chunk-000000.json.gz,nonbipartite,least_degree,25,2,0
least_degree/s2/n30/e0,af0f9e328fd6ee705270af6f83e7824537b57ccf084adfa18f98b7efe5962f8d,study/artifacts/evaluation/least_degree/seed-2/n-30/chunk-000000.json.gz,nonbipartite,least_degree,30,2,0
least_degree/s2/n40/e0,1faf3ac8d9f82e46dda992354b69767ea9a1837d5438f04b864f0423cc85b567,study/artifacts/evaluation/least_degree/seed-2/n-40/chunk-000000.json.gz,nonbipartite,least_degree,40,2,0
least_degree/s2/n6/e0,688b2e0e642beefd197508c296aa64cd59c2e19411fa3f999e1dca65873b1e18,study/artifacts/evaluation/least_degree/seed-2/n-6/chunk-000000.json.gz,exact,least_degree,6,2,0
least_degree/s2/n6/e13,8c4b725f89e01bbbf560aad889d3b4bbd979287b44513e636754386efa464b0f,study/artifacts/evaluation/least_degree/seed-2/n-6/chunk-000000.json.gz,nonbipartite,least_degree,6,2,13
least_degree/s2/n7/e0,f90069a5a7b33e62a1c1a2f00ec89b68513196eaf936da9d5650c5b08b74a905,study/artifacts/evaluation/least_degree/seed-2/n-7/chunk-000000.json.gz,nonbipartite,least_degree,7,2,0
least_degree/s2/n7/e62,5bba853a4637c1843fa8100ec941454164e83f598ffcd48c796a61c7f966bed7,study/artifacts/evaluation/least_degree/seed-2/n-7/chunk-000032.json.gz,exact,least_degree,7,2,62
least_degree/s2/n8/e0,615d220636eb1f04910b7d60e39bd581a072ebe175695977fd493793178e8a84,study/artifacts/evaluation/least_degree/seed-2/n-8/chunk-000000.json.gz,exact,least_degree,8,2,0
least_degree/s2/n8/e1,f6f41be9f25281f16beff442f44cf269bc14d0996f4a997040be3890939dfaa5,study/artifacts/evaluation/least_degree/seed-2/n-8/chunk-000000.json.gz,nonbipartite,least_degree,8,2,1
least_degree/s2/n9/e0,f0572c503d69774014959341047799407ca69817b3a4c0f5f0e6264a0089d1aa,study/artifacts/evaluation/least_degree/seed-2/n-9/chunk-000000.json.gz,nonbipartite,least_degree,9,2,0
least_degree/s3/n10/e0,b9498122de8ac0d30d989a122472fd585ab1fdbbbd3bb8d42884bab96ed16beb,study/artifacts/evaluation/least_degree/seed-3/n-10/chunk-000000.json.gz,nonbipartite,least_degree,10,3,0
least_degree/s3/n10/e8,55273fc11d5f7da7690a32df0656e371ccce0c97363d9171b4ddc71144a628ce,study/artifacts/evaluation/least_degree/seed-3/n-10/chunk-000000.json.gz,exact,least_degree,10,3,8
least_degree/s3/n11/e0,1550745fd707f9b5f6d7fe4f5bb492bfd91097181bdc9ce69a016b2976a548ca,study/artifacts/evaluation/least_degree/seed-3/n-11/chunk-000000.json.gz,nonbipartite,least_degree,11,3,0
least_degree/s3/n12/e0,e402a7171048859f15c7b833170ca1cd501e299c4a878fab8d5d9f061dca8bf9,study/artifacts/evaluation/least_degree/seed-3/n-12/chunk-000000.json.gz,nonbipartite,least_degree,12,3,0
least_degree/s3/n12/e1,4349ea9afc014d955b351fe24a790262cbc8256408157ed3df609e5d6c4a25a6,study/artifacts/evaluation/least_degree/seed-3/n-12/chunk-000000.json.gz,exact,least_degree,12,3,1
least_degree/s3/n13/e0,c780d483689529f4677b403e5697f580d0e052c34e771908c2aedd5796941d54,study/artifacts/evaluation/least_degree/seed-3/n-13/chunk-000000.json.gz,nonbipartite,least_degree,13,3,0
least_degree/s3/n14/e0,a279c6396b686861f74fd1aaafba21e825901a4a2d7aff417da7f47027d54248,study/artifacts/evaluation/least_degree/seed-3/n-14/chunk-000000.json.gz,nonbipartite,least_degree,14,3,0
least_degree/s3/n14/e54,0ab86d060196a8ffd0b92ae1b609b1e7893d1c672ce645561464b3a23aaa1f49,study/artifacts/evaluation/least_degree/seed-3/n-14/chunk-000032.json.gz,exact,least_degree,14,3,54
least_degree/s3/n15/e0,97669cb6d781b6cdedb34ac96b0080632a8a8d82c6d6dd1529643dc939203fe7,study/artifacts/evaluation/least_degree/seed-3/n-15/chunk-000000.json.gz,nonbipartite,least_degree,15,3,0
least_degree/s3/n16/e0,12ca01c70fa41dca8ecbad9cc283911498b2a8642ef8b9a079d232b115d2675c,study/artifacts/evaluation/least_degree/seed-3/n-16/chunk-000000.json.gz,nonbipartite,least_degree,16,3,0
least_degree/s3/n17/e0,7c33a4eacbfd91d0c91e161ed8fef8ff8d9d58b0f09d3c1e7a44fae738e52224,study/artifacts/evaluation/least_degree/seed-3/n-17/chunk-000000.json.gz,nonbipartite,least_degree,17,3,0
least_degree/s3/n20/e0,15d74eb521691862628ed6a1642db664b721550a185933d0ab6a1d62b0df589f,study/artifacts/evaluation/least_degree/seed-3/n-20/chunk-000000.json.gz,nonbipartite,least_degree,20,3,0
least_degree/s3/n23/e0,c3db6b167407e701d7fc8bc6daa41d40fcc777ad83c2723f73c73243ab19b4e3,study/artifacts/evaluation/least_degree/seed-3/n-23/chunk-000000.json.gz,nonbipartite,least_degree,23,3,0
least_degree/s3/n24/e0,06d1ce269ceaa7069157702e929a647336a0250379e2df559be50e913af9ede8,study/artifacts/evaluation/least_degree/seed-3/n-24/chunk-000000.json.gz,nonbipartite,least_degree,24,3,0
least_degree/s3/n25/e0,902879e12f5d277fe29f1aa94416500dd40ced37336d59d4389a8a9e8a551d69,study/artifacts/evaluation/least_degree/seed-3/n-25/chunk-000000.json.gz,nonbipartite,least_degree,25,3,0
least_degree/s3/n30/e0,6d29af4e6a9f214ad589027e0ed390dc2984a5e399de29850d5f1535a30dec14,study/artifacts/evaluation/least_degree/seed-3/n-30/chunk-000000.json.gz,nonbipartite,least_degree,30,3,0
least_degree/s3/n40/e0,3b00ca13a4058feec29e01ef3d53a71dd69e4c16c9ba68080d48abf9e34258d0,study/artifacts/evaluation/least_degree/seed-3/n-40/chunk-000000.json.gz,nonbipartite,least_degree,40,3,0
least_degree/s3/n6/e0,5143452781a68d74507fde2981166340a943ffc7737675db7bce618d526021f8,study/artifacts/evaluation/least_degree/seed-3/n-6/chunk-000000.json.gz,exact,least_degree,6,3,0
least_degree/s3/n6/e17,999dabc1a77b928fe370b65009f21c75c1036b01f92467675c1fac538c19c4f7,study/artifacts/evaluation/least_degree/seed-3/n-6/chunk-000000.json.gz,nonbipartite,least_degree,6,3,17
least_degree/s3/n7/e0,357a4e7440820faff680ecfeee54b5d5bd347fd944ea3d6e76b136d3de311d94,study/artifacts/evaluation/least_degree/seed-3/n-7/chunk-000000.json.gz,nonbipartite,least_degree,7,3,0
least_degree/s3/n7/e24,0a4f028092df289ef807fc9db1725e4af348a4f774f0a6bf0e7f2b3999a68950,study/artifacts/evaluation/least_degree/seed-3/n-7/chunk-000000.json.gz,exact,least_degree,7,3,24
least_degree/s3/n8/e0,4135a124f9c8d13fa858bbc981b949c5fe0b8b4c0039b9da2d1c443636b1e644,study/artifacts/evaluation/least_degree/seed-3/n-8/chunk-000000.json.gz,nonbipartite,least_degree,8,3,0
least_degree/s3/n8/e2,1dafdcb16be9aefa87aef4b9fd808b52de0f6739f63cae0d6865061cebb008e3,study/artifacts/evaluation/least_degree/seed-3/n-8/chunk-000000.json.gz,exact,least_degree,8,3,2
least_degree/s3/n9/e0,3b602e259cef0551bd0e9505ca1a6d5a35e61e03c728f5733542ea6f141c5324,study/artifacts/evaluation/least_degree/seed-3/n-9/chunk-000000.json.gz,nonbipartite,least_degree,9,3,0
least_degree/s4/n10/e0,e4bffd45241d27d1f68598deb722c2edfadbfb6a9a3e184619147a14fe462ba1,study/artifacts/evaluation/least_degree/seed-4/n-10/chunk-000000.json.gz,nonbipartite,least_degree,10,4,0
least_degree/s4/n10/e18,e7f390d3f84b012a5cf079680c6581a69bdffddbbbcf7df9ef28a6542c7e59be,study/artifacts/evaluation/least_degree/seed-4/n-10/chunk-000000.json.gz,exact,least_degree,10,4,18
least_degree/s4/n11/e0,49cc1ba02c73bcfdfa054457cf3c378ae5ac3713794fe3fdcedf00336c0d6254,study/artifacts/evaluation/least_degree/seed-4/n-11/chunk-000000.json.gz,nonbipartite,least_degree,11,4,0
least_degree/s4/n12/e0,bdafcb65fa5c1c2fa3d601c66874c967b3c62c32af285c6379ed41215d4c92be,study/artifacts/evaluation/least_degree/seed-4/n-12/chunk-000000.json.gz,nonbipartite,least_degree,12,4,0
least_degree/s4/n12/e4,df4a931798a58b942ea5e7f671faf93934f6e4207a48311fcfd70e1820bff556,study/artifacts/evaluation/least_degree/seed-4/n-12/chunk-000000.json.gz,exact,least_degree,12,4,4
least_degree/s4/n13/e0,f4916813f21062c2f42336c76c5cd0fd7741d2d68819594a5919d65264ace49d,study/artifacts/evaluation/least_degree/seed-4/n-13/chunk-000000.json.gz,nonbipartite,least_degree,13,4,0
least_degree/s4/n14/e0,64140432da84123ec5fd235c31b295f25f8023bc582b3e38484e14f270401947,study/artifacts/evaluation/least_degree/seed-4/n-14/chunk-000000.json.gz,nonbipartite,least_degree,14,4,0
least_degree/s4/n15/e0,c4e5967b75fe94c5a58d31610174dad1f15f84600a71edd4f12981e2063c7d64,study/artifacts/evaluation/least_degree/seed-4/n-15/chunk-000000.json.gz,nonbipartite,least_degree,15,4,0
least_degree/s4/n16/e0,00780577250483e619f6422cfc71f3135c67112c1411d07f35b9712f0d19fd96,study/artifacts/evaluation/least_degree/seed-4/n-16/chunk-000000.json.gz,nonbipartite,least_degree,16,4,0
least_degree/s4/n17/e0,949e0dc064b46fe5adbbd0cf73c2f3f84130895f4038f75ce50c97efe1fe6226,study/artifacts/evaluation/least_degree/seed-4/n-17/chunk-000000.json.gz,nonbipartite,least_degree,17,4,0
least_degree/s4/n20/e0,a375b9b38132e5938e801e2472ce7056a14abbe85ea4a3ee76cbb76846914a87,study/artifacts/evaluation/least_degree/seed-4/n-20/chunk-000000.json.gz,nonbipartite,least_degree,20,4,0
least_degree/s4/n23/e0,2be9bb2fc697111bd1f855f5dada92f9b56632a9a6347632737626f66ccd6cf0,study/artifacts/evaluation/least_degree/seed-4/n-23/chunk-000000.json.gz,nonbipartite,least_degree,23,4,0
least_degree/s4/n24/e0,42baaa809a4867e092254a99e2c93ff79e41bcb57ef7052a21f832fc1a620d7f,study/artifacts/evaluation/least_degree/seed-4/n-24/chunk-000000.json.gz,nonbipartite,least_degree,24,4,0
least_degree/s4/n25/e0,5a63a28e3ec2d046b65e407362070be7f58109fd66486204e30144b343689060,study/artifacts/evaluation/least_degree/seed-4/n-25/chunk-000000.json.gz,nonbipartite,least_degree,25,4,0
least_degree/s4/n30/e0,9fc9b0c201ee9e3e45b59e328ac84640e44b7cdbc32f44e9864e752155301845,study/artifacts/evaluation/least_degree/seed-4/n-30/chunk-000000.json.gz,nonbipartite,least_degree,30,4,0
least_degree/s4/n40/e0,991e40caeb53ebd20d1311ede84d9afeac9a03155de9762434a9db99bd082965,study/artifacts/evaluation/least_degree/seed-4/n-40/chunk-000000.json.gz,nonbipartite,least_degree,40,4,0
least_degree/s4/n6/e0,5143452781a68d74507fde2981166340a943ffc7737675db7bce618d526021f8,study/artifacts/evaluation/least_degree/seed-4/n-6/chunk-000000.json.gz,exact,least_degree,6,4,0
least_degree/s4/n6/e10,248c1f3456ad34802f26690347bdd5feff7d957d73c45b919edcbdc300246208,study/artifacts/evaluation/least_degree/seed-4/n-6/chunk-000000.json.gz,nonbipartite,least_degree,6,4,10
least_degree/s4/n7/e0,d3c709b5bd354c4d2f66f1d88a3af17ecb0819bba4c4728d8e3be71d6e0be39d,study/artifacts/evaluation/least_degree/seed-4/n-7/chunk-000000.json.gz,nonbipartite,least_degree,7,4,0
least_degree/s4/n7/e5,0a4f028092df289ef807fc9db1725e4af348a4f774f0a6bf0e7f2b3999a68950,study/artifacts/evaluation/least_degree/seed-4/n-7/chunk-000000.json.gz,exact,least_degree,7,4,5
least_degree/s4/n8/e0,26fe2ae32828768bb436905745b942cb05cb17ee67d906af8240512911e76d8c,study/artifacts/evaluation/least_degree/seed-4/n-8/chunk-000000.json.gz,exact,least_degree,8,4,0
least_degree/s4/n8/e1,83cfad122083f7f9473b4b2c31c9af81fa92ef4358250efeea98bf0ba38a11f7,study/artifacts/evaluation/least_degree/seed-4/n-8/chunk-000000.json.gz,nonbipartite,least_degree,8,4,1
least_degree/s4/n9/e0,707bacc2be8151f1e8cdb1d34c98c642a721268b6e6651cb44c678e041b2903e,study/artifacts/evaluation/least_degree/seed-4/n-9/chunk-000000.json.gz,nonbipartite,least_degree,9,4,0
lookahead/s0/n10/e0,19215c7bb8b4cbcba382124748988805db53a8bccb53deea41079e78ea27a604,study/artifacts/evaluation/lookahead/seed-0/n-10/chunk-000000.json.gz,exact,lookahead,10,0,0
lookahead/s0/n11/e0,bf0f77481e1d633629eb16e276621774957feaaadccaf2850b80598d8de41359,study/artifacts/evaluation/lookahead/seed-0/n-11/chunk-000000.json.gz,exact,lookahead,11,0,0
lookahead/s0/n12/e0,37adc2728953b27622d982eddcd5fa816a6b16cec25846b6797e63c8b697d24e,study/artifacts/evaluation/lookahead/seed-0/n-12/chunk-000000.json.gz,exact,lookahead,12,0,0
lookahead/s0/n13/e0,a92e3362ed865fadf837662f62b0071fdca39ab2f8f1a61b96d73453459c4cc8,study/artifacts/evaluation/lookahead/seed-0/n-13/chunk-000000.json.gz,exact,lookahead,13,0,0
lookahead/s0/n14/e0,cba8de919bb2f7b8a9aa2fbb476974c3782a59906cf2c60cbb92043399ed5c56,study/artifacts/evaluation/lookahead/seed-0/n-14/chunk-000000.json.gz,exact,lookahead,14,0,0
lookahead/s0/n15/e0,ee898bb9f7d0687726157c17c3141d13dd72252c289e2d6f82e309d1dffeca19,study/artifacts/evaluation/lookahead/seed-0/n-15/chunk-000000.json.gz,exact,lookahead,15,0,0
lookahead/s0/n16/e0,b639c6430a2a9bb33cb96146d058544c7de04e389bf779d84a5935470692ea56,study/artifacts/evaluation/lookahead/seed-0/n-16/chunk-000000.json.gz,exact,lookahead,16,0,0
lookahead/s0/n17/e0,59d1e527965c8ebdc2afb73548eb5a8b8fd57317cfecb7e3fa9df2ba20fb2ff9,study/artifacts/evaluation/lookahead/seed-0/n-17/chunk-000000.json.gz,exact,lookahead,17,0,0
lookahead/s0/n20/e0,dc7c4bf7da7576efb135dc360aa4e9b155ad9f4e8bdb3bad25e535bc318cc198,study/artifacts/evaluation/lookahead/seed-0/n-20/chunk-000000.json.gz,exact,lookahead,20,0,0
lookahead/s0/n23/e0,56139aed323f6f2aad18cd6e142fbd76cc93ad866d7b65d3f0038820509dd833,study/artifacts/evaluation/lookahead/seed-0/n-23/chunk-000000.json.gz,exact,lookahead,23,0,0
lookahead/s0/n24/e0,353e98875e80c378cc27c0a9e292dc175c8217484e1613565357b554706c850f,study/artifacts/evaluation/lookahead/seed-0/n-24/chunk-000000.json.gz,exact,lookahead,24,0,0
lookahead/s0/n25/e0,fa807be1e50637ed7a4484f1c667b5221548be57d4c2b7ae5a15a59ce7de0581,study/artifacts/evaluation/lookahead/seed-0/n-25/chunk-000000.json.gz,exact,lookahead,25,0,0
lookahead/s0/n30/e0,4b8ab310691fa8e8a8b609e45dd8e38dc88a1a1f9b2ebe95a961f2ff4b82c1a2,study/artifacts/evaluation/lookahead/seed-0/n-30/chunk-000000.json.gz,exact,lookahead,30,0,0
lookahead/s0/n40/e0,1d5e6b3bee231783fc6e5c3a3ef4cb56558ac900c52ed2c1d4f927f23d1a673d,study/artifacts/evaluation/lookahead/seed-0/n-40/chunk-000000.json.gz,exact,lookahead,40,0,0
lookahead/s0/n6/e0,b60c5209093712b71e117b8a18c09642cd97f3e27d260fb299105d7419dab1fb,study/artifacts/evaluation/lookahead/seed-0/n-6/chunk-000000.json.gz,exact,lookahead,6,0,0
lookahead/s0/n7/e0,2650a65eb8dbd84aef5504ef52edb528db837599b59eda587dfd242d428bcefa,study/artifacts/evaluation/lookahead/seed-0/n-7/chunk-000000.json.gz,exact,lookahead,7,0,0
lookahead/s0/n8/e0,b882bf4dc9d038643a726959e01011ea11120cea0bf95c2ae97fa85fd4e71776,study/artifacts/evaluation/lookahead/seed-0/n-8/chunk-000000.json.gz,exact,lookahead,8,0,0
lookahead/s0/n9/e0,56988dfc1f582eaab0776e6338cad01e6d4ba824bdfb04c0fdb172acdb14713b,study/artifacts/evaluation/lookahead/seed-0/n-9/chunk-000000.json.gz,exact,lookahead,9,0,0
lookahead/s1/n10/e0,1a47139b7e8784f46f62f3a79317b919ada37fae427d3029934b2f4431c301f5,study/artifacts/evaluation/lookahead/seed-1/n-10/chunk-000000.json.gz,exact,lookahead,10,1,0
lookahead/s1/n11/e0,77fbe88a61e9ee1959b3e18b85f1faa3b2e9518016af98634f063e9ee9743f77,study/artifacts/evaluation/lookahead/seed-1/n-11/chunk-000000.json.gz,exact,lookahead,11,1,0
lookahead/s1/n12/e0,ef53265519ef43531450576f21bd10578363c8949937d45756caa09f005dff48,study/artifacts/evaluation/lookahead/seed-1/n-12/chunk-000000.json.gz,exact,lookahead,12,1,0
lookahead/s1/n13/e0,c98ab08c65d932707e1d9069d13b606f02a621109a6d2c6dbe937ad2f6a3a489,study/artifacts/evaluation/lookahead/seed-1/n-13/chunk-000000.json.gz,exact,lookahead,13,1,0
lookahead/s1/n14/e0,c46deac74de3d1fe33480887d7cb9c612c4ac838f4d7291db20ad441f7cf60b4,study/artifacts/evaluation/lookahead/seed-1/n-14/chunk-000000.json.gz,exact,lookahead,14,1,0
lookahead/s1/n15/e0,34723631de5010b28d69afb2d37117ab3003c7721e11a368719d07d19fa7a945,study/artifacts/evaluation/lookahead/seed-1/n-15/chunk-000000.json.gz,exact,lookahead,15,1,0
lookahead/s1/n16/e0,adfadbb0f150c62729498409021f5c3b08f3b65e25467af2d2a6833e37e12665,study/artifacts/evaluation/lookahead/seed-1/n-16/chunk-000000.json.gz,exact,lookahead,16,1,0
lookahead/s1/n17/e0,08635c5d74893db3617b44e58f0565c1809e0d98f3f70d8783f2b089d0ae65ab,study/artifacts/evaluation/lookahead/seed-1/n-17/chunk-000000.json.gz,exact,lookahead,17,1,0
lookahead/s1/n20/e0,b6c390b06df05c233e96b274e15c85fd34ef63b8e26525f73005bd82812ff626,study/artifacts/evaluation/lookahead/seed-1/n-20/chunk-000000.json.gz,exact,lookahead,20,1,0
lookahead/s1/n23/e0,dfe0c7bfb1932121bc8343f772ea90f946418f3b8a6e5766185347484ae30331,study/artifacts/evaluation/lookahead/seed-1/n-23/chunk-000000.json.gz,exact,lookahead,23,1,0
lookahead/s1/n24/e0,88bbbb8e799663b1e20988b650d2809e5e35c14408414d5808669d038b57887d,study/artifacts/evaluation/lookahead/seed-1/n-24/chunk-000000.json.gz,exact,lookahead,24,1,0
lookahead/s1/n25/e0,9194358affef6313214d03d11ce5e60a7ea22ed12103a188518204b77e2fedaa,study/artifacts/evaluation/lookahead/seed-1/n-25/chunk-000000.json.gz,exact,lookahead,25,1,0
lookahead/s1/n30/e0,ff0bb550b9563677dab8e59d38918a1e6fbcf7f3de013fde966d324f3b280eb4,study/artifacts/evaluation/lookahead/seed-1/n-30/chunk-000000.json.gz,exact,lookahead,30,1,0
lookahead/s1/n40/e0,f1b2d9fc989dc6baac57e592dcc13a54692886434471f88c2a6a337d6383ef82,study/artifacts/evaluation/lookahead/seed-1/n-40/chunk-000000.json.gz,exact,lookahead,40,1,0
lookahead/s1/n6/e0,b60c5209093712b71e117b8a18c09642cd97f3e27d260fb299105d7419dab1fb,study/artifacts/evaluation/lookahead/seed-1/n-6/chunk-000000.json.gz,exact,lookahead,6,1,0
lookahead/s1/n7/e0,06bf8636d66a26fa8ab01f00ac4458895d238e652840dbb26032c09d829cccc3,study/artifacts/evaluation/lookahead/seed-1/n-7/chunk-000000.json.gz,exact,lookahead,7,1,0
lookahead/s1/n8/e0,f3f84d417775c75c7d00aff44083b334b4d7c01aae751361938b400c31341e1f,study/artifacts/evaluation/lookahead/seed-1/n-8/chunk-000000.json.gz,exact,lookahead,8,1,0
lookahead/s1/n9/e0,3f1446bb117d78d34d00629186fe995268a93231cf682754f42120d95d45cbe2,study/artifacts/evaluation/lookahead/seed-1/n-9/chunk-000000.json.gz,exact,lookahead,9,1,0
lookahead/s2/n10/e0,51f17e081ddb9a3f6e8e3b3f42a1c7cd505bc58d5423f75908cb2ee92d37422d,study/artifacts/evaluation/lookahead/seed-2/n-10/chunk-000000.json.gz,exact,lookahead,10,2,0
lookahead/s2/n11/e0,adb9821ae6ee323f3403877ceea157892eeaff1af2aec787537d6718d7aaa1e7,study/artifacts/evaluation/lookahead/seed-2/n-11/chunk-000000.json.gz,exact,lookahead,11,2,0
lookahead/s2/n12/e0,bb8abb3901eb8a3260fffd8cb6129837575d9498837461b67661cab5daa18bee,study/artifacts/evaluation/lookahead/seed-2/n-12/chunk-000000.json.gz,exact,lookahead,12,2,0
lookahead/s2/n13/e0,4766ec8be03fc820696d844b69b74998a211ad048364ad77e7510825505bc7b4,study/artifacts/evaluation/lookahead/seed-2/n-13/chunk-000000.json.gz,exact,lookahead,13,2,0
lookahead/s2/n14/e0,db2cc577ac9845dd5a8b7ea7d38820de2a1ec1335f5e77c21b5355f471fc5846,study/artifacts/evaluation/lookahead/seed-2/n-14/chunk-000000.json.gz,exact,lookahead,14,2,0
lookahead/s2/n15/e0,619f7187118fc443a43e3f462a481e5b2c5e998fed0eb35c079193c1c8ceda0c,study/artifacts/evaluation/lookahead/seed-2/n-15/chunk-000000.json.gz,exact,lookahead,15,2,0
lookahead/s2/n16/e0,f22caaf5609da709dc9d92dcc949af113deac37b86f5d3d7ba5309d0d2e400fa,study/artifacts/evaluation/lookahead/seed-2/n-16/chunk-000000.json.gz,exact,lookahead,16,2,0
lookahead/s2/n17/e0,a69026d21356857f8c03e6754760571ecb80f30cb0f1eb58eaba3b43824a103f,study/artifacts/evaluation/lookahead/seed-2/n-17/chunk-000000.json.gz,exact,lookahead,17,2,0
lookahead/s2/n20/e0,7bc6a1286d5021896d58273074d1e70ce6543dd2a57e802c0cc5e20ae1abc78f,study/artifacts/evaluation/lookahead/seed-2/n-20/chunk-000000.json.gz,exact,lookahead,20,2,0
lookahead/s2/n23/e0,4c05e7a2bf9b2497cf095b9db92fb0ca8aeeed2baebdcc8563d29dc092e1b86e,study/artifacts/evaluation/lookahead/seed-2/n-23/chunk-000000.json.gz,exact,lookahead,23,2,0
lookahead/s2/n24/e0,f17e14cf3c89539f61c31956d6e22eb9e20c10e8bb55794776afface07c6a03c,study/artifacts/evaluation/lookahead/seed-2/n-24/chunk-000000.json.gz,exact,lookahead,24,2,0
lookahead/s2/n25/e0,aa91daf9793b3c882ec165bd3d750cb8b90699fc423df6fcce551942a89bfabf,study/artifacts/evaluation/lookahead/seed-2/n-25/chunk-000000.json.gz,exact,lookahead,25,2,0
lookahead/s2/n30/e0,87662874fda38504d1dae8afd304f0c641a6a2f121e4fe51ea830a1f1f73bf54,study/artifacts/evaluation/lookahead/seed-2/n-30/chunk-000000.json.gz,exact,lookahead,30,2,0
lookahead/s2/n40/e0,5879dabe54499478280e0c7ba55b855ecb2954ea379bb708487a8c243c019d5c,study/artifacts/evaluation/lookahead/seed-2/n-40/chunk-000000.json.gz,exact,lookahead,40,2,0
lookahead/s2/n6/e0,688b2e0e642beefd197508c296aa64cd59c2e19411fa3f999e1dca65873b1e18,study/artifacts/evaluation/lookahead/seed-2/n-6/chunk-000000.json.gz,exact,lookahead,6,2,0
lookahead/s2/n7/e0,9e78b9f2b64475ba8a0469fe27350c7d3c23ffda749f35e2b087a57268a084af,study/artifacts/evaluation/lookahead/seed-2/n-7/chunk-000000.json.gz,exact,lookahead,7,2,0
lookahead/s2/n8/e0,193c4ac75ec1be0caf185562e869fd4aec453076b628d99783f4e4135350b0d4,study/artifacts/evaluation/lookahead/seed-2/n-8/chunk-000000.json.gz,exact,lookahead,8,2,0
lookahead/s2/n9/e0,276a73265d62ee67276445df78c05bea75f6d3837d4712f5f84c7df168a2f855,study/artifacts/evaluation/lookahead/seed-2/n-9/chunk-000000.json.gz,exact,lookahead,9,2,0
lookahead/s3/n10/e0,18d567f485cb9e1fa69c7e38d37c1bd7c3ac6d87bdee75f6f9471a76e4ba2f7e,study/artifacts/evaluation/lookahead/seed-3/n-10/chunk-000000.json.gz,exact,lookahead,10,3,0
lookahead/s3/n11/e0,f57f41ccd3a5f903f0fbff4d576f832ace068729aed73e314bebf73d9cf0b6fb,study/artifacts/evaluation/lookahead/seed-3/n-11/chunk-000000.json.gz,exact,lookahead,11,3,0
lookahead/s3/n12/e0,b82a567394396830781e0c021703f53b83a28be07fb4597a819fd6b34f3c9e31,study/artifacts/evaluation/lookahead/seed-3/n-12/chunk-000000.json.gz,exact,lookahead,12,3,0
lookahead/s3/n13/e0,bd176532c69468fb4dd734b9a26d66982bc45e3721dd759f2d26e566dc1a4f59,study/artifacts/evaluation/lookahead/seed-3/n-13/chunk-000000.json.gz,exact,lookahead,13,3,0
lookahead/s3/n14/e0,8fbe29d12c228fb35204487c08feed9861c84022f1e9487f313650f733f5319d,study/artifacts/evaluation/lookahead/seed-3/n-14/chunk-000000.json.gz,exact,lookahead,14,3,0
lookahead/s3/n15/e0,5f6609b746d18991b600408af337007c8e2ebbf2a9ef31429d1e44f1ddab9f83,study/artifacts/evaluation/lookahead/seed-3/n-15/chunk-000000.json.gz,exact,lookahead,15,3,0
lookahead/s3/n16/e0,193a9f9cb2f0c214ee13021ee2f1863bda69dc218c929a03c8751e31326a66d2,study/artifacts/evaluation/lookahead/seed-3/n-16/chunk-000000.json.gz,exact,lookahead,16,3,0
lookahead/s3/n17/e0,7b16218a482d5ed6bb6831d750eebbe323da5b65b92e300880e3d916aecda229,study/artifacts/evaluation/lookahead/seed-3/n-17/chunk-000000.json.gz,exact,lookahead,17,3,0
lookahead/s3/n20/e0,06238c151210c600abd2ca0d2b5c88eeb69be16857534b90403ac63f163945da,study/artifacts/evaluation/lookahead/seed-3/n-20/chunk-000000.json.gz,exact,lookahead,20,3,0
lookahead/s3/n23/e0,42917f8e3993ec6d4011a4855f039971edb278d036204e67c84d80380ac5a1f6,study/artifacts/evaluation/lookahead/seed-3/n-23/chunk-000000.json.gz,exact,lookahead,23,3,0
lookahead/s3/n24/e0,c98fa5cceaa10a47e1362f58af6c1dd9f77e12d7cff25b00102d41ae012f2e05,study/artifacts/evaluation/lookahead/seed-3/n-24/chunk-000000.json.gz,exact,lookahead,24,3,0
lookahead/s3/n25/e0,51ebc26299305ed6ad5e9b30e38b643b9907820da9e5734fbcc0c99235be99a2,study/artifacts/evaluation/lookahead/seed-3/n-25/chunk-000000.json.gz,exact,lookahead,25,3,0
lookahead/s3/n30/e0,4b114425b8d9a3072e2cbce535e34a83b3c463d1baee2ce50c77aa28c77f03fa,study/artifacts/evaluation/lookahead/seed-3/n-30/chunk-000000.json.gz,exact,lookahead,30,3,0
lookahead/s3/n40/e0,f1a50884e04610f7c3c1bd9c203b47431fa4ef3975aafce13b936e300a0af475,study/artifacts/evaluation/lookahead/seed-3/n-40/chunk-000000.json.gz,exact,lookahead,40,3,0
lookahead/s3/n6/e0,5143452781a68d74507fde2981166340a943ffc7737675db7bce618d526021f8,study/artifacts/evaluation/lookahead/seed-3/n-6/chunk-000000.json.gz,exact,lookahead,6,3,0
lookahead/s3/n7/e0,4ffb48b6705afb76c2c8b70526dcabe7305ff989188d88ec580adda9dab8cad7,study/artifacts/evaluation/lookahead/seed-3/n-7/chunk-000000.json.gz,exact,lookahead,7,3,0
lookahead/s3/n8/e0,941dbc1808c4e16a3715406a51b4d2babbccab22e3ce14fc67f24f9ae6dc8a79,study/artifacts/evaluation/lookahead/seed-3/n-8/chunk-000000.json.gz,exact,lookahead,8,3,0
lookahead/s3/n9/e0,8a740128a6620d2e54f845848dbd83f342b54eab876bf46d6b9ebbda627bc80a,study/artifacts/evaluation/lookahead/seed-3/n-9/chunk-000000.json.gz,exact,lookahead,9,3,0
lookahead/s4/n10/e0,4910f0bbef96e01f52c79a4434a2faf6aaf7890db44556f0db74a37caf675c15,study/artifacts/evaluation/lookahead/seed-4/n-10/chunk-000000.json.gz,exact,lookahead,10,4,0
lookahead/s4/n11/e0,f78aaab4fa54a7e56de14a02bf8d793adf4910a6eddeb232c1748e2504019f34,study/artifacts/evaluation/lookahead/seed-4/n-11/chunk-000000.json.gz,exact,lookahead,11,4,0
lookahead/s4/n12/e0,87fffaaf05f5c95981283745ac60f8093384d4548636bb9ff7a35ca69f93a250,study/artifacts/evaluation/lookahead/seed-4/n-12/chunk-000000.json.gz,exact,lookahead,12,4,0
lookahead/s4/n13/e0,c283ce83e6bff7556db55028073683305c7668926b4a026931b7289f055c2512,study/artifacts/evaluation/lookahead/seed-4/n-13/chunk-000000.json.gz,exact,lookahead,13,4,0
lookahead/s4/n14/e0,1a4586d081e1d4dabc29f9303b5a46ab03993950f57820ad0a66fadb2c0965e8,study/artifacts/evaluation/lookahead/seed-4/n-14/chunk-000000.json.gz,exact,lookahead,14,4,0
lookahead/s4/n15/e0,64e9d33d39910dbfdc4a582c7b73a23012535cff6b25b257bcbface86a058c42,study/artifacts/evaluation/lookahead/seed-4/n-15/chunk-000000.json.gz,exact,lookahead,15,4,0
lookahead/s4/n16/e0,a25126dd307d5d0ab28fcdcc744bf18be693aed20052b231ea3752832d5a5376,study/artifacts/evaluation/lookahead/seed-4/n-16/chunk-000000.json.gz,exact,lookahead,16,4,0
lookahead/s4/n17/e0,022ad45628f01c004a24c91f146bd2b232b52f3551711c2e87ae1b8a1e4ac09d,study/artifacts/evaluation/lookahead/seed-4/n-17/chunk-000000.json.gz,exact,lookahead,17,4,0
lookahead/s4/n20/e0,80779c3e89be1efc58bbabf4256e77cc2b54187c80644f4ccc70f4ec24f350d3,study/artifacts/evaluation/lookahead/seed-4/n-20/chunk-000000.json.gz,exact,lookahead,20,4,0
lookahead/s4/n23/e0,360b5c2e69863473849e69a989b51ea3f389fd09835d7ce38fb502f9071a864c,study/artifacts/evaluation/lookahead/seed-4/n-23/chunk-000000.json.gz,exact,lookahead,23,4,0
lookahead/s4/n24/e0,d0a03c97ed4361d0f8a4718daee0519ebcacfabee2869f5d7302f1ad1115ced1,study/artifacts/evaluation/lookahead/seed-4/n-24/chunk-000000.json.gz,exact,lookahead,24,4,0
lookahead/s4/n25/e0,6ad1cb3bb1f850946fc26d76abf7d2095ad4eb2f515b05ed852d01e8d48030dd,study/artifacts/evaluation/lookahead/seed-4/n-25/chunk-000000.json.gz,exact,lookahead,25,4,0
lookahead/s4/n30/e0,dd123ab5d1750ab5d5361766aa2c127527899d1b35bd1dc2fc7fb336a8a6567d,study/artifacts/evaluation/lookahead/seed-4/n-30/chunk-000000.json.gz,exact,lookahead,30,4,0
lookahead/s4/n40/e0,0bc0634c869839c3991f9f6b54eb312172b533b54596f6857092bb972570862f,study/artifacts/evaluation/lookahead/seed-4/n-40/chunk-000000.json.gz,exact,lookahead,40,4,0
lookahead/s4/n6/e0,b60c5209093712b71e117b8a18c09642cd97f3e27d260fb299105d7419dab1fb,study/artifacts/evaluation/lookahead/seed-4/n-6/chunk-000000.json.gz,exact,lookahead,6,4,0
lookahead/s4/n7/e0,3e93e15b6b0117744e06b9b0eb615a1349f15c3cb636ba73403088148cea2521,study/artifacts/evaluation/lookahead/seed-4/n-7/chunk-000000.json.gz,exact,lookahead,7,4,0
lookahead/s4/n8/e0,26fe2ae32828768bb436905745b942cb05cb17ee67d906af8240512911e76d8c,study/artifacts/evaluation/lookahead/seed-4/n-8/chunk-000000.json.gz,exact,lookahead,8,4,0
lookahead/s4/n9/e0,b1fd20af62b18b3ca20737a328a2897cce8076a9d7413a67e44ccf7a3f2145da,study/artifacts/evaluation/lookahead/seed-4/n-9/chunk-000000.json.gz,exact,lookahead,9,4,0
mlp/s0/n10/e0,2e88937a50d0a6ffe1cf12871627030bd35f33f93747ed5297b9f30d298e0349,study/artifacts/evaluation/mlp/seed-0/n-10/chunk-000000.json.gz,exact,mlp,10,0,0
mlp/s0/n10/e9,262f9a92e07466cd6b8d512bafdadae29cd8e2426483eac97357a6eaeff2cccf,study/artifacts/evaluation/mlp/seed-0/n-10/chunk-000000.json.gz,unbalanced_bipartite,mlp,10,0,9
mlp/s0/n10/e28,1309ed45d8a10a72fe45b05cc0e29d8fe23d751277b47838e4bdb1aa3a150644,study/artifacts/evaluation/mlp/seed-0/n-10/chunk-000000.json.gz,nonbipartite,mlp,10,0,28
mlp/s0/n11/e0,fd18e1d863557e4709eb8b74d69846e70d7c2751b66513b27e6bcd432249dac1,study/artifacts/evaluation/mlp/seed-0/n-11/chunk-000000.json.gz,exact,mlp,11,0,0
mlp/s0/n11/e8,35609a55cd8c145271ffb7085f418ea9961f9acbb2161a0db729c17e2a93c478,study/artifacts/evaluation/mlp/seed-0/n-11/chunk-000000.json.gz,nonbipartite,mlp,11,0,8
mlp/s0/n12/e0,a90dfcf0dbc27d5bb0cbd9c3f93dedf082328c03ad3adc5a4160da84934ee450,study/artifacts/evaluation/mlp/seed-0/n-12/chunk-000000.json.gz,exact,mlp,12,0,0
mlp/s0/n12/e4,79e0745b720c27f86fd95b39a5254c7e5fef28eba6a46b4153f8b33a5ee5350d,study/artifacts/evaluation/mlp/seed-0/n-12/chunk-000000.json.gz,nonbipartite,mlp,12,0,4
mlp/s0/n12/e10,5b2eed2415a02d6705f42efc987d5853201325fe9e2475025edd08fa728adec5,study/artifacts/evaluation/mlp/seed-0/n-12/chunk-000000.json.gz,unbalanced_bipartite,mlp,12,0,10
mlp/s0/n13/e0,5b9adff2e2ab95293cbb97b23790874692aa29249172db6381a78e112d6e967b,study/artifacts/evaluation/mlp/seed-0/n-13/chunk-000000.json.gz,exact,mlp,13,0,0
mlp/s0/n13/e12,efceecd647e796b3a35b368c220f6c655b03a3233a258a72f59bf77280cd9264,study/artifacts/evaluation/mlp/seed-0/n-13/chunk-000000.json.gz,nonbipartite,mlp,13,0,12
mlp/s0/n13/e28,78e9d29d4c131ea77f0a44069794755ed1f7cba8537b7427bb6e7580bd043035,study/artifacts/evaluation/mlp/seed-0/n-13/chunk-000000.json.gz,unbalanced_bipartite,mlp,13,0,28
mlp/s0/n14/e0,8bcd6f4a9a4dedd4c328430f17a0c2519cfb7dc0c5c197744550034075486eaa,study/artifacts/evaluation/mlp/seed-0/n-14/chunk-000000.json.gz,exact,mlp,14,0,0
mlp/s0/n14/e2,551553a2bbca6185150440ae6773f875f3cab4f32a408beb5d9e1af6e47def6c,study/artifacts/evaluation/mlp/seed-0/n-14/chunk-000000.json.gz,nonbipartite,mlp,14,0,2
mlp/s0/n14/e6,3f5b7319647eb211bc0c8363b7a689d53b495606473d00451a1185aab2d5d5b8,study/artifacts/evaluation/mlp/seed-0/n-14/chunk-000000.json.gz,unbalanced_bipartite,mlp,14,0,6
mlp/s0/n15/e0,0decd5aed86f6d142e2f1b3e1e01e92d054b87b5e085397d047cd85850c44a01,study/artifacts/evaluation/mlp/seed-0/n-15/chunk-000000.json.gz,exact,mlp,15,0,0
mlp/s0/n15/e1,d02c8c6d6ba75ad9baa0a3343a16a0229b30e8ece39b7cd317f09e463f69cfab,study/artifacts/evaluation/mlp/seed-0/n-15/chunk-000000.json.gz,nonbipartite,mlp,15,0,1
mlp/s0/n15/e84,c9e70894453b777c5a4d24396954f40eb8c2800db269db0a28498e68c7a99aea,study/artifacts/evaluation/mlp/seed-0/n-15/chunk-000064.json.gz,unbalanced_bipartite,mlp,15,0,84
mlp/s0/n16/e0,3971873fcbc19f46bc0e2dc9ab9d484fba81ef25efc811a61ccdb35917f411cd,study/artifacts/evaluation/mlp/seed-0/n-16/chunk-000000.json.gz,unbalanced_bipartite,mlp,16,0,0
mlp/s0/n16/e1,1ad0ac7c7976bfacd53a2a0f568c3291dcca8e2acd1ee906d5147263b2ad53ef,study/artifacts/evaluation/mlp/seed-0/n-16/chunk-000000.json.gz,nonbipartite,mlp,16,0,1
mlp/s0/n16/e2,559808f3a7071472498df554db76ca35fe36ff9ca737a0c4e7fe1d047bc447f5,study/artifacts/evaluation/mlp/seed-0/n-16/chunk-000000.json.gz,exact,mlp,16,0,2
mlp/s0/n17/e0,71d4654df6918415747bac46b52acda39dab8280242317663fe6cbce57c30f8e,study/artifacts/evaluation/mlp/seed-0/n-17/chunk-000000.json.gz,nonbipartite,mlp,17,0,0
mlp/s0/n17/e1,7137005b4b3aac39fb78b7d3816b7b6580b474b683c36c961a04b698f6f448ca,study/artifacts/evaluation/mlp/seed-0/n-17/chunk-000000.json.gz,exact,mlp,17,0,1
mlp/s0/n17/e13,b3daa8640c1309e76f4f360dadb8cc3a9a223a9bf7ef149cf1491421d58b63e1,study/artifacts/evaluation/mlp/seed-0/n-17/chunk-000000.json.gz,unbalanced_bipartite,mlp,17,0,13
mlp/s0/n20/e0,f175134210eb82b7fe32a3405060c1d62ae39ef52abb367e1bcbe73b8d1dc60f,study/artifacts/evaluation/mlp/seed-0/n-20/chunk-000000.json.gz,exact,mlp,20,0,0
mlp/s0/n20/e1,197af2615395248c8b083987ac3c16e5b025e22b8105c95dfcea9763dc2476ae,study/artifacts/evaluation/mlp/seed-0/n-20/chunk-000000.json.gz,nonbipartite,mlp,20,0,1
mlp/s0/n20/e3,b1a3e56c6a662af43faa44224f3febb653de4a1672b6d01f88e58171df982580,study/artifacts/evaluation/mlp/seed-0/n-20/chunk-000000.json.gz,unbalanced_bipartite,mlp,20,0,3
mlp/s0/n23/e0,884ea95e0c71e1cc244ebddf5cca1058f20f6824f3d8f4f22bc1fba2638a17c5,study/artifacts/evaluation/mlp/seed-0/n-23/chunk-000000.json.gz,unbalanced_bipartite,mlp,23,0,0
mlp/s0/n23/e1,a5b2ed6ac0b4959aa4971b4f3e760cdc309ea55486b1641aa71eb46ba90cc70c,study/artifacts/evaluation/mlp/seed-0/n-23/chunk-000000.json.gz,exact,mlp,23,0,1
mlp/s0/n23/e3,e0700d580f419c79c23e4b5276e75b19da61dcbf711d7c254dc3796cd577edb7,study/artifacts/evaluation/mlp/seed-0/n-23/chunk-000000.json.gz,nonbipartite,mlp,23,0,3
mlp/s0/n24/e0,e11b7bf57e5cb33b935c724ba5353354798a230dfdab0018800e9456cbf48644,study/artifacts/evaluation/mlp/seed-0/n-24/chunk-000000.json.gz,nonbipartite,mlp,24,0,0
mlp/s0/n24/e1,c37fdb78502c4b8e7855ae85fceea606be230a58ca923182d6d2de8708ac5bc6,study/artifacts/evaluation/mlp/seed-0/n-24/chunk-000000.json.gz,unbalanced_bipartite,mlp,24,0,1
mlp/s0/n24/e2,0ae628a9ae7a2fb0c32930d02b4bdf0e9652bde425ec0c23e9883a9932042841,study/artifacts/evaluation/mlp/seed-0/n-24/chunk-000000.json.gz,exact,mlp,24,0,2
mlp/s0/n6/e0,688b2e0e642beefd197508c296aa64cd59c2e19411fa3f999e1dca65873b1e18,study/artifacts/evaluation/mlp/seed-0/n-6/chunk-000000.json.gz,exact,mlp,6,0,0
mlp/s0/n6/e3,729c87856354d6827ee2614c1317ebb5afb615eeec3f7b3887ecd918178f16ef,study/artifacts/evaluation/mlp/seed-0/n-6/chunk-000000.json.gz,unbalanced_bipartite,mlp,6,0,3
mlp/s0/n7/e0,6668667bffd21feb9f1fd8bf3c1e6f6e95ee5f657561307e5282813bc9d2d9e2,study/artifacts/evaluation/mlp/seed-0/n-7/chunk-000000.json.gz,exact,mlp,7,0,0
mlp/s0/n8/e0,9794914e10a3a42cd35a2964008f71767fa902e11dc969332df2be36cc811c02,study/artifacts/evaluation/mlp/seed-0/n-8/chunk-000000.json.gz,unbalanced_bipartite,mlp,8,0,0
mlp/s0/n8/e1,afd64f45894fc9f4ae19859c4f4a02153d33953802bf375b24ffefd264dfb060,study/artifacts/evaluation/mlp/seed-0/n-8/chunk-000000.json.gz,exact,mlp,8,0,1
mlp/s0/n8/e44,8e1579ce3c65746f8a3b0e95f34ce22ea4e6cc7cc7a008ef56386129332bb708,study/artifacts/evaluation/mlp/seed-0/n-8/chunk-000032.json.gz,nonbipartite,mlp,8,0,44
mlp/s0/n9/e0,d5c57efd7e372457908df5458ee6d3a2da82155f286c35a35377b95b30556383,study/artifacts/evaluation/mlp/seed-0/n-9/chunk-000000.json.gz,exact,mlp,9,0,0
mlp/s0/n9/e22,3cbdb6a18011f0a6602f7dea96c0594288372a31691ca95f5c45e57353de21be,study/artifacts/evaluation/mlp/seed-0/n-9/chunk-000000.json.gz,nonbipartite,mlp,9,0,22
mlp/s0/n9/e25,604b2240ef247dc520c7648fe6b26a7d89a60b730fbe0ed0072b3ecf104488c1,study/artifacts/evaluation/mlp/seed-0/n-9/chunk-000000.json.gz,unbalanced_bipartite,mlp,9,0,25
mlp/s1/n10/e0,34654a3a5b46453bd11a9bf4392e22d606cf435746bcfe0ad20be6b64133cf1e,study/artifacts/evaluation/mlp/seed-1/n-10/chunk-000000.json.gz,unbalanced_bipartite,mlp,10,1,0
mlp/s1/n10/e1,6fe00197a9c84bd93c1992a1601c0ce513dff8d8779c8d284346d23d5412ad90,study/artifacts/evaluation/mlp/seed-1/n-10/chunk-000000.json.gz,nonbipartite,mlp,10,1,1
mlp/s1/n10/e2,f9efc83ef0a17d2fa7d238dac450bc65cf3e8c6a34137b6c3c482d231975f6e1,study/artifacts/evaluation/mlp/seed-1/n-10/chunk-000000.json.gz,exact,mlp,10,1,2
mlp/s1/n11/e0,9731f935327cf3a69eb33f09e9044c8b85998dcc299b671daac0cb4e5d7ff874,study/artifacts/evaluation/mlp/seed-1/n-11/chunk-000000.json.gz,exact,mlp,11,1,0
mlp/s1/n11/e1,0ecac153fa6196b3ba9b70fd804c43f4a177e446d38bef091adcc6c25f8541ac,study/artifacts/evaluation/mlp/seed-1/n-11/chunk-000000.json.gz,unbalanced_bipartite,mlp,11,1,1
mlp/s1/n11/e34,9b674f9ba5cadd761b4d4eaa295c312de455628c13b248053c01eb7ff9340563,study/artifacts/evaluation/mlp/seed-1/n-11/chunk-000032.json.gz,nonbipartite,mlp,11,1,34
mlp/s1/n12/e0,17679c3b944edac2fae024a1e5a1d5a04c013a9871e9bde23fa08f07afa7b52a,study/artifacts/evaluation/mlp/seed-1/n-12/chunk-000000.json.gz,exact,mlp,12,1,0
mlp/s1/n12/e4,4b095b13cfa00157b0eedf20bdfd7dea65861562c32675b56ded1fc0e3ed36bd,study/artifacts/evaluation/mlp/seed-1/n-12/chunk-000000.json.gz,unbalanced_bipartite,mlp,12,1,4
mlp/s1/n12/e6,460404f20c5766729d588d748999178b05e087e0495eb66f801ba6d1de5bf029,study/artifacts/evaluation/mlp/seed-1/n-12/chunk-000000.json.gz,nonbipartite,mlp,12,1,6
mlp/s1/n13/e0,7662716eaa6c69cc039d0b514c0d9f6d9cf348d8e742ba2bf02c02b156f15033,study/artifacts/evaluation/mlp/seed-1/n-13/chunk-000000.json.gz,exact,mlp,13,1,0
mlp/s1/n13/e4,7f75e72cd307045d9949cd5c6776e529df1e4e6fd402ddbbd7c09eb612b11f0a,study/artifacts/evaluation/mlp/seed-1/n-13/chunk-000000.json.gz,nonbipartite,mlp,13,1,4
mlp/s1/n13/e17,c1b589a2e93359a95673a2f56b9e91d2b0d7f88afac3c41b66d793b5a4c8525d,study/artifacts/evaluation/mlp/seed-1/n-13/chunk-000000.json.gz,unbalanced_bipartite,mlp,13,1,17
mlp/s1/n14/e0,3c0aad47a925a44f053a10170d12d161e31abd25aa843effed7fd75b3750fe7e,study/artifacts/evaluation/mlp/seed-1/n-14/chunk-000000.json.gz,unbalanced_bipartite,mlp,14,1,0
mlp/s1/n14/e1,3c8ed0c8d40313dda86b77f5c1aa3426b957690aca7907ade0941fef3be7b376,study/artifacts/evaluation/mlp/seed-1/n-14/chunk-000000.json.gz,exact,mlp,14,1,1
mlp/s1/n14/e5,bac5bc9b7a24c6c08bbd75db4ca892a475dbad707fade502f1ebf031b325d04c,study/artifacts/evaluation/mlp/seed-1/n-14/chunk-000000.json.gz,nonbipartite,mlp,14,1,5
mlp/s1/n15/e0,1a1705e51c8fe6f506640195e1590f9f6bb5b4a82c6366748bfc7219ea022817,study/artifacts/evaluation/mlp/seed-1/n-15/chunk-000000.json.gz,nonbipartite,mlp,15,1,0
mlp/s1/n15/e1,b94915643e683ed4fd890a068f33e24c2becdbdcbda923f5309a05b450cfba70,study/artifacts/evaluation/mlp/seed-1/n-15/chunk-000000.json.gz,exact,mlp,15,1,1
mlp/s1/n15/e25,96efcae6ac7b5f2736351fe7589167035043d27495a9053b97eac92aea7afdac,study/artifacts/evaluation/mlp/seed-1/n-15/chunk-000000.json.gz,unbalanced_bipartite,mlp,15,1,25
mlp/s1/n16/e0,0c47fcb84fe2e409737733b33d1673b4911298b419067a39341c0dc4d234702c,study/artifacts/evaluation/mlp/seed-1/n-16/chunk-000000.json.gz,nonbipartite,mlp,16,1,0
mlp/s1/n16/e1,6f90dfcab2c23e0eb35484fba0028292ff4b5f977cdff2e98714dd71d8232d00,study/artifacts/evaluation/mlp/seed-1/n-16/chunk-000000.json.gz,unbalanced_bipartite,mlp,16,1,1
mlp/s1/n16/e2,8cf99e6f71804aab8a7be501200e093d651c6be914590dd9b8fe2db1e2d3ae75,study/artifacts/evaluation/mlp/seed-1/n-16/chunk-000000.json.gz,exact,mlp,16,1,2
mlp/s1/n17/e0,f39c54740fa3513ceee71edaf81957c085dd013aa8853bdc89d6824ef4fe3564,study/artifacts/evaluation/mlp/seed-1/n-17/chunk-000000.json.gz,exact,mlp,17,1,0
mlp/s1/n17/e2,f7bb12c4b127d1aace04d34eaef56a76d4767993a7e1c76624da05843145273f,study/artifacts/evaluation/mlp/seed-1/n-17/chunk-000000.json.gz,nonbipartite,mlp,17,1,2
mlp/s1/n17/e9,8b9677e5ab4d38b09e923878ed2166cd20b2c046d777a3577f1d4f2bfe88c71c,study/artifacts/evaluation/mlp/seed-1/n-17/chunk-000000.json.gz,unbalanced_bipartite,mlp,17,1,9
mlp/s1/n20/e0,d51a90694f0d2abdd366879ad30f24b36bf8be9446aa5f9bdf74cfc38fdab712,study/artifacts/evaluation/mlp/seed-1/n-20/chunk-000000.json.gz,exact,mlp,20,1,0
mlp/s1/n20/e3,242336d062d1a550a978608f51797388370c0fbbfa6f900b137d1bec95cd6f83,study/artifacts/evaluation/mlp/seed-1/n-20/chunk-000000.json.gz,nonbipartite,mlp,20,1,3
mlp/s1/n20/e8,693125ed4c1fa753a61da4196f1405e78e8bd704d36142b7ebac5be85f74796e,study/artifacts/evaluation/mlp/seed-1/n-20/chunk-000000.json.gz,unbalanced_bipartite,mlp,20,1,8
mlp/s1/n23/e0,6752bf5431785a19c98ddea99069c6e7df503083502000cd2d55a49b68d2d268,study/artifacts/evaluation/mlp/seed-1/n-23/chunk-000000.json.gz,unbalanced_bipartite,mlp,23,1,0
mlp/s1/n23/e1,cf6ab0eecc107d6dcd9a3472896a997824cfb05b8906ff0c35a97d6d29a8317d,study/artifacts/evaluation/mlp/seed-1/n-23/chunk-000000.json.gz,exact,mlp,23,1,1
mlp/s1/n23/e2,b3bdb2d0624dfc64173d47161d1401c681e81b10a852086e371b52a07f92880c,study/artifacts/evaluation/mlp/seed-1/n-23/chunk-000000.json.gz,nonbipartite,mlp,23,1,2
mlp/s1/n24/e0,860eebc840966b1bf6c82150473c223356ad1d9f73fafbda34ff98e6c5527aae,study/artifacts/evaluation/mlp/seed-1/n-24/chunk-000000.json.gz,exact,mlp,24,1,0
mlp/s1/n24/e2,82c7d7a64393b070a821644db0ac8ecb423b1c85b29d82d25aa4f223801f80b3,study/artifacts/evaluation/mlp/seed-1/n-24/chunk-000000.json.gz,unbalanced_bipartite,mlp,24,1,2
mlp/s1/n24/e4,c94cac7c030fc5d569b3e1d3f4c09b17139a4760e0e33b296ff674d5a3628604,study/artifacts/evaluation/mlp/seed-1/n-24/chunk-000000.json.gz,nonbipartite,mlp,24,1,4
mlp/s1/n6/e0,c5af337883d203b71c32392447c9d4bf463e1e6ff5f09e1b5be4b4c34f2cd98b,study/artifacts/evaluation/mlp/seed-1/n-6/chunk-000000.json.gz,exact,mlp,6,1,0
mlp/s1/n6/e8,1e31e3ab9252e3fd3164120e2cd81ffd541960c54104f6a1ac356e952f657e6d,study/artifacts/evaluation/mlp/seed-1/n-6/chunk-000000.json.gz,unbalanced_bipartite,mlp,6,1,8
mlp/s1/n7/e0,190d5476fd0d1549764e930d839a085bba892117a4b5a27d888be0f4ee683390,study/artifacts/evaluation/mlp/seed-1/n-7/chunk-000000.json.gz,nonbipartite,mlp,7,1,0
mlp/s1/n7/e1,d9a63c72000c7a9b393cad3bb042f88b22344e87073612a409803737e67295e0,study/artifacts/evaluation/mlp/seed-1/n-7/chunk-000000.json.gz,exact,mlp,7,1,1
mlp/s1/n8/e0,87dbc5040f8ab3443081863f0747a1e1ebaaa0ea9b5cb8f62135f7673da207ab,study/artifacts/evaluation/mlp/seed-1/n-8/chunk-000000.json.gz,exact,mlp,8,1,0
mlp/s1/n8/e4,e061b7af6ecbf5f01a7ef667bf83cdfeb3c990e85ab5364d2c310f07ac35100c,study/artifacts/evaluation/mlp/seed-1/n-8/chunk-000000.json.gz,unbalanced_bipartite,mlp,8,1,4
mlp/s1/n8/e45,9bc0aaac51fff43474e9013d77e4cc380ffe0b28319c185e88eee6faf37b1fe8,study/artifacts/evaluation/mlp/seed-1/n-8/chunk-000032.json.gz,nonbipartite,mlp,8,1,45
mlp/s1/n9/e0,817a77c9f75d2aa5a3fbb853fb0f12cd43a2f771148f9f6b138a33d46de7b1b4,study/artifacts/evaluation/mlp/seed-1/n-9/chunk-000000.json.gz,exact,mlp,9,1,0
mlp/s1/n9/e45,b154271da2fcf01948293bc730c9edb49d3f2efa59cb6de9769ebe29ec0ffc8d,study/artifacts/evaluation/mlp/seed-1/n-9/chunk-000032.json.gz,nonbipartite,mlp,9,1,45
mlp/s2/n10/e0,d812c5a6830a2c57d315f95b6c6d69f125b6639f381378e89ddd8e1c44e5e63d,study/artifacts/evaluation/mlp/seed-2/n-10/chunk-000000.json.gz,unbalanced_bipartite,mlp,10,2,0
mlp/s2/n10/e1,d547177c483a1fce96219bca32754e0441827c829a946f8a8cbadef6fa8db020,study/artifacts/evaluation/mlp/seed-2/n-10/chunk-000000.json.gz,exact,mlp,10,2,1
mlp/s2/n10/e8,1fa80e8fd2a472f3104acc158dd72fdd23f71d1f60fe2fbc0733f1d1dd5bd215,study/artifacts/evaluation/mlp/seed-2/n-10/chunk-000000.json.gz,nonbipartite,mlp,10,2,8
mlp/s2/n11/e0,9344ee1991be6ae68bb8fbe94761d6ef88a247380f7e5c144a4a22d666ab637d,study/artifacts/evaluation/mlp/seed-2/n-11/chunk-000000.json.gz,nonbipartite,mlp,11,2,0
mlp/s2/n11/e1,1db1c0c9a26327bcaf86328a7a8ca4ce3f2f39dec93396d439a0e34c7ebeaf5b,study/artifacts/evaluation/mlp/seed-2/n-11/chunk-000000.json.gz,exact,mlp,11,2,1
mlp/s2/n11/e26,d83dd4cbf05f19686235e43c06181ee76149b322f8d25bc0d5de9368c816df34,study/artifacts/evaluation/mlp/seed-2/n-11/chunk-000000.json.gz,unbalanced_bipartite,mlp,11,2,26
mlp/s2/n12/e0,b072ce7236f2568378a7459295024602d29683374478fcb00b57b6acdfa87c76,study/artifacts/evaluation/mlp/seed-2/n-12/chunk-000000.json.gz,exact,mlp,12,2,0
mlp/s2/n12/e2,7bb97d527f343d0f32a993d9a45412925d9f6f516c3e573c288b7bc91d3f6ae9,study/artifacts/evaluation/mlp/seed-2/n-12/chunk-000000.json.gz,nonbipartite,mlp,12,2,2
mlp/s2/n12/e11,837d5f4b5bb977bc0aa8766968165e1f88aabcc411f676276227e52307ba5e6b,study/artifacts/evaluation/mlp/seed-2/n-12/chunk-000000.json.gz,unbalanced_bipartite,mlp,12,2,11
mlp/s2/n13/e0,2f6bc725e3d4cc67cd60e3a5af0898d478c5e0b7ab7d376e425108f9fcba6ad8,study/artifacts/evaluation/mlp/seed-2/n-13/chunk-000000.json.gz,unbalanced_bipartite,mlp,13,2,0
mlp/s2/n13/e1,9b83b7d328919712f517b564b65bfba6e697697a26809f936f4e59a1e86f7bc5,study/artifacts/evaluation/mlp/seed-2/n-13/chunk-000000.json.gz,exact,mlp,13,2,1
mlp/s2/n13/e13,575608162a8cfd9c7b0993dbafcb9a1ad972318da48e1f0c80a0aba013f788f9,study/artifacts/evaluation/mlp/seed-2/n-13/chunk-000000.json.gz,nonbipartite,mlp,13,2,13
mlp/s2/n14/e0,f41fd66f4fe6b7deb9e4f680f2516b2b5e06778703cce7d44c1024d79465ddbb,study/artifacts/evaluation/mlp/seed-2/n-14/chunk-000000.json.gz,exact,mlp,14,2,0
mlp/s2/n14/e5,a82a8fb5bc1ec6e4ba697abf003427ef275626f458ff3f8acfea011f0263a8a1,study/artifacts/evaluation/mlp/seed-2/n-14/chunk-000000.json.gz,nonbipartite,mlp,14,2,5
mlp/s2/n14/e7,600a3f9feee702b46db55ecfc144791193d8abf026b3c280f2569cd1d055e2d0,study/artifacts/evaluation/mlp/seed-2/n-14/chunk-000000.json.gz,unbalanced_bipartite,mlp,14,2,7
mlp/s2/n15/e0,9562d700321a28964e77dd3fc2597c842fa735e4dcfd38640d3c54530e753ae0,study/artifacts/evaluation/mlp/seed-2/n-15/chunk-000000.json.gz,exact,mlp,15,2,0
mlp/s2/n15/e5,e05e2462e9eb5e115d81d16deeb18a6f483469252a4ba10bf9be98265d4bc212,study/artifacts/evaluation/mlp/seed-2/n-15/chunk-000000.json.gz,nonbipartite,mlp,15,2,5
mlp/s2/n15/e10,b0517f06dd38f5b691cc2d42e44f68507589cc2a369d959dae6531fbfa63bbac,study/artifacts/evaluation/mlp/seed-2/n-15/chunk-000000.json.gz,unbalanced_bipartite,mlp,15,2,10
mlp/s2/n16/e0,a264c3a9bf4dbe5124d6f3b12a26c8a5bec2c81038e81922db4f35c30b3158b0,study/artifacts/evaluation/mlp/seed-2/n-16/chunk-000000.json.gz,unbalanced_bipartite,mlp,16,2,0
mlp/s2/n16/e3,81703a2b016f32169a0c2d7c0c3f506fe2ac8733bb06b56101f84a671b31a784,study/artifacts/evaluation/mlp/seed-2/n-16/chunk-000000.json.gz,exact,mlp,16,2,3
mlp/s2/n16/e15,06fba2f933068d6653595e0cbb6a6f41c45a6009aa2d5402d17f25f869d38547,study/artifacts/evaluation/mlp/seed-2/n-16/chunk-000000.json.gz,nonbipartite,mlp,16,2,15
mlp/s2/n17/e0,d45cbd0fa92d2b8f3f44be83fd1c68be83594b810768683f1f0bbcc0c06c66a8,study/artifacts/evaluation/mlp/seed-2/n-17/chunk-000000.json.gz,exact,mlp,17,2,0
mlp/s2/n17/e1,e249c09ddf8d846553fcf38c77ca7731297f95d89d2494a7f339eb59c110de60,study/artifacts/evaluation/mlp/seed-2/n-17/chunk-000000.json.gz,nonbipartite,mlp,17,2,1
mlp/s2/n17/e43,f82b07a165502b7c89dd76e5b67162751eb4cda9263fa5f37ddb4c42d167c46f,study/artifacts/evaluation/mlp/seed-2/n-17/chunk-000032.json.gz,unbalanced_bipartite,mlp,17,2,43
mlp/s2/n20/e0,0125510605faf3f658d2bbc0f4cfa3a04a050f1ab39c0905239d1ccf79fdb551,study/artifacts/evaluation/mlp/seed-2/n-20/chunk-000000.json.gz,unbalanced_bipartite,mlp,20,2,0
mlp/s2/n20/e2,414d093b131688c74423e1f1941bea8f8aa9c7363657600ce116537685111778,study/artifacts/evaluation/mlp/seed-2/n-20/chunk-000000.json.gz,nonbipartite,mlp,20,2,2
mlp/s2/n20/e7,eb4a600e1afc165d2b19a9b13909c54bea487644568aa5f6102a740b24b893ae,study/artifacts/evaluation/mlp/seed-2/n-20/chunk-000000.json.gz,exact,mlp,20,2,7
mlp/s2/n23/e0,b8d6e52544666b648087e056ecd61a5cff66f7725b5291b0d7eaa48e6b7a19f5,study/artifacts/evaluation/mlp/seed-2/n-23/chunk-000000.json.gz,exact,mlp,23,2,0
mlp/s2/n23/e1,ac2b376132e35b213e174bd9ff2cec0ced914d5ab5342fcda60e9f0cb5a0a2eb,study/artifacts/evaluation/mlp/seed-2/n-23/chunk-000000.json.gz,nonbipartite,mlp,23,2,1
mlp/s2/n23/e6,82a5d84eb38e5113b0232792b542955ea25d59220e885953f2ce74c24fbd28e8,study/artifacts/evaluation/mlp/seed-2/n-23/chunk-000000.json.gz,unbalanced_bipartite,mlp,23,2,6
mlp/s2/n24/e0,f973d00f16ebc824233cf5f6fce728e17e9c14affd258dcfdc1537bcb82e21b6,study/artifacts/evaluation/mlp/seed-2/n-24/chunk-000000.json.gz,unbalanced_bipartite,mlp,24,2,0
mlp/s2/n24/e1,8c843dbc6847dcccb85c4e056b92c4e7f03188c8b7b9b4eeda0fbe32ffedae90,study/artifacts/evaluation/mlp/seed-2/n-24/chunk-000000.json.gz,nonbipartite,mlp,24,2,1
mlp/s2/n24/e3,5778698f863f06c3250ba6915235b5d65c66306c63ab45833cda11f34e374c88,study/artifacts/evaluation/mlp/seed-2/n-24/chunk-000000.json.gz,exact,mlp,24,2,3
mlp/s2/n6/e0,688b2e0e642beefd197508c296aa64cd59c2e19411fa3f999e1dca65873b1e18,study/artifacts/evaluation/mlp/seed-2/n-6/chunk-000000.json.gz,exact,mlp,6,2,0
mlp/s2/n6/e9,1e31e3ab9252e3fd3164120e2cd81ffd541960c54104f6a1ac356e952f657e6d,study/artifacts/evaluation/mlp/seed-2/n-6/chunk-000000.json.gz,unbalanced_bipartite,mlp,6,2,9
mlp/s2/n6/e51,1516a47867ee4b1490dbf44acd936bea9e3c96a70a9a7bcf09e713e32ab527dd,study/artifacts/evaluation/mlp/seed-2/n-6/chunk-000032.json.gz,nonbipartite,mlp,6,2,51
mlp/s2/n7/e0,d9a63c72000c7a9b393cad3bb042f88b22344e87073612a409803737e67295e0,study/artifacts/evaluation/mlp/seed-2/n-7/chunk-000000.json.gz,exact,mlp,7,2,0
mlp/s2/n7/e35,84964eb01c119bae822cd9911987bc1ca3e38d04dd638228b740f0dd18778c76,study/artifacts/evaluation/mlp/seed-2/n-7/chunk-000032.json.gz,nonbipartite,mlp,7,2,35
mlp/s2/n8/e0,5874df6629a5acfba3cc81de72e66189286b72b0de39148c4dc02b839dba39d2,study/artifacts/evaluation/mlp/seed-2/n-8/chunk-000000.json.gz,exact,mlp,8,2,0
mlp/s2/n8/e3,9794914e10a3a42cd35a2964008f71767fa902e11dc969332df2be36cc811c02,study/artifacts/evaluation/mlp/seed-2/n-8/chunk-000000.json.gz,unbalanced_bipartite,mlp,8,2,3
mlp/s2/n8/e4,15059937b8689d888c4f56b68659f0991d892c479109f250e61bb08baa70e0e3,study/artifacts/evaluation/mlp/seed-2/n-8/chunk-000000.json.gz,nonbipartite,mlp,8,2,4
mlp/s2/n9/e0,c031cbbb7a514875a3614eea6b1792b647ded87781f5593b62eb688561cf7d06,study/artifacts/evaluation/mlp/seed-2/n-9/chunk-000000.json.gz,exact,mlp,9,2,0
mlp/s2/n9/e77,235a668c4b82db4f83c370fd89d681d74ed934f9f2fd69395935829f4cd8531c,study/artifacts/evaluation/mlp/seed-2/n-9/chunk-000064.json.gz,unbalanced_bipartite,mlp,9,2,77
mlp/s2/n9/e83,8277258c6d0f6c2b79439ea7cb1892e33d9cadc29adb6dde6d2ab963c91d0eb2,study/artifacts/evaluation/mlp/seed-2/n-9/chunk-000064.json.gz,nonbipartite,mlp,9,2,83
mlp/s3/n10/e0,92fe5836fc859a4043407c4d0f16fe4b2a2009628088e16605541aea22961c64,study/artifacts/evaluation/mlp/seed-3/n-10/chunk-000000.json.gz,nonbipartite,mlp,10,3,0
mlp/s3/n10/e1,097232efbfe8050f42848c949585cb2adad15a497c5e5b15a8fd8863189e03d3,study/artifacts/evaluation/mlp/seed-3/n-10/chunk-000000.json.gz,unbalanced_bipartite,mlp,10,3,1
mlp/s3/n10/e3,ef709f34770ee57ac1a35827c8b471f786d178f0010a423a17efc59883f73a7f,study/artifacts/evaluation/mlp/seed-3/n-10/chunk-000000.json.gz,exact,mlp,10,3,3
mlp/s3/n11/e0,505f4074bce3ab16975233c9e17a4735f2d97840c09457c73303ef0f6947d4c4,study/artifacts/evaluation/mlp/seed-3/n-11/chunk-000000.json.gz,exact,mlp,11,3,0
mlp/s3/n11/e6,ec8a87f2d6343a3527f1e40b0401166aee8282ffa82bbf233839ce25851a446a,study/artifacts/evaluation/mlp/seed-3/n-11/chunk-000000.json.gz,nonbipartite,mlp,11,3,6
mlp/s3/n11/e16,8418dc85a69866272cf3cdad477a08ed90bb3a853c0ff710015d41a119d30a5c,study/artifacts/evaluation/mlp/seed-3/n-11/chunk-000000.json.gz,unbalanced_bipartite,mlp,11,3,16
mlp/s3/n12/e0,0b05dbdd66e4e76b8a150305477dd2c4fdeaae5c2b10b778084c48ec4f8eeb21,study/artifacts/evaluation/mlp/seed-3/n-12/chunk-000000.json.gz,unbalanced_bipartite,mlp,12,3,0
mlp/s3/n12/e1,84f21dabe6bcef66e935e88788f8e2d681c806b411619d95811b3d99dc3f502d,study/artifacts/evaluation/mlp/seed-3/n-12/chunk-000000.json.gz,exact,mlp,12,3,1
mlp/s3/n12/e23,992986ed47c327b6c7a6493c8119c9bea99bc2b013089181b4a8d1ef5ad30e80,study/artifacts/evaluation/mlp/seed-3/n-12/chunk-000000.json.gz,nonbipartite,mlp,12,3,23
mlp/s3/n13/e0,3accb1a228da73d33f39b17e333ce9e1f998a9fdabefdd45b115fd6168fb17ec,study/artifacts/evaluation/mlp/seed-3/n-13/chunk-000000.json.gz,exact,mlp,13,3,0
mlp/s3/n13/e4,0da0d5db4ceda4bfa753b1ea4ddbf323a620d47d8f76c5368ce496435b50ace9,study/artifacts/evaluation/mlp/seed-3/n-13/chunk-000000.json.gz,unbalanced_bipartite,mlp,13,3,4
mlp/s3/n13/e16,98fd142fb5ff236926876e435f102ab8fe90b3699a56835858c572464a1d2e13,study/artifacts/evaluation/mlp/seed-3/n-13/chunk-000000.json.gz,nonbipartite,mlp,13,3,16
mlp/s3/n14/e0,ce41dc699e1646d5fb13084133743c03c0b237e3ea793b6fffddde777beeaf09,study/artifacts/evaluation/mlp/seed-3/n-14/chunk-000000.json.gz,exact,mlp,14,3,0
mlp/s3/n14/e1,3e82316cce359bea8f5bdae8fa9ca7abcb908537d6f32cfc631d603cec57ae57,study/artifacts/evaluation/mlp/seed-3/n-14/chunk-000000.json.gz,unbalanced_bipartite,mlp,14,3,1
mlp/s3/n14/e6,bf7c01e7539a5b10a01b2cfbd6bd8ec1d47be23edb476283a7b61db9f16fde46,study/artifacts/evaluation/mlp/seed-3/n-14/chunk-000000.json.gz,nonbipartite,mlp,14,3,6
mlp/s3/n15/e0,9b2d16fcdbfc0f094f2004c660b2b6caf428d1d1e6528ca2ff5ce54262b40641,study/artifacts/evaluation/mlp/seed-3/n-15/chunk-000000.json.gz,nonbipartite,mlp,15,3,0
mlp/s3/n15/e3,56daf49a885b983ce8d7aed4dea5dc6b8fa47489928278abf79c54d7820a3e20,study/artifacts/evaluation/mlp/seed-3/n-15/chunk-000000.json.gz,exact,mlp,15,3,3
mlp/s3/n15/e54,ecc2e4cd23ea995b7bbb10fa46208a78305a707f144199a683c282b8e6c0d257,study/artifacts/evaluation/mlp/seed-3/n-15/chunk-000032.json.gz,unbalanced_bipartite,mlp,15,3,54
mlp/s3/n16/e0,5530378f8e74aa1692ed6935615317b672c1c4b2b2eef8a14413fc7df646c3b6,study/artifacts/evaluation/mlp/seed-3/n-16/chunk-000000.json.gz,exact,mlp,16,3,0
mlp/s3/n16/e4,9bf7b3969bb2ebfe8afbfcfa28e06a336210c4ab919c1f51ab7d74d405af3cc6,study/artifacts/evaluation/mlp/seed-3/n-16/chunk-000000.json.gz,nonbipartite,mlp,16,3,4
mlp/s3/n16/e6,35b6528aeec2e31c1b12d1081f125bfb43066e309f08919f9a543b8b3349160f,study/artifacts/evaluation/mlp/seed-3/n-16/chunk-000000.json.gz,unbalanced_bipartite,mlp,16,3,6
mlp/s3/n17/e0,a669bf3fec4f07311b8c1d2991d02bbc42188b1f6505e214a999e4c7f4161e15,study/artifacts/evaluation/mlp/seed-3/n-17/chunk-000000.json.gz,exact,mlp,17,3,0
mlp/s3/n17/e1,f0ce3dbbe72335d24538ce11d6d28e2864d15cf044d37c17907b9d9cce801e46,study/artifacts/evaluation/mlp/seed-3/n-17/chunk-000000.json.gz,nonbipartite,mlp,17,3,1
mlp/s3/n17/e14,3fadc9ae855f8f4a888708b2367d23ebc2e00a8901f3771e7e5b882d4eebe524,study/artifacts/evaluation/mlp/seed-3/n-17/chunk-000000.json.gz,unbalanced_bipartite,mlp,17,3,14
mlp/s3/n20/e0,4e6358d17cb583df4daf9814b7131cc7bc2b5441b308512c27006cf079ed6d34,study/artifacts/evaluation/mlp/seed-3/n-20/chunk-000000.json.gz,nonbipartite,mlp,20,3,0
mlp/s3/n20/e1,c2502b768295944e91a153ac4df1b949d36e9147a762c28de510d61620ab3841,study/artifacts/evaluation/mlp/seed-3/n-20/chunk-000000.json.gz,unbalanced_bipartite,mlp,20,3,1
mlp/s3/n20/e2,93267929597cf73602b01b14d8263d13db70144a6a7af0f5f8f2f641ab862029,study/artifacts/evaluation/mlp/seed-3/n-20/chunk-000000.json.gz,exact,mlp,20,3,2
mlp/s3/n23/e0,7fd6d21eed3043e8cae607331297ce3e12764767830fbc069b360909d35da02a,study/artifacts/evaluation/mlp/seed-3/n-23/chunk-000000.json.gz,nonbipartite,mlp,23,3,0
mlp/s3/n23/e1,f3f7e5638086826e1889dfa42be0d9f6b75d3a43c813993f8a814c28d0a65919,study/artifacts/evaluation/mlp/seed-3/n-23/chunk-000000.json.gz,exact,mlp,23,3,1
mlp/s3/n23/e11,afdea07f405a1c8eaad52c108c076ef115f3ac6761e355c06e421d1a1c6c2261,study/artifacts/evaluation/mlp/seed-3/n-23/chunk-000000.json.gz,unbalanced_bipartite,mlp,23,3,11
mlp/s3/n24/e0,d9a4cf2dc5f9fb1b40c01f3e2fa30a33b36613b80da9d7d559777f271e97c238,study/artifacts/evaluation/mlp/seed-3/n-24/chunk-000000.json.gz,exact,mlp,24,3,0
mlp/s3/n24/e1,5d97411ddc0969a3aea280e81ab898386643a570e5a20cec21be4a978caa0100,study/artifacts/evaluation/mlp/seed-3/n-24/chunk-000000.json.gz,nonbipartite,mlp,24,3,1
mlp/s3/n24/e21,71313a8934aece8853452999eaebdf4a647b727a41d42f840ea04e91971f5077,study/artifacts/evaluation/mlp/seed-3/n-24/chunk-000000.json.gz,unbalanced_bipartite,mlp,24,3,21
mlp/s3/n6/e0,35459b26bdac72e9b240e21e409b078014e59ca3d511b822e53f8921b5f13b8e,study/artifacts/evaluation/mlp/seed-3/n-6/chunk-000000.json.gz,unbalanced_bipartite,mlp,6,3,0
mlp/s3/n6/e2,688b2e0e642beefd197508c296aa64cd59c2e19411fa3f999e1dca65873b1e18,study/artifacts/evaluation/mlp/seed-3/n-6/chunk-000000.json.gz,exact,mlp,6,3,2
mlp/s3/n6/e86,d0b35386ac095f2610b9861e1f6c1b662db6b4a60ac2c7b11fa3f71498852970,study/artifacts/evaluation/mlp/seed-3/n-6/chunk-000064.json.gz,nonbipartite,mlp,6,3,86
mlp/s3/n7/e0,cf500f482e490f0c13e89595141039f3eb55ddd978b8cdf28fab07c9b144ded4,study/artifacts/evaluation/mlp/seed-3/n-7/chunk-000000.json.gz,exact,mlp,7,3,0
mlp/s3/n8/e0,69d11b65ee147b02ede70a54e07b88011a5ce2b971e5f170312032d64b70cc43,study/artifacts/evaluation/mlp/seed-3/n-8/chunk-000000.json.gz,exact,mlp,8,3,0
mlp/s3/n8/e7,22c885b1eb3f440378feb7bdf8c38eb831f88cf64581ad8da17041a21e8cc310,study/artifacts/evaluation/mlp/seed-3/n-8/chunk-000000.json.gz,nonbipartite,mlp,8,3,7
mlp/s3/n8/e8,43354da1b7f412ef889383c570e57193a851e8f2efd2cb7fbfbef85e3f8f2495,study/artifacts/evaluation/mlp/seed-3/n-8/chunk-000000.json.gz,unbalanced_bipartite,mlp,8,3,8
mlp/s3/n9/e0,7111204a28c01afa577cb409729b3929b5bd5f75e3707c663437b3e00b6ca3b1,study/artifacts/evaluation/mlp/seed-3/n-9/chunk-000000.json.gz,exact,mlp,9,3,0
mlp/s3/n9/e15,4bccdbdf4f34d9ab99905174a4b85e08a8f85281a6493aed156093d1ac6659f7,study/artifacts/evaluation/mlp/seed-3/n-9/chunk-000000.json.gz,nonbipartite,mlp,9,3,15
mlp/s4/n10/e0,d37da0c86ab67e8f541fa2d3f3882130bbc61abb385f73b8e168adbe2f0c14c6,study/artifacts/evaluation/mlp/seed-4/n-10/chunk-000000.json.gz,exact,mlp,10,4,0
mlp/s4/n10/e6,5ee79cdec96a34a9aa8f8d453f767e63d1c77405fc2265629cc5473c0b40fe85,study/artifacts/evaluation/mlp/seed-4/n-10/chunk-000000.json.gz,unbalanced_bipartite,mlp,10,4,6
mlp/s4/n10/e12,6114ff3ca35f7aa0f33796bc1a483b203ff407bba1588183edd1571ed912eba5,study/artifacts/evaluation/mlp/seed-4/n-10/chunk-000000.json.gz,nonbipartite,mlp,10,4,12
mlp/s4/n11/e0,71eceff704f15729bced1d92db537e790b96d17ef7fa75ff4c70948a1b2dfbb8,study/artifacts/evaluation/mlp/seed-4/n-11/chunk-000000.json.gz,exact,mlp,11,4,0
mlp/s4/n11/e18,9113b652aeffb1f2d8bc814800287e759fae392620679359bc25d021b8569ce5,study/artifacts/evaluation/mlp/seed-4/n-11/chunk-000000.json.gz,nonbipartite,mlp,11,4,18
mlp/s4/n11/e33,821d209b97ba45a3572012d5d54fc9b2ec9bd9a91f5661945e0fc69bac01d50e,study/artifacts/evaluation/mlp/seed-4/n-11/chunk-000032.json.gz,unbalanced_bipartite,mlp,11,4,33
mlp/s4/n12/e0,04e4cb6445eebce867f7d0773adeba572ae33a31c558ace0583e480c62a3323e,study/artifacts/evaluation/mlp/seed-4/n-12/chunk-000000.json.gz,exact,mlp,12,4,0
mlp/s4/n12/e1,bd90b95de4e7fd474abf32d07cff01382916d707dfd52f38feeb8db2020bd9a8,study/artifacts/evaluation/mlp/seed-4/n-12/chunk-000000.json.gz,unbalanced_bipartite,mlp,12,4,1
mlp/s4/n12/e11,4a008b8a8d94120d7f0c54f35e1005e078fa51c87c7e48e9e75c68a54f4b99b2,study/artifacts/evaluation/mlp/seed-4/n-12/chunk-000000.json.gz,nonbipartite,mlp,12,4,11
mlp/s4/n13/e0,8a61c6ecc92cdd95f907eac33c4ca45cf8de17c0232d42d2f6658ba5be19d87e,study/artifacts/evaluation/mlp/seed-4/n-13/chunk-000000.json.gz,exact,mlp,13,4,0
mlp/s4/n13/e4,e6f38f57ccbd8c7d560856698a821280e3953990c7281d3e6974dfb4e8a0dc2a,study/artifacts/evaluation/mlp/seed-4/n-13/chunk-000000.json.gz,nonbipartite,mlp,13,4,4
mlp/s4/n13/e15,e4e757d80563c68ce8db9c9a28bd959684d1ec8dbf1c27e6010b1a504c1a5032,study/artifacts/evaluation/mlp/seed-4/n-13/chunk-000000.json.gz,unbalanced_bipartite,mlp,13,4,15
mlp/s4/n14/e0,091164f91f534accf201a5d838c95c630fd36eb20e81fe6e8ac8af581d287799,study/artifacts/evaluation/mlp/seed-4/n-14/chunk-000000.json.gz,exact,mlp,14,4,0
mlp/s4/n14/e3,87b8a4ced82fc4e94d7f4a1963079c9cd3d64d60724acf579b174bc9875bc82c,study/artifacts/evaluation/mlp/seed-4/n-14/chunk-000000.json.gz,unbalanced_bipartite,mlp,14,4,3
mlp/s4/n14/e34,5b360114929c84525f827c16e6c50d71f1254bc3354386279886cde520bfe8f9,study/artifacts/evaluation/mlp/seed-4/n-14/chunk-000032.json.gz,nonbipartite,mlp,14,4,34
mlp/s4/n15/e0,48b9e2f0e6728c3225b82b83693bc0e6bdbf365e3e700194964f1e79d9ec086f,study/artifacts/evaluation/mlp/seed-4/n-15/chunk-000000.json.gz,unbalanced_bipartite,mlp,15,4,0
mlp/s4/n15/e1,940737f702e30bc15df5761f41e452216a0ff0e0e885da5f959188b49f55a738,study/artifacts/evaluation/mlp/seed-4/n-15/chunk-000000.json.gz,exact,mlp,15,4,1
mlp/s4/n15/e13,4e62db0356f5c26e43e8f720cf5b43376e802360911c648595b32a7f5936c419,study/artifacts/evaluation/mlp/seed-4/n-15/chunk-000000.json.gz,nonbipartite,mlp,15,4,13
mlp/s4/n16/e0,754e125c97752b80769f7823cfa5d011d3bdbedd7b815cd7daf38fa1cf193987,study/artifacts/evaluation/mlp/seed-4/n-16/chunk-000000.json.gz,exact,mlp,16,4,0
mlp/s4/n16/e1,091f574574aa3e6f6c6c571f8758e7349e4e7554fd65e4fb52a8f2198ad699b4,study/artifacts/evaluation/mlp/seed-4/n-16/chunk-000000.json.gz,unbalanced_bipartite,mlp,16,4,1
mlp/s4/n16/e16,5012c712fcd66ae68f1242b3618e43a6128c41af3e7de2339ac7ef73ebcb2395,study/artifacts/evaluation/mlp/seed-4/n-16/chunk-000000.json.gz,nonbipartite,mlp,16,4,16
mlp/s4/n17/e0,2e1d424783b792c2ba5c18918ab55b522bc2293131b39f305caa5e7fc2774ebc,study/artifacts/evaluation/mlp/seed-4/n-17/chunk-000000.json.gz,exact,mlp,17,4,0
mlp/s4/n17/e1,67e1a90c1b46a958020d2413c07059d2d942550630800c3b6c597913c3e518c1,study/artifacts/evaluation/mlp/seed-4/n-17/chunk-000000.json.gz,nonbipartite,mlp,17,4,1
mlp/s4/n17/e13,f8a26934870e85776eb7fcafe370ae3e03ca86edf47641fe28ea28bd2f7905eb,study/artifacts/evaluation/mlp/seed-4/n-17/chunk-000000.json.gz,unbalanced_bipartite,mlp,17,4,13
mlp/s4/n20/e0,7112746aab956e8fa763a768bb7803d527027022c6d0ea2fdb12661d22a2255f,study/artifacts/evaluation/mlp/seed-4/n-20/chunk-000000.json.gz,unbalanced_bipartite,mlp,20,4,0
mlp/s4/n20/e2,0c0a408102b7d7437a25f685ee08c1879a722d5f4c4b3fdbee65c54d6b791447,study/artifacts/evaluation/mlp/seed-4/n-20/chunk-000000.json.gz,nonbipartite,mlp,20,4,2
mlp/s4/n20/e7,939717ca7efe19a3cc78e060cf1c62eda18472a037abe88aa8187a2ceee719a8,study/artifacts/evaluation/mlp/seed-4/n-20/chunk-000000.json.gz,exact,mlp,20,4,7
mlp/s4/n23/e0,a7156b1efb92b17705d163afdd14bb8238621b65b40a9a14f12a52e608737fbe,study/artifacts/evaluation/mlp/seed-4/n-23/chunk-000000.json.gz,nonbipartite,mlp,23,4,0
mlp/s4/n23/e1,c7ed2eaf3ee2ac5fe87b39444ff6bececc6c8fbf90e5ee20bb28343d5eedde0d,study/artifacts/evaluation/mlp/seed-4/n-23/chunk-000000.json.gz,exact,mlp,23,4,1
mlp/s4/n23/e29,2c8b74594dc4a80386ca6c5f86e7c0c72b3d7d86818bc8c8bbed8aca6bf4e605,study/artifacts/evaluation/mlp/seed-4/n-23/chunk-000000.json.gz,unbalanced_bipartite,mlp,23,4,29
mlp/s4/n24/e0,f841bdc2ff5ee8f5f149aaec13fcf85ec5812263352fff9032040e55a5da6045,study/artifacts/evaluation/mlp/seed-4/n-24/chunk-000000.json.gz,nonbipartite,mlp,24,4,0
mlp/s4/n24/e1,cf47e91bec6b60f84e40073414a7b90efd8aa45f70a9e89f34be8d7dfd31688b,study/artifacts/evaluation/mlp/seed-4/n-24/chunk-000000.json.gz,unbalanced_bipartite,mlp,24,4,1
mlp/s4/n24/e3,18b28e23027fce130648acd0a4471472006d6fabc91f52f9e6b58497ff6c4924,study/artifacts/evaluation/mlp/seed-4/n-24/chunk-000000.json.gz,exact,mlp,24,4,3
mlp/s4/n6/e0,d2c70b8a216bd8dd949c46c251e2f9abc65bd9388418d636e7f006a2ea8d8add,study/artifacts/evaluation/mlp/seed-4/n-6/chunk-000000.json.gz,exact,mlp,6,4,0
mlp/s4/n6/e12,63c28897307e1d11522fe8c99f8a962f6166d87ab0e36637b63ef97a5b2b7815,study/artifacts/evaluation/mlp/seed-4/n-6/chunk-000000.json.gz,unbalanced_bipartite,mlp,6,4,12
mlp/s4/n7/e0,1df2646b0ca1d8dc55c8f2e07dda14dfbd3c1a9b077bc21b51578424a8cd5b5f,study/artifacts/evaluation/mlp/seed-4/n-7/chunk-000000.json.gz,exact,mlp,7,4,0
mlp/s4/n7/e13,f57b7ce748577a36b34f2608b641e32daa5aab68624882e207d89598d440f782,study/artifacts/evaluation/mlp/seed-4/n-7/chunk-000000.json.gz,nonbipartite,mlp,7,4,13
mlp/s4/n8/e0,5874df6629a5acfba3cc81de72e66189286b72b0de39148c4dc02b839dba39d2,study/artifacts/evaluation/mlp/seed-4/n-8/chunk-000000.json.gz,exact,mlp,8,4,0
mlp/s4/n8/e6,8955e75cbb5db1a83ba9614b4f9341246ecb38c7ef8375c736e34fc8002b5d97,study/artifacts/evaluation/mlp/seed-4/n-8/chunk-000000.json.gz,nonbipartite,mlp,8,4,6
mlp/s4/n8/e8,4efe1aac2a3494cabc78cc9da0fce8cd0cc81b2a4b5c4c8fdcf362101025c340,study/artifacts/evaluation/mlp/seed-4/n-8/chunk-000000.json.gz,unbalanced_bipartite,mlp,8,4,8
mlp/s4/n9/e0,0cafedaca026785d8f4d3e5491bc224fd71a311a4699474a48d478d15d6540a3,study/artifacts/evaluation/mlp/seed-4/n-9/chunk-000000.json.gz,exact,mlp,9,4,0
mlp/s4/n9/e27,353e77515b029d08483a6aefacbc3fe43e57c11d5e5001814800af18e61337fc,study/artifacts/evaluation/mlp/seed-4/n-9/chunk-000000.json.gz,nonbipartite,mlp,9,4,27
mlp/s4/n9/e47,884580e2b208a57ac3de0762b3010f10ad042271d695dcd3b405eb37e3028ff4,study/artifacts/evaluation/mlp/seed-4/n-9/chunk-000032.json.gz,unbalanced_bipartite,mlp,9,4,47
random/s0/n10/e0,eaeac89b01c23942c48923d799c5a6092f00cf51e104fd2e2eca0f31563f7de2,study/artifacts/evaluation/random/seed-0/n-10/chunk-000000.json.gz,unbalanced_bipartite,random,10,0,0
random/s0/n10/e1,73d4b64554884ee84fbd5568b24ffb8100b12c1031bfa1f7e71193be4de240b1,study/artifacts/evaluation/random/seed-0/n-10/chunk-000000.json.gz,nonbipartite,random,10,0,1
random/s0/n10/e14,c5cee1779c84d7ad10068cda26dc5f3cff3d87f03ed54d5ed5e9959557e2cb5e,study/artifacts/evaluation/random/seed-0/n-10/chunk-000000.json.gz,exact,random,10,0,14
random/s0/n11/e0,6b94f1f6a819bc0c4b19ff11674c999ae16b452b30a0d90aebe54a3d88910b21,study/artifacts/evaluation/random/seed-0/n-11/chunk-000000.json.gz,nonbipartite,random,11,0,0
random/s0/n11/e16,5f9ffa5d839bcb22557f2c6ad0a9fe33a8474d48b3f5c8c2463f659f29cfff75,study/artifacts/evaluation/random/seed-0/n-11/chunk-000000.json.gz,unbalanced_bipartite,random,11,0,16
random/s0/n11/e27,c5e7f39532aab767b2c740fe0e22f6715c31befa5f7d60da859266179f9a2d6e,study/artifacts/evaluation/random/seed-0/n-11/chunk-000000.json.gz,exact,random,11,0,27
random/s0/n12/e0,5f59bcaf17073437053588bb3a8cf29ab6572f99e5755a55abaa069bcb16884f,study/artifacts/evaluation/random/seed-0/n-12/chunk-000000.json.gz,nonbipartite,random,12,0,0
random/s0/n12/e36,2ef3afecb0136153b81902caf473ffa7c9327c853ec3772040fe233e688f9b32,study/artifacts/evaluation/random/seed-0/n-12/chunk-000032.json.gz,unbalanced_bipartite,random,12,0,36
random/s0/n13/e0,18ad5e2abf1fc0456877563d5ace45e41bb703b32865ba985d8540092a03c0a4,study/artifacts/evaluation/random/seed-0/n-13/chunk-000000.json.gz,nonbipartite,random,13,0,0
random/s0/n13/e16,809767abc96960cf3611722e5967e740d5d6d5c90fad404963730d62d52db6df,study/artifacts/evaluation/random/seed-0/n-13/chunk-000000.json.gz,exact,random,13,0,16
random/s0/n14/e0,7c4aaca6205996eeffde7062437c67b6941ef96467feaae16f2d17814f7b2e6e,study/artifacts/evaluation/random/seed-0/n-14/chunk-000000.json.gz,nonbipartite,random,14,0,0
random/s0/n14/e14,42c5d792daf6e82a1e51e8dd8656ba22d79a04836ac2043b4a0b7486fb6a7931,study/artifacts/evaluation/random/seed-0/n-14/chunk-000000.json.gz,unbalanced_bipartite,random,14,0,14
random/s0/n15/e0,817e1d413df585caf010cfcd022cbe44105d9c17f5d936939a24bb90603d6a29,study/artifacts/evaluation/random/seed-0/n-15/chunk-000000.json.gz,nonbipartite,random,15,0,0
random/s0/n16/e0,b2f0ab17351016e186bc2b52e42505bedb5177083dab641fd9a169aa148cabff,study/artifacts/evaluation/random/seed-0/n-16/chunk-000000.json.gz,nonbipartite,random,16,0,0
random/s0/n17/e0,62f165cd1cb588971ce612c582713f73403113b25a15077137cca8e434683ae2,study/artifacts/evaluation/random/seed-0/n-17/chunk-000000.json.gz,nonbipartite,random,17,0,0
random/s0/n20/e0,23ad5684873abf185f61c3f6c2fb1dd6f27d26d4cb63c4d8863b72c6a11d7b4c,study/artifacts/evaluation/random/seed-0/n-20/chunk-000000.json.gz,nonbipartite,random,20,0,0
random/s0/n23/e0,56db43d6804ab02fc28d51710abde7d14b2472b7f1dcc1246633ab9623c81062,study/artifacts/evaluation/random/seed-0/n-23/chunk-000000.json.gz,nonbipartite,random,23,0,0
random/s0/n24/e0,cf85ff1b98497258a17072bf66cb065cb1f849cc621f7ea7d4dead2acaa16adb,study/artifacts/evaluation/random/seed-0/n-24/chunk-000000.json.gz,nonbipartite,random,24,0,0
random/s0/n25/e0,dd66667ca82f768865af277010dec49f02495fd6a448fbecf1b284b037b27666,study/artifacts/evaluation/random/seed-0/n-25/chunk-000000.json.gz,nonbipartite,random,25,0,0
random/s0/n30/e0,20277365c039926b3427ba79adbd508cadaa0e25a022560a2a7ffd304dffcf29,study/artifacts/evaluation/random/seed-0/n-30/chunk-000000.json.gz,nonbipartite,random,30,0,0
random/s0/n40/e0,adc188d0fb12670b53617adeed6117e8e9820890dc48d3b1dd78bd21dde6d4f6,study/artifacts/evaluation/random/seed-0/n-40/chunk-000000.json.gz,nonbipartite,random,40,0,0
random/s0/n6/e0,a15e442aa328585e55d88fb7ae012ee63b2085e5f92c75a8409b10b664a30bc0,study/artifacts/evaluation/random/seed-0/n-6/chunk-000000.json.gz,unbalanced_bipartite,random,6,0,0
random/s0/n6/e1,d2c70b8a216bd8dd949c46c251e2f9abc65bd9388418d636e7f006a2ea8d8add,study/artifacts/evaluation/random/seed-0/n-6/chunk-000000.json.gz,exact,random,6,0,1
random/s0/n6/e2,a3db07136ef650029d8ca0630f9f31c89e7fc7292844cb1a5837b6c226cc7637,study/artifacts/evaluation/random/seed-0/n-6/chunk-000000.json.gz,nonbipartite,random,6,0,2
random/s0/n7/e0,83025341864c81f59c2a93e41428db3337a79209734b138c9fe6d22d03274c71,study/artifacts/evaluation/random/seed-0/n-7/chunk-000000.json.gz,nonbipartite,random,7,0,0
random/s0/n7/e2,4bb5bb518ae0f1ee4e0e69c7fa0a7f1535f8da7cf4ff2a3a2bb72c77c0f36deb,study/artifacts/evaluation/random/seed-0/n-7/chunk-000000.json.gz,exact,random,7,0,2
random/s0/n7/e18,20edfdcb61aa9169546651ad342263a8d6fbdd0d95fe7bc27a1c71a9485570c0,study/artifacts/evaluation/random/seed-0/n-7/chunk-000000.json.gz,unbalanced_bipartite,random,7,0,18
random/s0/n8/e0,1513685bf653543996d61209f8e28cbbb2dfaf9fa1c89866ceb5ea9049fce051,study/artifacts/evaluation/random/seed-0/n-8/chunk-000000.json.gz,nonbipartite,random,8,0,0
random/s0/n8/e2,26fe2ae32828768bb436905745b942cb05cb17ee67d906af8240512911e76d8c,study/artifacts/evaluation/random/seed-0/n-8/chunk-000000.json.gz,exact,random,8,0,2
random/s0/n8/e10,8ff031d8fff593b8956d1022fa811da31916c48663e9b503d2a5eb50b3071303,study/artifacts/evaluation/random/seed-0/n-8/chunk-000000.json.gz,unbalanced_bipartite,random,8,0,10
random/s0/n9/e0,589accf0f9d5e6ef01b90da3b0b0b0b7c5b3f2e6c9276fef8dfa0e91f206b1b6,study/artifacts/evaluation/random/seed-0/n-9/chunk-000000.json.gz,nonbipartite,random,9,0,0
random/s0/n9/e1,5248f874f85a4bc9ec11e44eb2d1fe8379605859f0caae5b197e2f73175e636f,study/artifacts/evaluation/random/seed-0/n-9/chunk-000000.json.gz,exact,random,9,0,1
random/s0/n9/e10,016bdebf4cbfb139b39efaad2885c3fca73c23aecbf9d82f4e8dc2bb7f49f7d9,study/artifacts/evaluation/random/seed-0/n-9/chunk-000000.json.gz,unbalanced_bipartite,random,9,0,10
random/s1/n10/e0,c50afa8a1ae4e92a8390c2eaede29451beb8bc29605f47275ccf5cb95ae86531,study/artifacts/evaluation/random/seed-1/n-10/chunk-000000.json.gz,nonbipartite,random,10,1,0
random/s1/n10/e26,438018839820f6dadeb76c20821b9656d5ad67c0ca992f8bfd17cb81f27c3e7a,study/artifacts/evaluation/random/seed-1/n-10/chunk-000000.json.gz,unbalanced_bipartite,random,10,1,26
random/s1/n10/e29,4dbf068827c29e4263ad106996ed91e7b11a8bbb948e2867643f5c0d7460f99a,study/artifacts/evaluation/random/seed-1/n-10/chunk-000000.json.gz,exact,random,10,1,29
random/s1/n11/e0,5904f4ec7840f6a12d921a6010d81a0c6296d7994e17c1e437a53415f4e5f0dd,study/artifacts/evaluation/random/seed-1/n-11/chunk-000000.json.gz,nonbipartite,random,11,1,0
random/s1/n11/e1,57e7822f45fbfb5f15c14ef6b766ac1da344305d1ef658e82f7524fbc7b42f79,study/artifacts/evaluation/random/seed-1/n-11/chunk-000000.json.gz,unbalanced_bipartite,random,11,1,1
random/s1/n11/e2,701de3d9da5eda5875ad2aa3d55d6d0b0fb63727f9258ba836a06bd9c18362fd,study/artifacts/evaluation/random/seed-1/n-11/chunk-000000.json.gz,exact,random,11,1,2
random/s1/n12/e0,c6fa2a8271ed75b1bb53ea77440f001938959f7b212d821a43affa0c4f597049,study/artifacts/evaluation/random/seed-1/n-12/chunk-000000.json.gz,nonbipartite,random,12,1,0
random/s1/n12/e6,d54f7f4352de4733ade3e0e524d6917b35b12c70a066692013b5bdcb6f5ec8b7,study/artifacts/evaluation/random/seed-1/n-12/chunk-000000.json.gz,unbalanced_bipartite,random,12,1,6
random/s1/n12/e96,da2206a88198b97d4d2a59b598b0c1a7ee237a12efd0091cfaa9d609f6caa13e,study/artifacts/evaluation/random/seed-1/n-12/chunk-000096.json.gz,exact,random,12,1,96
random/s1/n13/e0,5218bb0278404080fe48c7d1a974532f7c2dca337ca41fe57a0787b6d80105b1,study/artifacts/evaluation/random/seed-1/n-13/chunk-000000.json.gz,nonbipartite,random,13,1,0
random/s1/n13/e19,b96b12f2cf2bbdb0f002ee19c02258a506b727ef9e7009bbdfc06d891040f476,study/artifacts/evaluation/random/seed-1/n-13/chunk-000000.json.gz,exact,random,13,1,19
random/s1/n14/e0,2c23d6b88a056cdc432a3f396d92557268e612180d33ee50ffe60fc132062934,study/artifacts/evaluation/random/seed-1/n-14/chunk-000000.json.gz,nonbipartite,random,14,1,0
random/s1/n15/e0,8eea9656f30d51bd9632189a380d26bc43ab33df75abc5cec323a0d1e7c7732a,study/artifacts/evaluation/random/seed-1/n-15/chunk-000000.json.gz,nonbipartite,random,15,1,0
random/s1/n15/e69,004da95be9fc6337f872c6d0fe6f7fab3504c074560674918e5d514fac440e27,study/artifacts/evaluation/random/seed-1/n-15/chunk-000064.json.gz,exact,random,15,1,69
random/s1/n16/e0,53dd444b722911dfca0374702c83b2ab1a4df057a944b7993b68972bfd02513b,study/artifacts/evaluation/random/seed-1/n-16/chunk-000000.json.gz,nonbipartite,random,16,1,0
random/s1/n17/e0,64693f3940a080f356343ddb26baef893c79a824b931704deeb2627adf750d62,study/artifacts/evaluation/random/seed-1/n-17/chunk-000000.json.gz,nonbipartite,random,17,1,0
random/s1/n20/e0,c763462d80c68479b7b7dc0b3367cf1db1aa87ae796a086c9073fd3412ae5ef3,study/artifacts/evaluation/random/seed-1/n-20/chunk-000000.json.gz,nonbipartite,random,20,1,0
random/s1/n23/e0,968fa3c994c5bd9480f2c901ed2c279cbb406ff3d45df7a39fa0434596f2d50f,study/artifacts/evaluation/random/seed-1/n-23/chunk-000000.json.gz,nonbipartite,random,23,1,0
random/s1/n24/e0,ba0fb635e0eeb987aa0b24ded35d28b6f1519095398dca49b34f636cbdb536ce,study/artifacts/evaluation/random/seed-1/n-24/chunk-000000.json.gz,nonbipartite,random,24,1,0
random/s1/n25/e0,c9451a0b4b905c75e9627d8bb1dd0071013b5d77eab6492601fb1b53d583bd83,study/artifacts/evaluation/random/seed-1/n-25/chunk-000000.json.gz,nonbipartite,random,25,1,0
random/s1/n30/e0,f822e0dc322a99016d1906cffa517612406c91643674d7eea8e908127f740ffb,study/artifacts/evaluation/random/seed-1/n-30/chunk-000000.json.gz,nonbipartite,random,30,1,0
random/s1/n40/e0,025c66806cf3d5394457b2f45c695f6a2325c6afa7478ad7bda2859b0e23b8a4,study/artifacts/evaluation/random/seed-1/n-40/chunk-000000.json.gz,nonbipartite,random,40,1,0
random/s1/n6/e0,c5af337883d203b71c32392447c9d4bf463e1e6ff5f09e1b5be4b4c34f2cd98b,study/artifacts/evaluation/random/seed-1/n-6/chunk-000000.json.gz,exact,random,6,1,0
random/s1/n6/e1,46b8510dda4113922b42f558bad6515fef0d567327f630b472485458da62f7c2,study/artifacts/evaluation/random/seed-1/n-6/chunk-000000.json.gz,unbalanced_bipartite,random,6,1,1
random/s1/n6/e3,3fa8d2271197a29a5ea5ccd26aa4d2735c828437428a2cfbad8eefd40ab046c4,study/artifacts/evaluation/random/seed-1/n-6/chunk-000000.json.gz,nonbipartite,random,6,1,3
random/s1/n7/e0,fed560bc6907f446f6b30556bf7682e10bdef416bb95141f3d69982c65a9e06e,study/artifacts/evaluation/random/seed-1/n-7/chunk-000000.json.gz,nonbipartite,random,7,1,0
random/s1/n7/e2,3e93e15b6b0117744e06b9b0eb615a1349f15c3cb636ba73403088148cea2521,study/artifacts/evaluation/random/seed-1/n-7/chunk-000000.json.gz,exact,random,7,1,2
random/s1/n7/e6,a60e3a110e199c2effbacc7e028a9b8b769b01dbdcd498bfc1f37e26d3a2377e,study/artifacts/evaluation/random/seed-1/n-7/chunk-000000.json.gz,unbalanced_bipartite,random,7,1,6
random/s1/n8/e0,9dcaff1133a4941969f34beb8aa4ae35d84afab59b2822151e2daf3eb09e72fc,study/artifacts/evaluation/random/seed-1/n-8/chunk-000000.json.gz,unbalanced_bipartite,random,8,1,0
random/s1/n8/e1,5d07e00bdf99dd1dd95d615ec4354730e6157045b6de70ece106c484f88cfb51,study/artifacts/evaluation/random/seed-1/n-8/chunk-000000.json.gz,nonbipartite,random,8,1,1
random/s1/n8/e2,615d220636eb1f04910b7d60e39bd581a072ebe175695977fd493793178e8a84,study/artifacts/evaluation/random/seed-1/n-8/chunk-000000.json.gz,exact,random,8,1,2
random/s1/n9/e0,197f99f93e21efc992f76e8ecd885fac8dc33b31d3fcd8f5e57d687bcbb925d1,study/artifacts/evaluation/random/seed-1/n-9/chunk-000000.json.gz,exact,random,9,1,0
random/s1/n9/e1,3e9ad81ced078f1e3b06095e3633ffc4e9d31e9eed67fe66aef9efae87bc77d5,study/artifacts/evaluation/random/seed-1/n-9/chunk-000000.json.gz,nonbipartite,random,9,1,1
random/s1/n9/e36,f1c2f6b42fbf8187da17b0baf768e7df51e6370e74606235cc42f18e7671c7fd,study/artifacts/evaluation/random/seed-1/n-9/chunk-000032.json.gz,unbalanced_bipartite,random,9,1,36
random/s2/n10/e0,be9ae9d1ffb0845c3f64ba28ce09b8f2df488558e6cbb48341f0d118817b2acd,study/artifacts/evaluation/random/seed-2/n-10/chunk-000000.json.gz,nonbipartite,random,10,2,0
random/s2/n10/e8,2ebc4de655b1cacb08190ac091e395c3933b5ed377d6d9dae1caa1241d97510a,study/artifacts/evaluation/random/seed-2/n-10/chunk-000000.json.gz,exact,random,10,2,8
random/s2/n10/e18,95a92e5b405078bfe0b1e3cd9a8140287099f36771cbd178f320152d0f5fee76,study/artifacts/evaluation/random/seed-2/n-10/chunk-000000.json.gz,unbalanced_bipartite,random,10,2,18
random/s2/n11/e0,974b9af095fe8c052b7d2907be19046aaeee83c081d8a1102699c8d08e0a31ea,study/artifacts/evaluation/random/seed-2/n-11/chunk-000000.json.gz,nonbipartite,random,11,2,0
random/s2/n11/e4,a25394fad49289c259e6899a08b2ecd027320b0aa46b04ce1d8c3efa184d2bb7,study/artifacts/evaluation/random/seed-2/n-11/chunk-000000.json.gz,exact,random,11,2,4
random/s2/n11/e90,231cb7db69702b37286a5ac35e8ac47733fe73831bcf983e1a9501bc1b2348ed,study/artifacts/evaluation/random/seed-2/n-11/chunk-000064.json.gz,unbalanced_bipartite,random,11,2,90
random/s2/n12/e0,1e4be7cf9d5eb2c9a2eac67b53b682d9056368c0eca7c512e5ece4bee9268bda,study/artifacts/evaluation/random/seed-2/n-12/chunk-000000.json.gz,nonbipartite,random,12,2,0
random/s2/n12/e23,e273c0ca64367f484822d17a432a8cc20d18a85f0cd1d4b48ca344f894971fda,study/artifacts/evaluation/random/seed-2/n-12/chunk-000000.json.gz,exact,random,12,2,23
random/s2/n13/e0,aa1930457aa4a90dbb5a8f99df64c0999009b4b204ed01889296a5e9b8c9cafb,study/artifacts/evaluation/random/seed-2/n-13/chunk-000000.json.gz,exact,random,13,2,0
random/s2/n13/e1,6262f87ec1a2ad48145df3349fa039bb6fbf5ef7bdeef0f47583244ca4801a14,study/artifacts/evaluation/random/seed-2/n-13/chunk-000000.json.gz,nonbipartite,random,13,2,1
random/s2/n14/e0,9fbef1287f8f794cb6a266e923da0e9ce7d7d81e3bea0d812fd9e7f21c175dfa,study/artifacts/evaluation/random/seed-2/n-14/chunk-000000.json.gz,unbalanced_bipartite,random,14,2,0
random/s2/n14/e1,e4bc67f65fda25d8edb0ff4704d47462797ef04fdad92a987b17251f7b3636a9,study/artifacts/evaluation/random/seed-2/n-14/chunk-000000.json.gz,nonbipartite,random,14,2,1
random/s2/n14/e73,19b96518b4ada634f185ceeb93b31e01f836b683bfffaf8a6d4c466166644723,study/artifacts/evaluation/random/seed-2/n-14/chunk-000064.json.gz,exact,random,14,2,73
random/s2/n15/e0,637823d37181f2a1755326e3a3fe35f7f121c5fc9cdc325cd1d36cc94b7811f8,study/artifacts/evaluation/random/seed-2/n-15/chunk-000000.json.gz,nonbipartite,random,15,2,0
random/s2/n16/e0,f9cca8354a8fe1d7554186896ac9a8fa4fe084b806836890922b226fd7c81a1a,study/artifacts/evaluation/random/seed-2/n-16/chunk-000000.json.gz,nonbipartite,random,16,2,0
random/s2/n17/e0,115b8d88c09a5baf1319d46889ff7282ea01f4a240c556d1e65df527a2545123,study/artifacts/evaluation/random/seed-2/n-17/chunk-000000.json.gz,nonbipartite,random,17,2,0
random/s2/n20/e0,10fbe70cd2bec47064843a118ecef9ce4500256a857e35b20effea0865608fe8,study/artifacts/evaluation/random/seed-2/n-20/chunk-000000.json.gz,nonbipartite,random,20,2,0
random/s2/n23/e0,51cb702b4715087c380a01d04717f50309077b5c11cc40aa134e093cc69e8a2a,study/artifacts/evaluation/random/seed-2/n-23/chunk-000000.json.gz,nonbipartite,random,23,2,0
random/s2/n24/e0,e1de033722f5a22c34d11f1a66fee7c4bd66f2ae0d9ee10c0decf58b6054eb6d,study/artifacts/evaluation/random/seed-2/n-24/chunk-000000.json.gz,nonbipartite,random,24,2,0
random/s2/n25/e0,2ba56e3b8e9aaafd78dc36ec9550dd6b4600376c8389103f737eda76789b860b,study/artifacts/evaluation/random/seed-2/n-25/chunk-000000.json.gz,nonbipartite,random,25,2,0
random/s2/n30/e0,cc86d57077c905d0754530066a51a22f45335bd6913eb749ac29421792cb7c1c,study/artifacts/evaluation/random/seed-2/n-30/chunk-000000.json.gz,nonbipartite,random,30,2,0
random/s2/n40/e0,3a1a2419e07d8d43cdfc9ecc2c6840d465ae8ffc49a10999bec67519a27ce082,study/artifacts/evaluation/random/seed-2/n-40/chunk-000000.json.gz,nonbipartite,random,40,2,0
random/s2/n6/e0,8291006125cfc975124b23a55903dc5c753968c2efbd46cec53a7481ddff160c,study/artifacts/evaluation/random/seed-2/n-6/chunk-000000.json.gz,nonbipartite,random,6,2,0
random/s2/n6/e1,2de73f8139bec9b414607a62151e74055b7a1d2f1e98038329a9e54ccc1cba24,study/artifacts/evaluation/random/seed-2/n-6/chunk-000000.json.gz,exact,random,6,2,1
random/s2/n6/e8,26bebdce24e3ef8af0dd4fe765130ebb84f40d86eaf688c8c58ca58456b26c5a,study/artifacts/evaluation/random/seed-2/n-6/chunk-000000.json.gz,unbalanced_bipartite,random,6,2,8
random/s2/n7/e0,f1d4497f0e9292e04af9b8a255004fb4e9439fac1d626d63f78e3529b73d5bda,study/artifacts/evaluation/random/seed-2/n-7/chunk-000000.json.gz,exact,random,7,2,0
random/s2/n7/e2,fbe82804a0a9585945326f030b3d040920855191c345e8f6b4cc304a1220efb1,study/artifacts/evaluation/random/seed-2/n-7/chunk-000000.json.gz,unbalanced_bipartite,random,7,2,2
random/s2/n7/e4,bfd1f224b58199c919e0140b04aeef10b9912a6cd758cd34aa0d45b3377ab597,study/artifacts/evaluation/random/seed-2/n-7/chunk-000000.json.gz,nonbipartite,random,7,2,4
random/s2/n8/e0,c6061ec1e054a1fd642517a698b680ab7f679aa9390de55d385a4a3f8e63ae46,study/artifacts/evaluation/random/seed-2/n-8/chunk-000000.json.gz,nonbipartite,random,8,2,0
random/s2/n8/e1,671b58259c36caa79d710474b68ccce19df8b40bcfc596c333690a8a316d361f,study/artifacts/evaluation/random/seed-2/n-8/chunk-000000.json.gz,exact,random,8,2,1
random/s2/n8/e2,1248ac2ba6565a4b1eab21176501963e0298f9779d8fe94063db53256943ed41,study/artifacts/evaluation/random/seed-2/n-8/chunk-000000.json.gz,unbalanced_bipartite,random,8,2,2
random/s2/n9/e0,bb2c61700598e4938f1e8a7d0171715360bf2d3cd99dc1a3520ce22230fcef14,study/artifacts/evaluation/random/seed-2/n-9/chunk-000000.json.gz,nonbipartite,random,9,2,0
random/s2/n9/e9,7ea3deb01e9e92d812680fa48c116b3bfd01bbbe06bd1b04bc6301929d219ac1,study/artifacts/evaluation/random/seed-2/n-9/chunk-000000.json.gz,exact,random,9,2,9
random/s2/n9/e32,91f95170c5e35b699d03e606b3fe8bce40e394d18ae49e04b28856729dc86b1e,study/artifacts/evaluation/random/seed-2/n-9/chunk-000032.json.gz,unbalanced_bipartite,random,9,2,32
random/s3/n10/e0,75b63069325ede385ae0a350a936be15969d12af93aeef38c10944b6498c418e,study/artifacts/evaluation/random/seed-3/n-10/chunk-000000.json.gz,exact,random,10,3,0
random/s3/n10/e1,f34ea359f4c7858ddc0d2c86db74160308199224f189e969d6b64947c8a118e5,study/artifacts/evaluation/random/seed-3/n-10/chunk-000000.json.gz,nonbipartite,random,10,3,1
random/s3/n10/e13,a9555b0098e5c90cf4f08f4a06ca89c97fac5519b7276f686c2710025cd8264d,study/artifacts/evaluation/random/seed-3/n-10/chunk-000000.json.gz,unbalanced_bipartite,random,10,3,13
random/s3/n11/e0,a68b597f16923cd42dcb89440e8b9aa8d29b157eb4dbddd6c50d5ee3a67fd596,study/artifacts/evaluation/random/seed-3/n-11/chunk-000000.json.gz,exact,random,11,3,0
random/s3/n11/e1,006fa393be06c6a6753006054cac7267808b48c6531f1884353ca79c1e490f75,study/artifacts/evaluation/random/seed-3/n-11/chunk-000000.json.gz,nonbipartite,random,11,3,1
random/s3/n12/e0,a4902cd183f92815bde190fe8901f3044ea5c3348660807549a781926d75796a,study/artifacts/evaluation/random/seed-3/n-12/chunk-000000.json.gz,nonbipartite,random,12,3,0
random/s3/n12/e21,41139f905fa5db1703dd0d2bae89cc424ce34031c3a853b11a0d5774740ef6fa,study/artifacts/evaluation/random/seed-3/n-12/chunk-000000.json.gz,unbalanced_bipartite,random,12,3,21
random/s3/n12/e36,447a1e6b490d3ee5257fa6e19123a964cfacfc3012eb13ea40abea1fdb3303a9,study/artifacts/evaluation/random/seed-3/n-12/chunk-000032.json.gz,exact,random,12,3,36
random/s3/n13/e0,9fd104d113fa82817a174cdbbdf9713aed2acb014d76b0955ec3e70ad79d6438,study/artifacts/evaluation/random/seed-3/n-13/chunk-000000.json.gz,nonbipartite,random,13,3,0
random/s3/n13/e55,15a8688b04e0a0cea8861ed2183200f41797f0a6a36742666f97ef08c497b5b5,study/artifacts/evaluation/random/seed-3/n-13/chunk-000032.json.gz,exact,random,13,3,55
random/s3/n14/e0,43800ebf46f799579dfbc954d28739ed57ecb3e507effc8c9880e08ed2541927,study/artifacts/evaluation/random/seed-3/n-14/chunk-000000.json.gz,nonbipartite,random,14,3,0
random/s3/n15/e0,5ba89b2e7edfad7f116bd3205e51014c364cd55d8cf2d3a5e9f07c70996d29db,study/artifacts/evaluation/random/seed-3/n-15/chunk-000000.json.gz,nonbipartite,random,15,3,0
random/s3/n16/e0,8737d6e508278f543e50d9b5f3ff7c779a2e2da21b8cbd197f2389c18b6248d0,study/artifacts/evaluation/random/seed-3/n-16/chunk-000000.json.gz,nonbipartite,random,16,3,0
random/s3/n17/e0,701759bdaf03e9aa9631766c42ed46224f17efcd1f3459de508d9e02de2a8b50,study/artifacts/evaluation/random/seed-3/n-17/chunk-000000.json.gz,nonbipartite,random,17,3,0
random/s3/n20/e0,4e389409332e518894253b70dc22136cb177f1bf4116b67fbebff6a3c065c47c,study/artifacts/evaluation/random/seed-3/n-20/chunk-000000.json.gz,nonbipartite,random,20,3,0
random/s3/n23/e0,fac40e67d5516249be9acd1c404fa6bb5478f490f71dac43baa06a85b4686d28,study/artifacts/evaluation/random/seed-3/n-23/chunk-000000.json.gz,nonbipartite,random,23,3,0
random/s3/n24/e0,50a42f0ebae53794cb3d3fe5c945488a47599a54a90426a03232ad88dd40f193,study/artifacts/evaluation/random/seed-3/n-24/chunk-000000.json.gz,nonbipartite,random,24,3,0
random/s3/n25/e0,8d360de2109dfd01c8e5271b4fc847177af032c53478044b6762063cf50be178,study/artifacts/evaluation/random/seed-3/n-25/chunk-000000.json.gz,nonbipartite,random,25,3,0
random/s3/n30/e0,fef2f8ce750c8541130001b0a055f152229acb930373781bfc3683d778fd199d,study/artifacts/evaluation/random/seed-3/n-30/chunk-000000.json.gz,nonbipartite,random,30,3,0
random/s3/n40/e0,ba67102fb5db15f4cb5ffc1bbaae7aa4e2d19c31341bd70e193aaaa352336819,study/artifacts/evaluation/random/seed-3/n-40/chunk-000000.json.gz,nonbipartite,random,40,3,0
random/s3/n6/e0,13b88480ea144aff33838755cafb30886655431a8902120c7449691e0b29674b,study/artifacts/evaluation/random/seed-3/n-6/chunk-000000.json.gz,nonbipartite,random,6,3,0
random/s3/n6/e3,26bebdce24e3ef8af0dd4fe765130ebb84f40d86eaf688c8c58ca58456b26c5a,study/artifacts/evaluation/random/seed-3/n-6/chunk-000000.json.gz,unbalanced_bipartite,random,6,3,3
random/s3/n6/e12,5143452781a68d74507fde2981166340a943ffc7737675db7bce618d526021f8,study/artifacts/evaluation/random/seed-3/n-6/chunk-000000.json.gz,exact,random,6,3,12
random/s3/n7/e0,6a5c16b53616cb8c3ae9f531cd13b45936cb94db09f362f5cad264efa4bec65d,study/artifacts/evaluation/random/seed-3/n-7/chunk-000000.json.gz,exact,random,7,3,0
random/s3/n7/e1,f0f2622faaa73c11d911ba39befb87511ad9c0253b9775d46219ae8d7f01ce57,study/artifacts/evaluation/random/seed-3/n-7/chunk-000000.json.gz,nonbipartite,random,7,3,1
random/s3/n7/e22,e1d4932d4689dc7590d91cb6b46896eb2f023fa6b0113d49d691abdc521c00ea,study/artifacts/evaluation/random/seed-3/n-7/chunk-000000.json.gz,unbalanced_bipartite,random,7,3,22
random/s3/n8/e0,880688cf8b798d7a891f4a61d1a59a85b6f34cb6146599efc79f9a7dc0fb3477,study/artifacts/evaluation/random/seed-3/n-8/chunk-000000.json.gz,nonbipartite,random,8,3,0
random/s3/n8/e8,aced1d72f5a641e2840b3b3eb89006042a4176efd3e5ca9bd404a01187d1386d,study/artifacts/evaluation/random/seed-3/n-8/chunk-000000.json.gz,unbalanced_bipartite,random,8,3,8
random/s3/n8/e19,941dbc1808c4e16a3715406a51b4d2babbccab22e3ce14fc67f24f9ae6dc8a79,study/artifacts/evaluation/random/seed-3/n-8/chunk-000000.json.gz,exact,random,8,3,19
random/s3/n9/e0,42ecdadb39291018deb31e25d99e03714822353a522ca1c308a004657d9c7358,study/artifacts/evaluation/random/seed-3/n-9/chunk-000000.json.gz,exact,random,9,3,0
random/s3/n9/e1,ee685afb1c9f21a118705e697bf23ebacb5801c7771779cd3c0c271f3a89fa44,study/artifacts/evaluation/random/seed-3/n-9/chunk-000000.json.gz,nonbipartite,random,9,3,1
random/s3/n9/e52,910d922d1d3268970402c2d27715d048dc4e08c2351feae4d9c52a575ac1f341,study/artifacts/evaluation/random/seed-3/n-9/chunk-000032.json.gz,unbalanced_bipartite,random,9,3,52
random/s4/n10/e0,38d2f23e03de1b5c3b3933c7e1fcda5191cd04d4c444b9c95c7fc67c88237377,study/artifacts/evaluation/random/seed-4/n-10/chunk-000000.json.gz,nonbipartite,random,10,4,0
random/s4/n10/e2,545b252d8c0d11c98c67bc60a7fb94b78a0db18087ce48913584837cb4c9fb78,study/artifacts/evaluation/random/seed-4/n-10/chunk-000000.json.gz,exact,random,10,4,2
random/s4/n10/e8,5df4a106c144625cb658d63536c16b0525dbbd6df9f30d70ab38b59a7ccec14c,study/artifacts/evaluation/random/seed-4/n-10/chunk-000000.json.gz,unbalanced_bipartite,random,10,4,8
random/s4/n11/e0,7a7f7822dd97007dbe937317188b2762ffa3ce122b17b62f04f13e18027c3776,study/artifacts/evaluation/random/seed-4/n-11/chunk-000000.json.gz,nonbipartite,random,11,4,0
random/s4/n11/e33,fb54c9df5241a61ffed65481c3790389e2fbb98a1226a7fda9d0c01fa75a3580,study/artifacts/evaluation/random/seed-4/n-11/chunk-000032.json.gz,exact,random,11,4,33
random/s4/n11/e58,5b6d059953ffcfe092ca50b0ee3ecd73255a5f45ea4aa53e4997c9ee4cf812e3,study/artifacts/evaluation/random/seed-4/n-11/chunk-000032.json.gz,unbalanced_bipartite,random,11,4,58
random/s4/n12/e0,008b625b591cabf0ca4806d39240f8164e503f92a6e9be354cc92d4cd6dc8cc1,study/artifacts/evaluation/random/seed-4/n-12/chunk-000000.json.gz,nonbipartite,random,12,4,0
random/s4/n12/e7,b7b91493a1121ab7cef05619546543d492ef99f4b8b10a6db27cfac77df3dd6e,study/artifacts/evaluation/random/seed-4/n-12/chunk-000000.json.gz,unbalanced_bipartite,random,12,4,7
random/s4/n12/e48,fafc0192b164f2e5ba38ff8f11721d926d7c147ded82208dd0649e4704d00e80,study/artifacts/evaluation/random/seed-4/n-12/chunk-000032.json.gz,exact,random,12,4,48
random/s4/n13/e0,ef37d2e977b57897ab512d76c8a345228a10b380111af66ab50989d3739df252,study/artifacts/evaluation/random/seed-4/n-13/chunk-000000.json.gz,nonbipartite,random,13,4,0
random/s4/n13/e10,2bd82bad658edc0400e26806af48d5da680880829ef8d701dadfd308f622c189,study/artifacts/evaluation/random/seed-4/n-13/chunk-000000.json.gz,exact,random,13,4,10
random/s4/n14/e0,42afff163b0f829851ffbee4224dccf2a1c188ead11fb6896a8fc2bd6b2fc4ca,study/artifacts/evaluation/random/seed-4/n-14/chunk-000000.json.gz,nonbipartite,random,14,4,0
random/s4/n14/e33,717a828ed23eba5ff2fa0586b65acc7719b0d073ba8e0e21979377b31a018c9e,study/artifacts/evaluation/random/seed-4/n-14/chunk-000032.json.gz,unbalanced_bipartite,random,14,4,33
random/s4/n15/e0,3613ae6607aa06c5ac0e14435a1f6e2d3cd4317b0d91f1acfdb9dc9623190c84,study/artifacts/evaluation/random/seed-4/n-15/chunk-000000.json.gz,nonbipartite,random,15,4,0
random/s4/n15/e22,648fd8da898acc2d54c951649935c39b8be878ff6339066a5026c89d0fe0c050,study/artifacts/evaluation/random/seed-4/n-15/chunk-000000.json.gz,exact,random,15,4,22
random/s4/n16/e0,159838c2b6c7eec11c0baf261719135b86cdbbeb344fc4eb02cd54f9be71614e,study/artifacts/evaluation/random/seed-4/n-16/chunk-000000.json.gz,nonbipartite,random,16,4,0
random/s4/n17/e0,bc7a2fd851a2eab41787a7981bb295b9a240e6c4dff29f05e6362f71bfeef228,study/artifacts/evaluation/random/seed-4/n-17/chunk-000000.json.gz,nonbipartite,random,17,4,0
random/s4/n20/e0,5b19303aecc372c6cd2f5d5f797d9afcf5934218fea2d05584ce6e4714e649e2,study/artifacts/evaluation/random/seed-4/n-20/chunk-000000.json.gz,nonbipartite,random,20,4,0
random/s4/n23/e0,6d109ad9105da62085086627b6c64a752f3be6b7e222ffda7ef5a91672e1acb7,study/artifacts/evaluation/random/seed-4/n-23/chunk-000000.json.gz,nonbipartite,random,23,4,0
random/s4/n24/e0,a4b701384cbf643272a7be22fa76e9b40bd99b3db86782fb14b6fefdbf260986,study/artifacts/evaluation/random/seed-4/n-24/chunk-000000.json.gz,nonbipartite,random,24,4,0
random/s4/n25/e0,71144f5d65d9772c2b957657447d55d0c6751828c7a871f32a8414369af1d74b,study/artifacts/evaluation/random/seed-4/n-25/chunk-000000.json.gz,nonbipartite,random,25,4,0
random/s4/n30/e0,552e528a2fb52076ac2e5deb17371b076fb2598ff2edd93c99b31119c36823bf,study/artifacts/evaluation/random/seed-4/n-30/chunk-000000.json.gz,nonbipartite,random,30,4,0
random/s4/n40/e0,871f66f0fe2a7a351092c3922c235fd7688a133445c94f7974d74deb78ee83aa,study/artifacts/evaluation/random/seed-4/n-40/chunk-000000.json.gz,nonbipartite,random,40,4,0
random/s4/n6/e0,735f01eeb12827e2c06b86a400e242051922eec8ed647558f69839fe9433a3e5,study/artifacts/evaluation/random/seed-4/n-6/chunk-000000.json.gz,exact,random,6,4,0
random/s4/n6/e2,729c87856354d6827ee2614c1317ebb5afb615eeec3f7b3887ecd918178f16ef,study/artifacts/evaluation/random/seed-4/n-6/chunk-000000.json.gz,unbalanced_bipartite,random,6,4,2
random/s4/n6/e3,ddd5529d873293661a1ca01fea02eec8a2a45a1d78cc238008e9e1f273a400b5,study/artifacts/evaluation/random/seed-4/n-6/chunk-000000.json.gz,nonbipartite,random,6,4,3
random/s4/n7/e0,bd4c15aada1bcb67eb9d27b263b7ac799b7018df59f0f591cb2f27af0ec89ca7,study/artifacts/evaluation/random/seed-4/n-7/chunk-000000.json.gz,exact,random,7,4,0
random/s4/n7/e4,642049687bea2a0c11a5aad1075e9fad7107c891b8eca26850101f87686c7cd4,study/artifacts/evaluation/random/seed-4/n-7/chunk-000000.json.gz,nonbipartite,random,7,4,4
random/s4/n7/e10,a60e3a110e199c2effbacc7e028a9b8b769b01dbdcd498bfc1f37e26d3a2377e,study/artifacts/evaluation/random/seed-4/n-7/chunk-000000.json.gz,unbalanced_bipartite,random,7,4,10
random/s4/n8/e0,9408f09417a302ddd28ace9fa4c2a8202f0ae25badc76fa0fca1807a2f152d9a,study/artifacts/evaluation/random/seed-4/n-8/chunk-000000.json.gz,nonbipartite,random,8,4,0
random/s4/n8/e1,a741af19b6ebebe2d109a1c0cf67c2420897ac49673afdbce5038b3d342f656a,study/artifacts/evaluation/random/seed-4/n-8/chunk-000000.json.gz,unbalanced_bipartite,random,8,4,1
random/s4/n8/e19,4c38dfb7ff1980f6d30e29f45ef21385ba349b58b96fadbbaad0b19d70afb60a,study/artifacts/evaluation/random/seed-4/n-8/chunk-000000.json.gz,exact,random,8,4,19
random/s4/n9/e0,1bcf4a4033f7d8ad6e7167dcdd6dbe252e980b074cdd9cb0ea641da98627e9e1,study/artifacts/evaluation/random/seed-4/n-9/chunk-000000.json.gz,nonbipartite,random,9,4,0
random/s4/n9/e1,fdb37f9a87518a18cba89922bb431a449488a66421aec949ab522675b9003d7d,study/artifacts/evaluation/random/seed-4/n-9/chunk-000000.json.gz,exact,random,9,4,1
random/s4/n9/e53,9b7c26e7711352dde3c1b89017afc13a9298bc4f536e706f85e4dd537211aef4,study/artifacts/evaluation/random/seed-4/n-9/chunk-000032.json.gz,unbalanced_bipartite,random,9,4,53
turan_oracle/s0/n10/e0,980e462a5806b9d4b3d7b9a55f3190b83d01e0dff3a59ec430470a817d9d6eb2,study/artifacts/evaluation/turan_oracle/seed-0/n-10/chunk-000000.json.gz,exact,turan_oracle,10,0,0
turan_oracle/s0/n11/e0,7949726d7cdcead73a13538994d7fa06c946ff617fa9537c16a44ea0c81b59af,study/artifacts/evaluation/turan_oracle/seed-0/n-11/chunk-000000.json.gz,exact,turan_oracle,11,0,0
turan_oracle/s0/n12/e0,836f35a7f2548621623bcfc31b055810b3db855ed1b29d90a554180837ed28a3,study/artifacts/evaluation/turan_oracle/seed-0/n-12/chunk-000000.json.gz,exact,turan_oracle,12,0,0
turan_oracle/s0/n13/e0,c8e111139f1079b1e0d9b4319ffe2bd27723198443c875a93317a082c9cca6bb,study/artifacts/evaluation/turan_oracle/seed-0/n-13/chunk-000000.json.gz,exact,turan_oracle,13,0,0
turan_oracle/s0/n14/e0,6fddf5a1226e66b9554d165308b2494b84e61e5d813170f285e30ff65bcc205d,study/artifacts/evaluation/turan_oracle/seed-0/n-14/chunk-000000.json.gz,exact,turan_oracle,14,0,0
turan_oracle/s0/n15/e0,a0098da089a8c55ba956c2a121d5a199fbd5208b6d27b072dc75662e114d2f74,study/artifacts/evaluation/turan_oracle/seed-0/n-15/chunk-000000.json.gz,exact,turan_oracle,15,0,0
turan_oracle/s0/n16/e0,3946ad2d5bc1ea1e9011bffa7f742d070942ff4f2e32905f2bd16367f16d0f1c,study/artifacts/evaluation/turan_oracle/seed-0/n-16/chunk-000000.json.gz,exact,turan_oracle,16,0,0
turan_oracle/s0/n17/e0,74b6d94fdb62a0cbc7d5c584919b70e9f101240be4901276c170a999e46aa0ce,study/artifacts/evaluation/turan_oracle/seed-0/n-17/chunk-000000.json.gz,exact,turan_oracle,17,0,0
turan_oracle/s0/n20/e0,816942747356059116c6099e333057ef0b7b9ee43e6c5a7453e3853124c2c9f9,study/artifacts/evaluation/turan_oracle/seed-0/n-20/chunk-000000.json.gz,exact,turan_oracle,20,0,0
turan_oracle/s0/n23/e0,e66c992881cec68eb4c033d38af0b265078acbdad0bf4b3cf82c2a81e8b5690a,study/artifacts/evaluation/turan_oracle/seed-0/n-23/chunk-000000.json.gz,exact,turan_oracle,23,0,0
turan_oracle/s0/n24/e0,d2661febdf1596c6e0d8451b0e310d28d2015cdb38f3e557fdc4399211ecbff3,study/artifacts/evaluation/turan_oracle/seed-0/n-24/chunk-000000.json.gz,exact,turan_oracle,24,0,0
turan_oracle/s0/n25/e0,a0acf84f56c77a35984e23081d39aed8bc9453ad0ac45126bd56dbcd141dbf5c,study/artifacts/evaluation/turan_oracle/seed-0/n-25/chunk-000000.json.gz,exact,turan_oracle,25,0,0
turan_oracle/s0/n30/e0,9e37feaa15f64746fdbdce3c9ea180efae2d277d5011c434eeb42b7a76e06978,study/artifacts/evaluation/turan_oracle/seed-0/n-30/chunk-000000.json.gz,exact,turan_oracle,30,0,0
turan_oracle/s0/n40/e0,c2ed3135647af7aea57f9b40fe95f1558408fb2796a26b2e7aa905cc42c65be9,study/artifacts/evaluation/turan_oracle/seed-0/n-40/chunk-000000.json.gz,exact,turan_oracle,40,0,0
turan_oracle/s0/n6/e0,735f01eeb12827e2c06b86a400e242051922eec8ed647558f69839fe9433a3e5,study/artifacts/evaluation/turan_oracle/seed-0/n-6/chunk-000000.json.gz,exact,turan_oracle,6,0,0
turan_oracle/s0/n7/e0,6668667bffd21feb9f1fd8bf3c1e6f6e95ee5f657561307e5282813bc9d2d9e2,study/artifacts/evaluation/turan_oracle/seed-0/n-7/chunk-000000.json.gz,exact,turan_oracle,7,0,0
turan_oracle/s0/n8/e0,0833918dafbf412622e8eedf06700621d67c7b9ce12ab669e86c81a32d099115,study/artifacts/evaluation/turan_oracle/seed-0/n-8/chunk-000000.json.gz,exact,turan_oracle,8,0,0
turan_oracle/s0/n9/e0,206869ab99bc748778ad87153674728facd0c1ecd4055e5c26ee9cd180b80d55,study/artifacts/evaluation/turan_oracle/seed-0/n-9/chunk-000000.json.gz,exact,turan_oracle,9,0,0
turan_oracle/s1/n10/e0,980e462a5806b9d4b3d7b9a55f3190b83d01e0dff3a59ec430470a817d9d6eb2,study/artifacts/evaluation/turan_oracle/seed-1/n-10/chunk-000000.json.gz,exact,turan_oracle,10,1,0
turan_oracle/s1/n11/e0,7949726d7cdcead73a13538994d7fa06c946ff617fa9537c16a44ea0c81b59af,study/artifacts/evaluation/turan_oracle/seed-1/n-11/chunk-000000.json.gz,exact,turan_oracle,11,1,0
turan_oracle/s1/n12/e0,836f35a7f2548621623bcfc31b055810b3db855ed1b29d90a554180837ed28a3,study/artifacts/evaluation/turan_oracle/seed-1/n-12/chunk-000000.json.gz,exact,turan_oracle,12,1,0
turan_oracle/s1/n13/e0,c8e111139f1079b1e0d9b4319ffe2bd27723198443c875a93317a082c9cca6bb,study/artifacts/evaluation/turan_oracle/seed-1/n-13/chunk-000000.json.gz,exact,turan_oracle,13,1,0
turan_oracle/s1/n14/e0,6fddf5a1226e66b9554d165308b2494b84e61e5d813170f285e30ff65bcc205d,study/artifacts/evaluation/turan_oracle/seed-1/n-14/chunk-000000.json.gz,exact,turan_oracle,14,1,0
turan_oracle/s1/n15/e0,a0098da089a8c55ba956c2a121d5a199fbd5208b6d27b072dc75662e114d2f74,study/artifacts/evaluation/turan_oracle/seed-1/n-15/chunk-000000.json.gz,exact,turan_oracle,15,1,0
turan_oracle/s1/n16/e0,3946ad2d5bc1ea1e9011bffa7f742d070942ff4f2e32905f2bd16367f16d0f1c,study/artifacts/evaluation/turan_oracle/seed-1/n-16/chunk-000000.json.gz,exact,turan_oracle,16,1,0
turan_oracle/s1/n17/e0,74b6d94fdb62a0cbc7d5c584919b70e9f101240be4901276c170a999e46aa0ce,study/artifacts/evaluation/turan_oracle/seed-1/n-17/chunk-000000.json.gz,exact,turan_oracle,17,1,0
turan_oracle/s1/n20/e0,816942747356059116c6099e333057ef0b7b9ee43e6c5a7453e3853124c2c9f9,study/artifacts/evaluation/turan_oracle/seed-1/n-20/chunk-000000.json.gz,exact,turan_oracle,20,1,0
turan_oracle/s1/n23/e0,e66c992881cec68eb4c033d38af0b265078acbdad0bf4b3cf82c2a81e8b5690a,study/artifacts/evaluation/turan_oracle/seed-1/n-23/chunk-000000.json.gz,exact,turan_oracle,23,1,0
turan_oracle/s1/n24/e0,d2661febdf1596c6e0d8451b0e310d28d2015cdb38f3e557fdc4399211ecbff3,study/artifacts/evaluation/turan_oracle/seed-1/n-24/chunk-000000.json.gz,exact,turan_oracle,24,1,0
turan_oracle/s1/n25/e0,a0acf84f56c77a35984e23081d39aed8bc9453ad0ac45126bd56dbcd141dbf5c,study/artifacts/evaluation/turan_oracle/seed-1/n-25/chunk-000000.json.gz,exact,turan_oracle,25,1,0
turan_oracle/s1/n30/e0,9e37feaa15f64746fdbdce3c9ea180efae2d277d5011c434eeb42b7a76e06978,study/artifacts/evaluation/turan_oracle/seed-1/n-30/chunk-000000.json.gz,exact,turan_oracle,30,1,0
turan_oracle/s1/n40/e0,c2ed3135647af7aea57f9b40fe95f1558408fb2796a26b2e7aa905cc42c65be9,study/artifacts/evaluation/turan_oracle/seed-1/n-40/chunk-000000.json.gz,exact,turan_oracle,40,1,0
turan_oracle/s1/n6/e0,735f01eeb12827e2c06b86a400e242051922eec8ed647558f69839fe9433a3e5,study/artifacts/evaluation/turan_oracle/seed-1/n-6/chunk-000000.json.gz,exact,turan_oracle,6,1,0
turan_oracle/s1/n7/e0,6668667bffd21feb9f1fd8bf3c1e6f6e95ee5f657561307e5282813bc9d2d9e2,study/artifacts/evaluation/turan_oracle/seed-1/n-7/chunk-000000.json.gz,exact,turan_oracle,7,1,0
turan_oracle/s1/n8/e0,0833918dafbf412622e8eedf06700621d67c7b9ce12ab669e86c81a32d099115,study/artifacts/evaluation/turan_oracle/seed-1/n-8/chunk-000000.json.gz,exact,turan_oracle,8,1,0
turan_oracle/s1/n9/e0,206869ab99bc748778ad87153674728facd0c1ecd4055e5c26ee9cd180b80d55,study/artifacts/evaluation/turan_oracle/seed-1/n-9/chunk-000000.json.gz,exact,turan_oracle,9,1,0
turan_oracle/s2/n10/e0,980e462a5806b9d4b3d7b9a55f3190b83d01e0dff3a59ec430470a817d9d6eb2,study/artifacts/evaluation/turan_oracle/seed-2/n-10/chunk-000000.json.gz,exact,turan_oracle,10,2,0
turan_oracle/s2/n11/e0,7949726d7cdcead73a13538994d7fa06c946ff617fa9537c16a44ea0c81b59af,study/artifacts/evaluation/turan_oracle/seed-2/n-11/chunk-000000.json.gz,exact,turan_oracle,11,2,0
turan_oracle/s2/n12/e0,836f35a7f2548621623bcfc31b055810b3db855ed1b29d90a554180837ed28a3,study/artifacts/evaluation/turan_oracle/seed-2/n-12/chunk-000000.json.gz,exact,turan_oracle,12,2,0
turan_oracle/s2/n13/e0,c8e111139f1079b1e0d9b4319ffe2bd27723198443c875a93317a082c9cca6bb,study/artifacts/evaluation/turan_oracle/seed-2/n-13/chunk-000000.json.gz,exact,turan_oracle,13,2,0
turan_oracle/s2/n14/e0,6fddf5a1226e66b9554d165308b2494b84e61e5d813170f285e30ff65bcc205d,study/artifacts/evaluation/turan_oracle/seed-2/n-14/chunk-000000.json.gz,exact,turan_oracle,14,2,0
turan_oracle/s2/n15/e0,a0098da089a8c55ba956c2a121d5a199fbd5208b6d27b072dc75662e114d2f74,study/artifacts/evaluation/turan_oracle/seed-2/n-15/chunk-000000.json.gz,exact,turan_oracle,15,2,0
turan_oracle/s2/n16/e0,3946ad2d5bc1ea1e9011bffa7f742d070942ff4f2e32905f2bd16367f16d0f1c,study/artifacts/evaluation/turan_oracle/seed-2/n-16/chunk-000000.json.gz,exact,turan_oracle,16,2,0
turan_oracle/s2/n17/e0,74b6d94fdb62a0cbc7d5c584919b70e9f101240be4901276c170a999e46aa0ce,study/artifacts/evaluation/turan_oracle/seed-2/n-17/chunk-000000.json.gz,exact,turan_oracle,17,2,0
turan_oracle/s2/n20/e0,816942747356059116c6099e333057ef0b7b9ee43e6c5a7453e3853124c2c9f9,study/artifacts/evaluation/turan_oracle/seed-2/n-20/chunk-000000.json.gz,exact,turan_oracle,20,2,0
turan_oracle/s2/n23/e0,e66c992881cec68eb4c033d38af0b265078acbdad0bf4b3cf82c2a81e8b5690a,study/artifacts/evaluation/turan_oracle/seed-2/n-23/chunk-000000.json.gz,exact,turan_oracle,23,2,0
turan_oracle/s2/n24/e0,d2661febdf1596c6e0d8451b0e310d28d2015cdb38f3e557fdc4399211ecbff3,study/artifacts/evaluation/turan_oracle/seed-2/n-24/chunk-000000.json.gz,exact,turan_oracle,24,2,0
turan_oracle/s2/n25/e0,a0acf84f56c77a35984e23081d39aed8bc9453ad0ac45126bd56dbcd141dbf5c,study/artifacts/evaluation/turan_oracle/seed-2/n-25/chunk-000000.json.gz,exact,turan_oracle,25,2,0
turan_oracle/s2/n30/e0,9e37feaa15f64746fdbdce3c9ea180efae2d277d5011c434eeb42b7a76e06978,study/artifacts/evaluation/turan_oracle/seed-2/n-30/chunk-000000.json.gz,exact,turan_oracle,30,2,0
turan_oracle/s2/n40/e0,c2ed3135647af7aea57f9b40fe95f1558408fb2796a26b2e7aa905cc42c65be9,study/artifacts/evaluation/turan_oracle/seed-2/n-40/chunk-000000.json.gz,exact,turan_oracle,40,2,0
turan_oracle/s2/n6/e0,735f01eeb12827e2c06b86a400e242051922eec8ed647558f69839fe9433a3e5,study/artifacts/evaluation/turan_oracle/seed-2/n-6/chunk-000000.json.gz,exact,turan_oracle,6,2,0
turan_oracle/s2/n7/e0,6668667bffd21feb9f1fd8bf3c1e6f6e95ee5f657561307e5282813bc9d2d9e2,study/artifacts/evaluation/turan_oracle/seed-2/n-7/chunk-000000.json.gz,exact,turan_oracle,7,2,0
turan_oracle/s2/n8/e0,0833918dafbf412622e8eedf06700621d67c7b9ce12ab669e86c81a32d099115,study/artifacts/evaluation/turan_oracle/seed-2/n-8/chunk-000000.json.gz,exact,turan_oracle,8,2,0
turan_oracle/s2/n9/e0,206869ab99bc748778ad87153674728facd0c1ecd4055e5c26ee9cd180b80d55,study/artifacts/evaluation/turan_oracle/seed-2/n-9/chunk-000000.json.gz,exact,turan_oracle,9,2,0
turan_oracle/s3/n10/e0,980e462a5806b9d4b3d7b9a55f3190b83d01e0dff3a59ec430470a817d9d6eb2,study/artifacts/evaluation/turan_oracle/seed-3/n-10/chunk-000000.json.gz,exact,turan_oracle,10,3,0
turan_oracle/s3/n11/e0,7949726d7cdcead73a13538994d7fa06c946ff617fa9537c16a44ea0c81b59af,study/artifacts/evaluation/turan_oracle/seed-3/n-11/chunk-000000.json.gz,exact,turan_oracle,11,3,0
turan_oracle/s3/n12/e0,836f35a7f2548621623bcfc31b055810b3db855ed1b29d90a554180837ed28a3,study/artifacts/evaluation/turan_oracle/seed-3/n-12/chunk-000000.json.gz,exact,turan_oracle,12,3,0
turan_oracle/s3/n13/e0,c8e111139f1079b1e0d9b4319ffe2bd27723198443c875a93317a082c9cca6bb,study/artifacts/evaluation/turan_oracle/seed-3/n-13/chunk-000000.json.gz,exact,turan_oracle,13,3,0
turan_oracle/s3/n14/e0,6fddf5a1226e66b9554d165308b2494b84e61e5d813170f285e30ff65bcc205d,study/artifacts/evaluation/turan_oracle/seed-3/n-14/chunk-000000.json.gz,exact,turan_oracle,14,3,0
turan_oracle/s3/n15/e0,a0098da089a8c55ba956c2a121d5a199fbd5208b6d27b072dc75662e114d2f74,study/artifacts/evaluation/turan_oracle/seed-3/n-15/chunk-000000.json.gz,exact,turan_oracle,15,3,0
turan_oracle/s3/n16/e0,3946ad2d5bc1ea1e9011bffa7f742d070942ff4f2e32905f2bd16367f16d0f1c,study/artifacts/evaluation/turan_oracle/seed-3/n-16/chunk-000000.json.gz,exact,turan_oracle,16,3,0
turan_oracle/s3/n17/e0,74b6d94fdb62a0cbc7d5c584919b70e9f101240be4901276c170a999e46aa0ce,study/artifacts/evaluation/turan_oracle/seed-3/n-17/chunk-000000.json.gz,exact,turan_oracle,17,3,0
turan_oracle/s3/n20/e0,816942747356059116c6099e333057ef0b7b9ee43e6c5a7453e3853124c2c9f9,study/artifacts/evaluation/turan_oracle/seed-3/n-20/chunk-000000.json.gz,exact,turan_oracle,20,3,0
turan_oracle/s3/n23/e0,e66c992881cec68eb4c033d38af0b265078acbdad0bf4b3cf82c2a81e8b5690a,study/artifacts/evaluation/turan_oracle/seed-3/n-23/chunk-000000.json.gz,exact,turan_oracle,23,3,0
turan_oracle/s3/n24/e0,d2661febdf1596c6e0d8451b0e310d28d2015cdb38f3e557fdc4399211ecbff3,study/artifacts/evaluation/turan_oracle/seed-3/n-24/chunk-000000.json.gz,exact,turan_oracle,24,3,0
turan_oracle/s3/n25/e0,a0acf84f56c77a35984e23081d39aed8bc9453ad0ac45126bd56dbcd141dbf5c,study/artifacts/evaluation/turan_oracle/seed-3/n-25/chunk-000000.json.gz,exact,turan_oracle,25,3,0
turan_oracle/s3/n30/e0,9e37feaa15f64746fdbdce3c9ea180efae2d277d5011c434eeb42b7a76e06978,study/artifacts/evaluation/turan_oracle/seed-3/n-30/chunk-000000.json.gz,exact,turan_oracle,30,3,0
turan_oracle/s3/n40/e0,c2ed3135647af7aea57f9b40fe95f1558408fb2796a26b2e7aa905cc42c65be9,study/artifacts/evaluation/turan_oracle/seed-3/n-40/chunk-000000.json.gz,exact,turan_oracle,40,3,0
turan_oracle/s3/n6/e0,735f01eeb12827e2c06b86a400e242051922eec8ed647558f69839fe9433a3e5,study/artifacts/evaluation/turan_oracle/seed-3/n-6/chunk-000000.json.gz,exact,turan_oracle,6,3,0
turan_oracle/s3/n7/e0,6668667bffd21feb9f1fd8bf3c1e6f6e95ee5f657561307e5282813bc9d2d9e2,study/artifacts/evaluation/turan_oracle/seed-3/n-7/chunk-000000.json.gz,exact,turan_oracle,7,3,0
turan_oracle/s3/n8/e0,0833918dafbf412622e8eedf06700621d67c7b9ce12ab669e86c81a32d099115,study/artifacts/evaluation/turan_oracle/seed-3/n-8/chunk-000000.json.gz,exact,turan_oracle,8,3,0
turan_oracle/s3/n9/e0,206869ab99bc748778ad87153674728facd0c1ecd4055e5c26ee9cd180b80d55,study/artifacts/evaluation/turan_oracle/seed-3/n-9/chunk-000000.json.gz,exact,turan_oracle,9,3,0
turan_oracle/s4/n10/e0,980e462a5806b9d4b3d7b9a55f3190b83d01e0dff3a59ec430470a817d9d6eb2,study/artifacts/evaluation/turan_oracle/seed-4/n-10/chunk-000000.json.gz,exact,turan_oracle,10,4,0
turan_oracle/s4/n11/e0,7949726d7cdcead73a13538994d7fa06c946ff617fa9537c16a44ea0c81b59af,study/artifacts/evaluation/turan_oracle/seed-4/n-11/chunk-000000.json.gz,exact,turan_oracle,11,4,0
turan_oracle/s4/n12/e0,836f35a7f2548621623bcfc31b055810b3db855ed1b29d90a554180837ed28a3,study/artifacts/evaluation/turan_oracle/seed-4/n-12/chunk-000000.json.gz,exact,turan_oracle,12,4,0
turan_oracle/s4/n13/e0,c8e111139f1079b1e0d9b4319ffe2bd27723198443c875a93317a082c9cca6bb,study/artifacts/evaluation/turan_oracle/seed-4/n-13/chunk-000000.json.gz,exact,turan_oracle,13,4,0
turan_oracle/s4/n14/e0,6fddf5a1226e66b9554d165308b2494b84e61e5d813170f285e30ff65bcc205d,study/artifacts/evaluation/turan_oracle/seed-4/n-14/chunk-000000.json.gz,exact,turan_oracle,14,4,0
turan_oracle/s4/n15/e0,a0098da089a8c55ba956c2a121d5a199fbd5208b6d27b072dc75662e114d2f74,study/artifacts/evaluation/turan_oracle/seed-4/n-15/chunk-000000.json.gz,exact,turan_oracle,15,4,0
turan_oracle/s4/n16/e0,3946ad2d5bc1ea1e9011bffa7f742d070942ff4f2e32905f2bd16367f16d0f1c,study/artifacts/evaluation/turan_oracle/seed-4/n-16/chunk-000000.json.gz,exact,turan_oracle,16,4,0
turan_oracle/s4/n17/e0,74b6d94fdb62a0cbc7d5c584919b70e9f101240be4901276c170a999e46aa0ce,study/artifacts/evaluation/turan_oracle/seed-4/n-17/chunk-000000.json.gz,exact,turan_oracle,17,4,0
turan_oracle/s4/n20/e0,816942747356059116c6099e333057ef0b7b9ee43e6c5a7453e3853124c2c9f9,study/artifacts/evaluation/turan_oracle/seed-4/n-20/chunk-000000.json.gz,exact,turan_oracle,20,4,0
turan_oracle/s4/n23/e0,e66c992881cec68eb4c033d38af0b265078acbdad0bf4b3cf82c2a81e8b5690a,study/artifacts/evaluation/turan_oracle/seed-4/n-23/chunk-000000.json.gz,exact,turan_oracle,23,4,0
turan_oracle/s4/n24/e0,d2661febdf1596c6e0d8451b0e310d28d2015cdb38f3e557fdc4399211ecbff3,study/artifacts/evaluation/turan_oracle/seed-4/n-24/chunk-000000.json.gz,exact,turan_oracle,24,4,0
turan_oracle/s4/n25/e0,a0acf84f56c77a35984e23081d39aed8bc9453ad0ac45126bd56dbcd141dbf5c,study/artifacts/evaluation/turan_oracle/seed-4/n-25/chunk-000000.json.gz,exact,turan_oracle,25,4,0
turan_oracle/s4/n30/e0,9e37feaa15f64746fdbdce3c9ea180efae2d277d5011c434eeb42b7a76e06978,study/artifacts/evaluation/turan_oracle/seed-4/n-30/chunk-000000.json.gz,exact,turan_oracle,30,4,0
turan_oracle/s4/n40/e0,c2ed3135647af7aea57f9b40fe95f1558408fb2796a26b2e7aa905cc42c65be9,study/artifacts/evaluation/turan_oracle/seed-4/n-40/chunk-000000.json.gz,exact,turan_oracle,40,4,0
turan_oracle/s4/n6/e0,735f01eeb12827e2c06b86a400e242051922eec8ed647558f69839fe9433a3e5,study/artifacts/evaluation/turan_oracle/seed-4/n-6/chunk-000000.json.gz,exact,turan_oracle,6,4,0
turan_oracle/s4/n7/e0,6668667bffd21feb9f1fd8bf3c1e6f6e95ee5f657561307e5282813bc9d2d9e2,study/artifacts/evaluation/turan_oracle/seed-4/n-7/chunk-000000.json.gz,exact,turan_oracle,7,4,0
turan_oracle/s4/n8/e0,0833918dafbf412622e8eedf06700621d67c7b9ce12ab669e86c81a32d099115,study/artifacts/evaluation/turan_oracle/seed-4/n-8/chunk-000000.json.gz,exact,turan_oracle,8,4,0
turan_oracle/s4/n9/e0,206869ab99bc748778ad87153674728facd0c1ecd4055e5c26ee9cd180b80d55,study/artifacts/evaluation/turan_oracle/seed-4/n-9/chunk-000000.json.gz,exact,turan_oracle,9,4,0
untrained_gnn/s0/n10/e0,c922bb87345fd22bddc677b60d1ffffc925580cc2acd9d1b04572f34a3e7eff0,study/artifacts/evaluation/untrained_gnn/seed-0/n-10/chunk-000000.json.gz,exact,untrained_gnn,10,0,0
untrained_gnn/s0/n10/e1,aeea69a377ae4f775e0e659af556a6ddc9b6c7d0915ae479bc0e52ca6bc6c275,study/artifacts/evaluation/untrained_gnn/seed-0/n-10/chunk-000000.json.gz,nonbipartite,untrained_gnn,10,0,1
untrained_gnn/s0/n10/e61,1292413f6b7c4f6db855398c8ff456c9d50aade6f13a7273374dee724697dbcc,study/artifacts/evaluation/untrained_gnn/seed-0/n-10/chunk-000032.json.gz,unbalanced_bipartite,untrained_gnn,10,0,61
untrained_gnn/s0/n11/e0,19c0f2abf35e0934ead0439b0f1bcf5578dc678acbc0c5177f0d6c986ed35553,study/artifacts/evaluation/untrained_gnn/seed-0/n-11/chunk-000000.json.gz,nonbipartite,untrained_gnn,11,0,0
untrained_gnn/s0/n11/e3,f4878690b2b9c3679ab39596b470f13d2aeec357e4d186b086effb81ff70af5b,study/artifacts/evaluation/untrained_gnn/seed-0/n-11/chunk-000000.json.gz,unbalanced_bipartite,untrained_gnn,11,0,3
untrained_gnn/s0/n11/e39,901898ccd253d6dc138484923210cf7e5931e91e890380a6ea52c95b45991203,study/artifacts/evaluation/untrained_gnn/seed-0/n-11/chunk-000032.json.gz,exact,untrained_gnn,11,0,39
untrained_gnn/s0/n12/e0,c245a769f27da4d5bb3ea1d0e3afd85b1fc417cc6faad18570f37d548770b6a7,study/artifacts/evaluation/untrained_gnn/seed-0/n-12/chunk-000000.json.gz,nonbipartite,untrained_gnn,12,0,0
untrained_gnn/s0/n12/e4,3c97181c6a8c5161d64760c48ce1f539de52da3422d2ffa96f917d3575db70d0,study/artifacts/evaluation/untrained_gnn/seed-0/n-12/chunk-000000.json.gz,exact,untrained_gnn,12,0,4
untrained_gnn/s0/n12/e85,dc4470e9ad72e6fae443dee3ffe9ea67eb0826e69fefed39078691a4617e8744,study/artifacts/evaluation/untrained_gnn/seed-0/n-12/chunk-000064.json.gz,unbalanced_bipartite,untrained_gnn,12,0,85
untrained_gnn/s0/n13/e0,1b9b2f418da7c350ed9becf05d35e2691bfb3c4a26cccff290c7372e3a146ef6,study/artifacts/evaluation/untrained_gnn/seed-0/n-13/chunk-000000.json.gz,nonbipartite,untrained_gnn,13,0,0
untrained_gnn/s0/n13/e9,fa6c7b3e27495ae7c18cb1a427b2d45f8c65b6785f801a0b86dd46129e328488,study/artifacts/evaluation/untrained_gnn/seed-0/n-13/chunk-000000.json.gz,exact,untrained_gnn,13,0,9
untrained_gnn/s0/n14/e0,3a876a09ac38ee03c447ba6936a0bb33f109e9b9a130287626b8d4ade7e80bda,study/artifacts/evaluation/untrained_gnn/seed-0/n-14/chunk-000000.json.gz,nonbipartite,untrained_gnn,14,0,0
untrained_gnn/s0/n14/e71,e505326bb393d4c9a5b3e5f6af3fee529ee6ef49473f5fdb65342396c019db95,study/artifacts/evaluation/untrained_gnn/seed-0/n-14/chunk-000064.json.gz,unbalanced_bipartite,untrained_gnn,14,0,71
untrained_gnn/s0/n15/e0,685364bedf8510d29989e754430490123c1f72b88370bd40baf0fd9160590164,study/artifacts/evaluation/untrained_gnn/seed-0/n-15/chunk-000000.json.gz,nonbipartite,untrained_gnn,15,0,0
untrained_gnn/s0/n16/e0,a5a9bde7c14dcf163e2aa9a20adeb9c664c50cef2b86bb21a447565c9d128208,study/artifacts/evaluation/untrained_gnn/seed-0/n-16/chunk-000000.json.gz,nonbipartite,untrained_gnn,16,0,0
untrained_gnn/s0/n17/e0,f5b3d97c9417874224b7d9a3cb16a02aff8b83e73a729d6b7f58d5734a2f0fbb,study/artifacts/evaluation/untrained_gnn/seed-0/n-17/chunk-000000.json.gz,nonbipartite,untrained_gnn,17,0,0
untrained_gnn/s0/n20/e0,ec323c0853b4dc7768c5ec5e66f5400fa31d180602f63bee4fb7bb8e7a1bd996,study/artifacts/evaluation/untrained_gnn/seed-0/n-20/chunk-000000.json.gz,nonbipartite,untrained_gnn,20,0,0
untrained_gnn/s0/n23/e0,3da4cb174ad393783b69088e1862774c4b9d1c5f3f391771a468c3b1d272a80c,study/artifacts/evaluation/untrained_gnn/seed-0/n-23/chunk-000000.json.gz,nonbipartite,untrained_gnn,23,0,0
untrained_gnn/s0/n24/e0,81e28cb1dfa07a5fdf7b75e773853fdd37b0d25f7ef7906ccf7a076da77f4e5f,study/artifacts/evaluation/untrained_gnn/seed-0/n-24/chunk-000000.json.gz,nonbipartite,untrained_gnn,24,0,0
untrained_gnn/s0/n25/e0,7b9e7e45ef94046dcea702ec7b83df230061d6b8975f461370b9630605903c23,study/artifacts/evaluation/untrained_gnn/seed-0/n-25/chunk-000000.json.gz,nonbipartite,untrained_gnn,25,0,0
untrained_gnn/s0/n30/e0,fed667c0041ff6ad07ec96a2ea412f47997804718a207462d494f839027f06f4,study/artifacts/evaluation/untrained_gnn/seed-0/n-30/chunk-000000.json.gz,nonbipartite,untrained_gnn,30,0,0
untrained_gnn/s0/n40/e0,3b0390f451c93dfe7318cf62d51fd8854a348a1cc42fd7ff93ff28f46a086384,study/artifacts/evaluation/untrained_gnn/seed-0/n-40/chunk-000000.json.gz,nonbipartite,untrained_gnn,40,0,0
untrained_gnn/s0/n6/e0,b60c5209093712b71e117b8a18c09642cd97f3e27d260fb299105d7419dab1fb,study/artifacts/evaluation/untrained_gnn/seed-0/n-6/chunk-000000.json.gz,exact,untrained_gnn,6,0,0
untrained_gnn/s0/n6/e1,16acee38e323e9ffdebce06e7eb3cb4316ab20843c6a70475ff587ef9d01106c,study/artifacts/evaluation/untrained_gnn/seed-0/n-6/chunk-000000.json.gz,nonbipartite,untrained_gnn,6,0,1
untrained_gnn/s0/n6/e6,1e31e3ab9252e3fd3164120e2cd81ffd541960c54104f6a1ac356e952f657e6d,study/artifacts/evaluation/untrained_gnn/seed-0/n-6/chunk-000000.json.gz,unbalanced_bipartite,untrained_gnn,6,0,6
untrained_gnn/s0/n7/e0,6668667bffd21feb9f1fd8bf3c1e6f6e95ee5f657561307e5282813bc9d2d9e2,study/artifacts/evaluation/untrained_gnn/seed-0/n-7/chunk-000000.json.gz,exact,untrained_gnn,7,0,0
untrained_gnn/s0/n7/e6,4501316c9278ef558352fb3f1168efc5f8ae5324b3c18b7054c0e8d763ff31d0,study/artifacts/evaluation/untrained_gnn/seed-0/n-7/chunk-000000.json.gz,nonbipartite,untrained_gnn,7,0,6
untrained_gnn/s0/n8/e0,9661b06692dd371ad5a4e58c98e9260bcb1d207766b050e066466496c08c10ec,study/artifacts/evaluation/untrained_gnn/seed-0/n-8/chunk-000000.json.gz,nonbipartite,untrained_gnn,8,0,0
untrained_gnn/s0/n8/e7,8b6bd9b01f68666ba7e34fe796be3fe33d3d3c974e97040532ce382333c466aa,study/artifacts/evaluation/untrained_gnn/seed-0/n-8/chunk-000000.json.gz,unbalanced_bipartite,untrained_gnn,8,0,7
untrained_gnn/s0/n8/e9,afd64f45894fc9f4ae19859c4f4a02153d33953802bf375b24ffefd264dfb060,study/artifacts/evaluation/untrained_gnn/seed-0/n-8/chunk-000000.json.gz,exact,untrained_gnn,8,0,9
untrained_gnn/s0/n9/e0,f8f2f5948bb9cf0803c3c985d75e4dd6765ec2cdd8436f5ac1ef69fd14d4a416,study/artifacts/evaluation/untrained_gnn/seed-0/n-9/chunk-000000.json.gz,nonbipartite,untrained_gnn,9,0,0
untrained_gnn/s0/n9/e2,728edee6ea399290fc79c7a9665c074a015046438585699ab3d0a2db6cfae74b,study/artifacts/evaluation/untrained_gnn/seed-0/n-9/chunk-000000.json.gz,exact,untrained_gnn,9,0,2
untrained_gnn/s0/n9/e9,1326e5e476e99528b3813c34c8c506987e29eee9fa2dcc54412e9fc3f52934fd,study/artifacts/evaluation/untrained_gnn/seed-0/n-9/chunk-000000.json.gz,unbalanced_bipartite,untrained_gnn,9,0,9
untrained_gnn/s1/n10/e0,ded6c4d0f23a4b5c1226091670f193993f2fed4f973a56e5ea1b24f52a5486fb,study/artifacts/evaluation/untrained_gnn/seed-1/n-10/chunk-000000.json.gz,nonbipartite,untrained_gnn,10,1,0
untrained_gnn/s1/n10/e7,e5450015cb8a7ab2d5374281e116f1404215884b7bced8c681c09bff086a1eaa,study/artifacts/evaluation/untrained_gnn/seed-1/n-10/chunk-000000.json.gz,exact,untrained_gnn,10,1,7
untrained_gnn/s1/n10/e21,3e28e18f47155cb7df1ad3368f6b2ac7fd977d758de34d7bb61d178c3540f523,study/artifacts/evaluation/untrained_gnn/seed-1/n-10/chunk-000000.json.gz,unbalanced_bipartite,untrained_gnn,10,1,21
untrained_gnn/s1/n11/e0,12261c12ff47864d081bd6cc76b2720903c0699ee0be4ddbe90dcd2b0dbf7ae2,study/artifacts/evaluation/untrained_gnn/seed-1/n-11/chunk-000000.json.gz,nonbipartite,untrained_gnn,11,1,0
untrained_gnn/s1/n11/e8,083e54f1216eaa4cc37ce1e5d8760f32bd3f5291d13be603801b138e60415267,study/artifacts/evaluation/untrained_gnn/seed-1/n-11/chunk-000000.json.gz,exact,untrained_gnn,11,1,8
untrained_gnn/s1/n11/e38,18ecc6ee60075c89d2af5ae874f82291bd0fbfb45b9ff5c05040fd9c20c80abc,study/artifacts/evaluation/untrained_gnn/seed-1/n-11/chunk-000032.json.gz,unbalanced_bipartite,untrained_gnn,11,1,38
untrained_gnn/s1/n12/e0,542d01da5605d27222f305c48fbce2b399285e96632a3bf86f45c2015fadfbbe,study/artifacts/evaluation/untrained_gnn/seed-1/n-12/chunk-000000.json.gz,nonbipartite,untrained_gnn,12,1,0
untrained_gnn/s1/n12/e3,a929d63169663401d39f3786810d27670d0006aa68e63971bef57a06e9db85f7,study/artifacts/evaluation/untrained_gnn/seed-1/n-12/chunk-000000.json.gz,unbalanced_bipartite,untrained_gnn,12,1,3
untrained_gnn/s1/n12/e5,e1782e7fde52f07033ad6e4acdde39d5df3ec9bed6fa717353592625c693c410,study/artifacts/evaluation/untrained_gnn/seed-1/n-12/chunk-000000.json.gz,exact,untrained_gnn,12,1,5
untrained_gnn/s1/n13/e0,b28d4e1843e95ced2fb78ae2463cbe402d64c92fe0bf045aa9c430041a3e416d,study/artifacts/evaluation/untrained_gnn/seed-1/n-13/chunk-000000.json.gz,nonbipartite,untrained_gnn,13,1,0
untrained_gnn/s1/n13/e23,a208d96501fb27b6d296b8a5a55cc0a96c2883ece02a369246d40e83682a8a78,study/artifacts/evaluation/untrained_gnn/seed-1/n-13/chunk-000000.json.gz,exact,untrained_gnn,13,1,23
untrained_gnn/s1/n13/e50,4dc36e5fca1537db6b3675f6f12f44a6b3fcd6925e1a8356d88dbeaf23b25f38,study/artifacts/evaluation/untrained_gnn/seed-1/n-13/chunk-000032.json.gz,unbalanced_bipartite,untrained_gnn,13,1,50
untrained_gnn/s1/n14/e0,ba928162f69d2f219f6438d6418649d1e223ca803a166f709dc9dfd1d50aa036,study/artifacts/evaluation/untrained_gnn/seed-1/n-14/chunk-000000.json.gz,nonbipartite,untrained_gnn,14,1,0
untrained_gnn/s1/n14/e26,c7e48ecd5b420cb1de9282f0124008f1c4e543d92e060755f32abeab0e9d7817,study/artifacts/evaluation/untrained_gnn/seed-1/n-14/chunk-000000.json.gz,unbalanced_bipartite,untrained_gnn,14,1,26
untrained_gnn/s1/n15/e0,f72b2f5981f23729771ffdd69e87146a10b530a2985034df2062aaf74edf7aaa,study/artifacts/evaluation/untrained_gnn/seed-1/n-15/chunk-000000.json.gz,nonbipartite,untrained_gnn,15,1,0
untrained_gnn/s1/n16/e0,2cf9baeb9406b711424af02e61d3042d05481e93d35f67f4fd0b46a5eb6f169b,study/artifacts/evaluation/untrained_gnn/seed-1/n-16/chunk-000000.json.gz,nonbipartite,untrained_gnn,16,1,0
untrained_gnn/s1/n17/e0,89a0de7f32f1fdc49d0c475283da7746c8a98427ee855a85ae32a97b5e191432,study/artifacts/evaluation/untrained_gnn/seed-1/n-17/chunk-000000.json.gz,nonbipartite,untrained_gnn,17,1,0
untrained_gnn/s1/n20/e0,2ab0f8708a8aa61a2e9c141f2d8cca6a404a6515d47d779a12e6b2ef584c325e,study/artifacts/evaluation/untrained_gnn/seed-1/n-20/chunk-000000.json.gz,nonbipartite,untrained_gnn,20,1,0
untrained_gnn/s1/n23/e0,e94ad27c3af8549b14f66913be062e334e40eedb728da78076910ebbdc7570aa,study/artifacts/evaluation/untrained_gnn/seed-1/n-23/chunk-000000.json.gz,nonbipartite,untrained_gnn,23,1,0
untrained_gnn/s1/n24/e0,a45e0ac51396f1b57b571c158af90aa47a2900521811e09a8591543cdd6246b0,study/artifacts/evaluation/untrained_gnn/seed-1/n-24/chunk-000000.json.gz,nonbipartite,untrained_gnn,24,1,0
untrained_gnn/s1/n25/e0,d2f15f5fb0d5ecb8bb88314f72a543ae8642f8db12e3baf230fd7dc91d69ec75,study/artifacts/evaluation/untrained_gnn/seed-1/n-25/chunk-000000.json.gz,nonbipartite,untrained_gnn,25,1,0
untrained_gnn/s1/n30/e0,a96399e303a5f1274256de86fa13943e8e12504389cadee454ae3045a82cb03a,study/artifacts/evaluation/untrained_gnn/seed-1/n-30/chunk-000000.json.gz,nonbipartite,untrained_gnn,30,1,0
untrained_gnn/s1/n40/e0,3a8354f7853ad354059dd43551a2cdd5fa5e63ce06f4029ab8353d8fdca0d837,study/artifacts/evaluation/untrained_gnn/seed-1/n-40/chunk-000000.json.gz,nonbipartite,untrained_gnn,40,1,0
untrained_gnn/s1/n6/e0,9be94a9640d0b7e99138175c3fcc4a88445b349fd8e68a40fc0fbf848fcfeead,study/artifacts/evaluation/untrained_gnn/seed-1/n-6/chunk-000000.json.gz,nonbipartite,untrained_gnn,6,1,0
untrained_gnn/s1/n6/e1,b60c5209093712b71e117b8a18c09642cd97f3e27d260fb299105d7419dab1fb,study/artifacts/evaluation/untrained_gnn/seed-1/n-6/chunk-000000.json.gz,exact,untrained_gnn,6,1,1
untrained_gnn/s1/n6/e2,729c87856354d6827ee2614c1317ebb5afb615eeec3f7b3887ecd918178f16ef,study/artifacts/evaluation/untrained_gnn/seed-1/n-6/chunk-000000.json.gz,unbalanced_bipartite,untrained_gnn,6,1,2
untrained_gnn/s1/n7/e0,13549f0a24ec919ce5ce45ed2828a9c0c3a4b0f2b84858ebf9454ef7bde52ff1,study/artifacts/evaluation/untrained_gnn/seed-1/n-7/chunk-000000.json.gz,nonbipartite,untrained_gnn,7,1,0
untrained_gnn/s1/n7/e1,2650a65eb8dbd84aef5504ef52edb528db837599b59eda587dfd242d428bcefa,study/artifacts/evaluation/untrained_gnn/seed-1/n-7/chunk-000000.json.gz,exact,untrained_gnn,7,1,1
untrained_gnn/s1/n7/e45,20edfdcb61aa9169546651ad342263a8d6fbdd0d95fe7bc27a1c71a9485570c0,study/artifacts/evaluation/untrained_gnn/seed-1/n-7/chunk-000032.json.gz,unbalanced_bipartite,untrained_gnn,7,1,45
untrained_gnn/s1/n8/e0,c27bc055d5c8ad5babad076ee6dcf1f48c3762c153f7ebc2cf2a6e7b568c4980,study/artifacts/evaluation/untrained_gnn/seed-1/n-8/chunk-000000.json.gz,unbalanced_bipartite,untrained_gnn,8,1,0
untrained_gnn/s1/n8/e1,1f9bcaeefad46be7053866cbe73abe7501ac1932246b63433a4f7b0b5b9fd0ee,study/artifacts/evaluation/untrained_gnn/seed-1/n-8/chunk-000000.json.gz,nonbipartite,untrained_gnn,8,1,1
untrained_gnn/s1/n8/e4,916d21a9842fa58515a8a8e9f8300d276e7b7bd7edc7fa99055bd0f8c22f3b84,study/artifacts/evaluation/untrained_gnn/seed-1/n-8/chunk-000000.json.gz,exact,untrained_gnn,8,1,4
untrained_gnn/s1/n9/e0,2889da3087bc4e71c012b0e0c88bfd446abe562977058c9bda3346547e1744ab,study/artifacts/evaluation/untrained_gnn/seed-1/n-9/chunk-000000.json.gz,unbalanced_bipartite,untrained_gnn,9,1,0
untrained_gnn/s1/n9/e1,274b64fb3e2b75c75f25842ab32a572746f273d1183e191a579bc7b24e8b3f5f,study/artifacts/evaluation/untrained_gnn/seed-1/n-9/chunk-000000.json.gz,nonbipartite,untrained_gnn,9,1,1
untrained_gnn/s1/n9/e2,c1ec59003cfa998bba054c53a5203b91469be9a260deaf8ba7b37db23e0cb1b9,study/artifacts/evaluation/untrained_gnn/seed-1/n-9/chunk-000000.json.gz,exact,untrained_gnn,9,1,2
untrained_gnn/s2/n10/e0,c996b1da55f305335e4bf44ce587a0e695c0e017853520edf1b91cae939ce1f7,study/artifacts/evaluation/untrained_gnn/seed-2/n-10/chunk-000000.json.gz,nonbipartite,untrained_gnn,10,2,0
untrained_gnn/s2/n10/e1,2a5476190f49c60b0b8d2a8591be4e248648d4f7591f8fdf076d814886fd648f,study/artifacts/evaluation/untrained_gnn/seed-2/n-10/chunk-000000.json.gz,exact,untrained_gnn,10,2,1
untrained_gnn/s2/n10/e22,6123fee76cd7b36352aab1d295c1101349e8d73bbf29d90ff955a95038f0b8d0,study/artifacts/evaluation/untrained_gnn/seed-2/n-10/chunk-000000.json.gz,unbalanced_bipartite,untrained_gnn,10,2,22
untrained_gnn/s2/n11/e0,993294680b9c407e04332d1acb46ac7ee7cb6a51ad4f06fbf7db4b76e940f05f,study/artifacts/evaluation/untrained_gnn/seed-2/n-11/chunk-000000.json.gz,nonbipartite,untrained_gnn,11,2,0
untrained_gnn/s2/n11/e29,d2ba49afec99d83ec9ee5c373108685235b433513f606997b1f9617b8322f553,study/artifacts/evaluation/untrained_gnn/seed-2/n-11/chunk-000000.json.gz,exact,untrained_gnn,11,2,29
untrained_gnn/s2/n12/e0,341290f25cae41524e4126ba6010e3e3a1c9b1185f9d2056e49e9d7db4327502,study/artifacts/evaluation/untrained_gnn/seed-2/n-12/chunk-000000.json.gz,nonbipartite,untrained_gnn,12,2,0
untrained_gnn/s2/n12/e15,301e4da971555183a9a935a1eb72dc06afe32097c8cf883741235e956069ef28,study/artifacts/evaluation/untrained_gnn/seed-2/n-12/chunk-000000.json.gz,unbalanced_bipartite,untrained_gnn,12,2,15
untrained_gnn/s2/n12/e61,e1782e7fde52f07033ad6e4acdde39d5df3ec9bed6fa717353592625c693c410,study/artifacts/evaluation/untrained_gnn/seed-2/n-12/chunk-000032.json.gz,exact,untrained_gnn,12,2,61
untrained_gnn/s2/n13/e0,389a7e9e2d452d249e3088a401ba98c09dc5b0344e52a5649e9f247ad2a71ab9,study/artifacts/evaluation/untrained_gnn/seed-2/n-13/chunk-000000.json.gz,nonbipartite,untrained_gnn,13,2,0
untrained_gnn/s2/n13/e68,b0754fdc1721864758e4b13d8602a5d773760dbe44a66a0797fa1aade8081ea4,study/artifacts/evaluation/untrained_gnn/seed-2/n-13/chunk-000064.json.gz,exact,untrained_gnn,13,2,68
untrained_gnn/s2/n14/e0,ba3ab620f397f272c691375ecf170131860c2fe57dbe66f385de8ec3fa578c17,study/artifacts/evaluation/untrained_gnn/seed-2/n-14/chunk-000000.json.gz,nonbipartite,untrained_gnn,14,2,0
untrained_gnn/s2/n15/e0,2afcec7868b9789c60bf3d0951582aee3137982bcbc2feae06a575baab5c72a9,study/artifacts/evaluation/untrained_gnn/seed-2/n-15/chunk-000000.json.gz,nonbipartite,untrained_gnn,15,2,0
untrained_gnn/s2/n16/e0,31ad25aa5aedb57e416ad96529a5243a7706817d89a3c49fa2afabed0c93118e,study/artifacts/evaluation/untrained_gnn/seed-2/n-16/chunk-000000.json.gz,nonbipartite,untrained_gnn,16,2,0
untrained_gnn/s2/n17/e0,9f68583e6d83fe721afa20c50335389cf71f67f00e44f8ba2d862c4571dd7070,study/artifacts/evaluation/untrained_gnn/seed-2/n-17/chunk-000000.json.gz,nonbipartite,untrained_gnn,17,2,0
untrained_gnn/s2/n20/e0,d44fd41c5af22279cc4f01170162b66f25f732eb6c0608df88139beb9fd84c23,study/artifacts/evaluation/untrained_gnn/seed-2/n-20/chunk-000000.json.gz,nonbipartite,untrained_gnn,20,2,0
untrained_gnn/s2/n23/e0,7f33fd4ec141a0b7c86250c24bc61ac803820f43236eaca3a5968824c7c8c497,study/artifacts/evaluation/untrained_gnn/seed-2/n-23/chunk-000000.json.gz,nonbipartite,untrained_gnn,23,2,0
untrained_gnn/s2/n24/e0,e7ca3ec15fd146faa0ee61f5efe5249a6d4dcceb86cbb4cade4a0845969b0b76,study/artifacts/evaluation/untrained_gnn/seed-2/n-24/chunk-000000.json.gz,nonbipartite,untrained_gnn,24,2,0
untrained_gnn/s2/n25/e0,0b04ebcba7be371818d59aaa0aaa64c9acbba5c06b4af50715ca027b6f4084d5,study/artifacts/evaluation/untrained_gnn/seed-2/n-25/chunk-000000.json.gz,nonbipartite,untrained_gnn,25,2,0
untrained_gnn/s2/n30/e0,426f9e70519b91a622a5ccf154e6a55572e42badb6d22e7600c0e176c7150730,study/artifacts/evaluation/untrained_gnn/seed-2/n-30/chunk-000000.json.gz,nonbipartite,untrained_gnn,30,2,0
untrained_gnn/s2/n40/e0,37271d8bae3d8d7107bc348e71a88ea3bc4a8b59456000f7712acace8a812bf4,study/artifacts/evaluation/untrained_gnn/seed-2/n-40/chunk-000000.json.gz,nonbipartite,untrained_gnn,40,2,0
untrained_gnn/s2/n6/e0,c5af337883d203b71c32392447c9d4bf463e1e6ff5f09e1b5be4b4c34f2cd98b,study/artifacts/evaluation/untrained_gnn/seed-2/n-6/chunk-000000.json.gz,exact,untrained_gnn,6,2,0
untrained_gnn/s2/n6/e2,5dda7fd3b3ed7893be22d71a1ea28af246f4c2b3c3592c3e1dade5a9c02089b5,study/artifacts/evaluation/untrained_gnn/seed-2/n-6/chunk-000000.json.gz,nonbipartite,untrained_gnn,6,2,2
untrained_gnn/s2/n6/e14,35459b26bdac72e9b240e21e409b078014e59ca3d511b822e53f8921b5f13b8e,study/artifacts/evaluation/untrained_gnn/seed-2/n-6/chunk-000000.json.gz,unbalanced_bipartite,untrained_gnn,6,2,14
untrained_gnn/s2/n7/e0,199c53e11c4f470c290df9b683ed3b5e02a88a39e830f904229c7c07d623ffcc,study/artifacts/evaluation/untrained_gnn/seed-2/n-7/chunk-000000.json.gz,exact,untrained_gnn,7,2,0
untrained_gnn/s2/n7/e3,11e9dfd6a65e9c643f7e0f7457f2e886ee34dcc1828197615c639ce61670363f,study/artifacts/evaluation/untrained_gnn/seed-2/n-7/chunk-000000.json.gz,nonbipartite,untrained_gnn,7,2,3
untrained_gnn/s2/n7/e41,103c1ffa21b9e85c1f9a0ca5aed4fd49f7dea8dfc1ccf8549afeb21577977e4d,study/artifacts/evaluation/untrained_gnn/seed-2/n-7/chunk-000032.json.gz,unbalanced_bipartite,untrained_gnn,7,2,41
untrained_gnn/s2/n8/e0,b71ef0453d9e793bf0fa6d38419558189bec09bf16bf5b065257d40f46c6b3b2,study/artifacts/evaluation/untrained_gnn/seed-2/n-8/chunk-000000.json.gz,nonbipartite,untrained_gnn,8,2,0
untrained_gnn/s2/n8/e3,8b6bd9b01f68666ba7e34fe796be3fe33d3d3c974e97040532ce382333c466aa,study/artifacts/evaluation/untrained_gnn/seed-2/n-8/chunk-000000.json.gz,unbalanced_bipartite,untrained_gnn,8,2,3
untrained_gnn/s2/n8/e6,f3f84d417775c75c7d00aff44083b334b4d7c01aae751361938b400c31341e1f,study/artifacts/evaluation/untrained_gnn/seed-2/n-8/chunk-000000.json.gz,exact,untrained_gnn,8,2,6
untrained_gnn/s2/n9/e0,feaab92a5e2157f760fa42875a13ddeae16b4d264afda841ecd0bde65e051058,study/artifacts/evaluation/untrained_gnn/seed-2/n-9/chunk-000000.json.gz,nonbipartite,untrained_gnn,9,2,0
untrained_gnn/s2/n9/e7,0062c312ff90394c39cdd4b30eee4cc4bacefd6cba5edc713f26542a60b7d5d2,study/artifacts/evaluation/untrained_gnn/seed-2/n-9/chunk-000000.json.gz,exact,untrained_gnn,9,2,7
untrained_gnn/s2/n9/e37,7ce844000a04db2751dbf8a2cbb1941cafab7cb221a66296e29f6770666456fe,study/artifacts/evaluation/untrained_gnn/seed-2/n-9/chunk-000032.json.gz,unbalanced_bipartite,untrained_gnn,9,2,37
untrained_gnn/s3/n10/e0,79189eb256d4db29aef539878638d1265a49596ef203c3c5ceb260415dba059c,study/artifacts/evaluation/untrained_gnn/seed-3/n-10/chunk-000000.json.gz,unbalanced_bipartite,untrained_gnn,10,3,0
untrained_gnn/s3/n10/e1,361b6a27f167dd786e69c825f81bd141d1d8dc08b6362cf47b72d426f54b4e76,study/artifacts/evaluation/untrained_gnn/seed-3/n-10/chunk-000000.json.gz,nonbipartite,untrained_gnn,10,3,1
untrained_gnn/s3/n10/e10,0fdfd2dcf478a1b624f968fa05cfcefb6ed39c1a7330fd38fc2bec242a03ffd2,study/artifacts/evaluation/untrained_gnn/seed-3/n-10/chunk-000000.json.gz,exact,untrained_gnn,10,3,10
untrained_gnn/s3/n11/e0,0b409f28ea7bbb8fc1233f288368e9c54740c6508d9b60a261233c362ea82d97,study/artifacts/evaluation/untrained_gnn/seed-3/n-11/chunk-000000.json.gz,nonbipartite,untrained_gnn,11,3,0
untrained_gnn/s3/n11/e1,30749c0ff5352e357d748e41533a363ef82b3d8886ad3777254646ed621bcd00,study/artifacts/evaluation/untrained_gnn/seed-3/n-11/chunk-000000.json.gz,exact,untrained_gnn,11,3,1
untrained_gnn/s3/n11/e62,7d5392532e2e79217cbd6e87aa1b8ba5502b5e63cb2a00083ab1b5917977ff32,study/artifacts/evaluation/untrained_gnn/seed-3/n-11/chunk-000032.json.gz,unbalanced_bipartite,untrained_gnn,11,3,62
untrained_gnn/s3/n12/e0,5a3180c96df3e5b3fa103206d6a9bbaf52a62b8db043dece074bcb75c26da50a,study/artifacts/evaluation/untrained_gnn/seed-3/n-12/chunk-000000.json.gz,nonbipartite,untrained_gnn,12,3,0
untrained_gnn/s3/n12/e39,422bb2b30b68c2b922df296b79608e85071b3d7af45f0dd3718aa509f3ea199f,study/artifacts/evaluation/untrained_gnn/seed-3/n-12/chunk-000032.json.gz,exact,untrained_gnn,12,3,39
untrained_gnn/s3/n13/e0,e0b2b426cca8a756c5be93713a15f054645b2ca7705d48c4d8193bfda2e122d5,study/artifacts/evaluation/untrained_gnn/seed-3/n-13/chunk-000000.json.gz,nonbipartite,untrained_gnn,13,3,0
untrained_gnn/s3/n13/e7,4786635b6c8f35e58900928178f3d0d29686b0cb74d8eaf236c1b1e001caefa5,study/artifacts/evaluation/untrained_gnn/seed-3/n-13/chunk-000000.json.gz,exact,untrained_gnn,13,3,7
untrained_gnn/s3/n13/e17,c60ee4d13df635d87a7a749d4725ce4f5e89dc86da51f0e1f1b07b85bb6ff447,study/artifacts/evaluation/untrained_gnn/seed-3/n-13/chunk-000000.json.gz,unbalanced_bipartite,untrained_gnn,13,3,17
untrained_gnn/s3/n14/e0,5e56b0da38677ee9a2623826ebbef6f77b46230628fe0c6f9140b9e858cd7806,study/artifacts/evaluation/untrained_gnn/seed-3/n-14/chunk-000000.json.gz,nonbipartite,untrained_gnn,14,3,0
untrained_gnn/s3/n14/e10,b829b8b26b3267318dbe2af81ebd4e7a290d66c9e9724e9355365eb335c42184,study/artifacts/evaluation/untrained_gnn/seed-3/n-14/chunk-000000.json.gz,exact,untrained_gnn,14,3,10
untrained_gnn/s3/n14/e13,91d9cf95341983b6c1d9ee82c8e9c612c0d7745d799ed40a0329eb1cf3b08991,study/artifacts/evaluation/untrained_gnn/seed-3/n-14/chunk-000000.json.gz,unbalanced_bipartite,untrained_gnn,14,3,13
untrained_gnn/s3/n15/e0,98f1a05a38d66090591f1f281f90a249cb510bd5c46763e31210fbc88c329a0c,study/artifacts/evaluation/untrained_gnn/seed-3/n-15/chunk-000000.json.gz,nonbipartite,untrained_gnn,15,3,0
untrained_gnn/s3/n16/e0,1b1bb404fa9d51ca6b6b6bfdc88b981bf773ab19acfcb44ba8276cdc24afb88b,study/artifacts/evaluation/untrained_gnn/seed-3/n-16/chunk-000000.json.gz,nonbipartite,untrained_gnn,16,3,0
untrained_gnn/s3/n17/e0,5c5b02f1a19cb99bc284416782139c4e7ebd6d3afc0b0f1e26167bdc87108e24,study/artifacts/evaluation/untrained_gnn/seed-3/n-17/chunk-000000.json.gz,nonbipartite,untrained_gnn,17,3,0
untrained_gnn/s3/n20/e0,c587527e08c798a4194ed6037e1ed57fffbdcd929f66be033bff0d6a33d61519,study/artifacts/evaluation/untrained_gnn/seed-3/n-20/chunk-000000.json.gz,nonbipartite,untrained_gnn,20,3,0
untrained_gnn/s3/n23/e0,ed81406768b6203aa3fc3cf3f4885e4f3d7fd7e29586a0879de51082d3e11d9a,study/artifacts/evaluation/untrained_gnn/seed-3/n-23/chunk-000000.json.gz,nonbipartite,untrained_gnn,23,3,0
untrained_gnn/s3/n24/e0,cfc850f017107dde5d917be2282497826014f33d2fa5783708b9abe94c16bda7,study/artifacts/evaluation/untrained_gnn/seed-3/n-24/chunk-000000.json.gz,nonbipartite,untrained_gnn,24,3,0
untrained_gnn/s3/n25/e0,68d5c41531398a4897e6e37b17971a1fae182692c76dfd078b86d27aec19623a,study/artifacts/evaluation/untrained_gnn/seed-3/n-25/chunk-000000.json.gz,nonbipartite,untrained_gnn,25,3,0
untrained_gnn/s3/n30/e0,72552e1d539ddefd3674b0f89f641b5142d7da4c2e8add120ca523e83a73f55b,study/artifacts/evaluation/untrained_gnn/seed-3/n-30/chunk-000000.json.gz,nonbipartite,untrained_gnn,30,3,0
untrained_gnn/s3/n40/e0,7b381caae05a692ef29509fdc9d85eca093a9f9a27716946caf85bcadd7c8d0f,study/artifacts/evaluation/untrained_gnn/seed-3/n-40/chunk-000000.json.gz,nonbipartite,untrained_gnn,40,3,0
untrained_gnn/s3/n6/e0,2622e763c36fca761f3ee463b411bbece31b54d00990a67993498f299ae2608c,study/artifacts/evaluation/untrained_gnn/seed-3/n-6/chunk-000000.json.gz,nonbipartite,untrained_gnn,6,3,0
untrained_gnn/s3/n6/e4,8b670606a4392278e6f9188c757337019610adf2c3968f143c310b73b99f4588,study/artifacts/evaluation/untrained_gnn/seed-3/n-6/chunk-000000.json.gz,unbalanced_bipartite,untrained_gnn,6,3,4
untrained_gnn/s3/n6/e8,735f01eeb12827e2c06b86a400e242051922eec8ed647558f69839fe9433a3e5,study/artifacts/evaluation/untrained_gnn/seed-3/n-6/chunk-000000.json.gz,exact,untrained_gnn,6,3,8
untrained_gnn/s3/n7/e0,b1a0b492f3f473403225753cff36ce4601d824ecb2d5c666ea94bac5e2e553a8,study/artifacts/evaluation/untrained_gnn/seed-3/n-7/chunk-000000.json.gz,nonbipartite,untrained_gnn,7,3,0
untrained_gnn/s3/n7/e1,20edfdcb61aa9169546651ad342263a8d6fbdd0d95fe7bc27a1c71a9485570c0,study/artifacts/evaluation/untrained_gnn/seed-3/n-7/chunk-000000.json.gz,unbalanced_bipartite,untrained_gnn,7,3,1
untrained_gnn/s3/n7/e7,4bb5bb518ae0f1ee4e0e69c7fa0a7f1535f8da7cf4ff2a3a2bb72c77c0f36deb,study/artifacts/evaluation/untrained_gnn/seed-3/n-7/chunk-000000.json.gz,exact,untrained_gnn,7,3,7
untrained_gnn/s3/n8/e0,69d11b65ee147b02ede70a54e07b88011a5ce2b971e5f170312032d64b70cc43,study/artifacts/evaluation/untrained_gnn/seed-3/n-8/chunk-000000.json.gz,exact,untrained_gnn,8,3,0
untrained_gnn/s3/n8/e1,24b62da422afc165a18033a1a6372146eee1b733a93b5bc8a40af604baaf8b06,study/artifacts/evaluation/untrained_gnn/seed-3/n-8/chunk-000000.json.gz,unbalanced_bipartite,untrained_gnn,8,3,1
untrained_gnn/s3/n8/e2,efea27ca8ed5a2b8a5df6686fb4b02221d5434bf481d9736aaa80338aa57383c,study/artifacts/evaluation/untrained_gnn/seed-3/n-8/chunk-000000.json.gz,nonbipartite,untrained_gnn,8,3,2
untrained_gnn/s3/n9/e0,2c357ffcf409e2b7cdc51916a19fa549a933bacc46dae368a091d94b0c6b1779,study/artifacts/evaluation/untrained_gnn/seed-3/n-9/chunk-000000.json.gz,unbalanced_bipartite,untrained_gnn,9,3,0
untrained_gnn/s3/n9/e1,67094ca98953f52f40a9f84fc60928e97abccd949a7753ee9856c6eed51b28a7,study/artifacts/evaluation/untrained_gnn/seed-3/n-9/chunk-000000.json.gz,nonbipartite,untrained_gnn,9,3,1
untrained_gnn/s3/n9/e4,5beff93773b5f2ee1a15cadd410d644fc25c9d36a09a24c3230cad9d19839d2f,study/artifacts/evaluation/untrained_gnn/seed-3/n-9/chunk-000000.json.gz,exact,untrained_gnn,9,3,4
untrained_gnn/s4/n10/e0,c4173c7a5a9534b9f903da59365c0e7a7aa41f1c78b952889bd94a836a676f43,study/artifacts/evaluation/untrained_gnn/seed-4/n-10/chunk-000000.json.gz,nonbipartite,untrained_gnn,10,4,0
untrained_gnn/s4/n10/e1,58c4e548d6af9d8f39836177dd164eb26e275e676db41a66c3993b6d1b75b87a,study/artifacts/evaluation/untrained_gnn/seed-4/n-10/chunk-000000.json.gz,exact,untrained_gnn,10,4,1
untrained_gnn/s4/n10/e18,3af9e8887cc7d1dd94c16fa52c48b881857c88f4e027ef12f9ecc7b7dcec7389,study/artifacts/evaluation/untrained_gnn/seed-4/n-10/chunk-000000.json.gz,unbalanced_bipartite,untrained_gnn,10,4,18
untrained_gnn/s4/n11/e0,0e0814779d1bc440eda65dff7838ad58a55734f5d1e6447e36f5896d525a0b54,study/artifacts/evaluation/untrained_gnn/seed-4/n-11/chunk-000000.json.gz,nonbipartite,untrained_gnn,11,4,0
untrained_gnn/s4/n11/e5,63e50ef6848d00d424f4018fa77ba7b4c57f6f55e8b50a92f12b6100896b42fe,study/artifacts/evaluation/untrained_gnn/seed-4/n-11/chunk-000000.json.gz,exact,untrained_gnn,11,4,5
untrained_gnn/s4/n12/e0,7b494d8af05f9c386e19bb1c188906290cda21bcdb059be388ca2e61d0bed8cc,study/artifacts/evaluation/untrained_gnn/seed-4/n-12/chunk-000000.json.gz,nonbipartite,untrained_gnn,12,4,0
untrained_gnn/s4/n12/e4,7135f6c170aa2f9f0bf16e90522beb649086bbd1497262d9c31710b4796d7788,study/artifacts/evaluation/untrained_gnn/seed-4/n-12/chunk-000000.json.gz,exact,untrained_gnn,12,4,4
untrained_gnn/s4/n13/e0,c88c0d0aed382d5ec731e70dd9608c58925ffffe871f5edfd59589c010c8a4c5,study/artifacts/evaluation/untrained_gnn/seed-4/n-13/chunk-000000.json.gz,nonbipartite,untrained_gnn,13,4,0
untrained_gnn/s4/n13/e34,46027b9306f80d24d09d3c56d126efca85a829bfebcfe5e65832b290bdae1772,study/artifacts/evaluation/untrained_gnn/seed-4/n-13/chunk-000032.json.gz,exact,untrained_gnn,13,4,34
untrained_gnn/s4/n14/e0,410a0018a3bddf0474e078e9a74977fb21f14dd12d24db6262c294b381b99deb,study/artifacts/evaluation/untrained_gnn/seed-4/n-14/chunk-000000.json.gz,nonbipartite,untrained_gnn,14,4,0
untrained_gnn/s4/n15/e0,0475055fef30234cb593848168575e3be2f64c17b3375464e2fb495e4decc67c,study/artifacts/evaluation/untrained_gnn/seed-4/n-15/chunk-000000.json.gz,nonbipartite,untrained_gnn,15,4,0
untrained_gnn/s4/n15/e20,dbda7651e4bc161c26981c4ccc993bc588d0cb6f17e8f7aefec874615e1437a8,study/artifacts/evaluation/untrained_gnn/seed-4/n-15/chunk-000000.json.gz,exact,untrained_gnn,15,4,20
untrained_gnn/s4/n15/e35,20621971491220de87f885d6f2b2afd556eb56da98ac3ae88f04caa4e34181d6,study/artifacts/evaluation/untrained_gnn/seed-4/n-15/chunk-000032.json.gz,unbalanced_bipartite,untrained_gnn,15,4,35
untrained_gnn/s4/n16/e0,7ca86dd0cb3dfb801acffd09bc6b7a561d9ccc3fb07922789a680781a037fda1,study/artifacts/evaluation/untrained_gnn/seed-4/n-16/chunk-000000.json.gz,nonbipartite,untrained_gnn,16,4,0
untrained_gnn/s4/n17/e0,316c06a18d9970095e15f71bea618976d01a0114f5473f7928225b5947769330,study/artifacts/evaluation/untrained_gnn/seed-4/n-17/chunk-000000.json.gz,nonbipartite,untrained_gnn,17,4,0
untrained_gnn/s4/n20/e0,4ea57f6ab56c327c60b5b898e3a943e74b7931cd4f993ab72f0a0e42e5fbdf12,study/artifacts/evaluation/untrained_gnn/seed-4/n-20/chunk-000000.json.gz,nonbipartite,untrained_gnn,20,4,0
untrained_gnn/s4/n23/e0,f442cbe4be819215e2423d972ac145206da7fa5b650dec5586986d1d89920495,study/artifacts/evaluation/untrained_gnn/seed-4/n-23/chunk-000000.json.gz,nonbipartite,untrained_gnn,23,4,0
untrained_gnn/s4/n24/e0,096e418442539822e443eb0ac2abf97f5b9e58d7007bd3d567d7d9fa737f6cfd,study/artifacts/evaluation/untrained_gnn/seed-4/n-24/chunk-000000.json.gz,nonbipartite,untrained_gnn,24,4,0
untrained_gnn/s4/n25/e0,5c7e44a20a1ba207e9c88777ceaba959093e3ed9192775d1950dc93e1fc44d75,study/artifacts/evaluation/untrained_gnn/seed-4/n-25/chunk-000000.json.gz,nonbipartite,untrained_gnn,25,4,0
untrained_gnn/s4/n30/e0,c9598de5ea6e02c2215d58b2089ae4f807ce3f8a35b696df396103d1e1d908cc,study/artifacts/evaluation/untrained_gnn/seed-4/n-30/chunk-000000.json.gz,nonbipartite,untrained_gnn,30,4,0
untrained_gnn/s4/n40/e0,6da532df40e022a584556d59ad3d866671f878c65ddd292813527ec21bd18ed2,study/artifacts/evaluation/untrained_gnn/seed-4/n-40/chunk-000000.json.gz,nonbipartite,untrained_gnn,40,4,0
untrained_gnn/s4/n6/e0,bf9ceffe1cec860c41041176b8a49646ceb0255b73ed955c57e7debc87a1e67c,study/artifacts/evaluation/untrained_gnn/seed-4/n-6/chunk-000000.json.gz,unbalanced_bipartite,untrained_gnn,6,4,0
untrained_gnn/s4/n6/e1,036be6d5922c765b4fd1d556501608cc2d43ac1fd929317e71c3c2e1f81d3541,study/artifacts/evaluation/untrained_gnn/seed-4/n-6/chunk-000000.json.gz,exact,untrained_gnn,6,4,1
untrained_gnn/s4/n6/e3,df3896924ea7365171c58097492b5e8b1b2a9fb8815e3b82b65a071c3e243fad,study/artifacts/evaluation/untrained_gnn/seed-4/n-6/chunk-000000.json.gz,nonbipartite,untrained_gnn,6,4,3
untrained_gnn/s4/n7/e0,65d49da616bb5a0f1e415b338a319d2d3517bb75b19b8423b52e1f61bbb39d64,study/artifacts/evaluation/untrained_gnn/seed-4/n-7/chunk-000000.json.gz,nonbipartite,untrained_gnn,7,4,0
untrained_gnn/s4/n7/e1,e1d4932d4689dc7590d91cb6b46896eb2f023fa6b0113d49d691abdc521c00ea,study/artifacts/evaluation/untrained_gnn/seed-4/n-7/chunk-000000.json.gz,unbalanced_bipartite,untrained_gnn,7,4,1
untrained_gnn/s4/n7/e2,9e8bb01ec6769524763ae64257e7c94fc970e530aad1a00e40171301d7e60439,study/artifacts/evaluation/untrained_gnn/seed-4/n-7/chunk-000000.json.gz,exact,untrained_gnn,7,4,2
untrained_gnn/s4/n8/e0,5874df6629a5acfba3cc81de72e66189286b72b0de39148c4dc02b839dba39d2,study/artifacts/evaluation/untrained_gnn/seed-4/n-8/chunk-000000.json.gz,exact,untrained_gnn,8,4,0
untrained_gnn/s4/n8/e2,d9f827aa57b7ce7f8b31d511bac3735a71c8a019eb52a267d08eb01487790d36,study/artifacts/evaluation/untrained_gnn/seed-4/n-8/chunk-000000.json.gz,nonbipartite,untrained_gnn,8,4,2
untrained_gnn/s4/n8/e8,1aa82f7bfd4028eca1dc469bf451888374b24e9ce80f3c0666ea75eae0919463,study/artifacts/evaluation/untrained_gnn/seed-4/n-8/chunk-000000.json.gz,unbalanced_bipartite,untrained_gnn,8,4,8
untrained_gnn/s4/n9/e0,83e3786a29090b0f959752df72746f414fa1eb3eae4281e92e1a3647b2c667c9,study/artifacts/evaluation/untrained_gnn/seed-4/n-9/chunk-000000.json.gz,exact,untrained_gnn,9,4,0
untrained_gnn/s4/n9/e1,610a2b83d9b2ab05a40147b63b7316c9d611325238a3e1e5f77a164e716775ba,study/artifacts/evaluation/untrained_gnn/seed-4/n-9/chunk-000000.json.gz,nonbipartite,untrained_gnn,9,4,1
untrained_gnn/s4/n9/e48,46399cded074839e80f5cbbc3cc71cc8ca5392190059447467f7e847636a10e8,study/artifacts/evaluation/untrained_gnn/seed-4/n-9/chunk-000032.json.gz,unbalanced_bipartite,untrained_gnn,9,4,48
untrained_mlp/s0/n10/e0,99a7fe2db69b7fe891455764d75fc880aadf26d7516c5d96c57f776c7d59950e,study/artifacts/evaluation/untrained_mlp/seed-0/n-10/chunk-000000.json.gz,nonbipartite,untrained_mlp,10,0,0
untrained_mlp/s0/n10/e3,99906396d0183dc63d505fd9a7188309fb3d570852a9c67867dbb382714b8efc,study/artifacts/evaluation/untrained_mlp/seed-0/n-10/chunk-000000.json.gz,unbalanced_bipartite,untrained_mlp,10,0,3
untrained_mlp/s0/n10/e25,fc5ebfbc9ac41c47e101ddd16bff1b0949679738224ca9f2762921c58cb43a4c,study/artifacts/evaluation/untrained_mlp/seed-0/n-10/chunk-000000.json.gz,exact,untrained_mlp,10,0,25
untrained_mlp/s0/n11/e0,47fc51960d320b2015ebe37abd6ec59cfc099dba8a76c417469b3c728f8ed931,study/artifacts/evaluation/untrained_mlp/seed-0/n-11/chunk-000000.json.gz,nonbipartite,untrained_mlp,11,0,0
untrained_mlp/s0/n11/e8,4f5f057323853b2c2b2abecca9c2a7ebc249bd157b2839acd5f179e347c8a37a,study/artifacts/evaluation/untrained_mlp/seed-0/n-11/chunk-000000.json.gz,exact,untrained_mlp,11,0,8
untrained_mlp/s0/n11/e72,ebbee5dbbded8fc598cbbd9f341146268b464aafe229bdfce06d18c3349da5bf,study/artifacts/evaluation/untrained_mlp/seed-0/n-11/chunk-000064.json.gz,unbalanced_bipartite,untrained_mlp,11,0,72
untrained_mlp/s0/n12/e0,0f8bfacecc854b9239ac11980f2b0593d94258d84fb34a8003e880ebd736b8f4,study/artifacts/evaluation/untrained_mlp/seed-0/n-12/chunk-000000.json.gz,nonbipartite,untrained_mlp,12,0,0
untrained_mlp/s0/n12/e13,5ec2295c9f3fd69705ba877e0dc4b5b07c747e7516776894656ec52492ca5188,study/artifacts/evaluation/untrained_mlp/seed-0/n-12/chunk-000000.json.gz,unbalanced_bipartite,untrained_mlp,12,0,13
untrained_mlp/s0/n12/e37,0acc3c34595c83f0ab69bcf5953cfd2593a6f12366a9a647babc5e52a534e386,study/artifacts/evaluation/untrained_mlp/seed-0/n-12/chunk-000032.json.gz,exact,untrained_mlp,12,0,37
untrained_mlp/s0/n13/e0,7e24a832c04e3fc511cd37993085b63093c84c5e0f4df4cdac0bc86d2ab2da42,study/artifacts/evaluation/untrained_mlp/seed-0/n-13/chunk-000000.json.gz,nonbipartite,untrained_mlp,13,0,0
untrained_mlp/s0/n13/e63,4673836d2b0a6d04cfdef7074ab10f14b5d5ef51a4e397a892375a2b86ffc42a,study/artifacts/evaluation/untrained_mlp/seed-0/n-13/chunk-000032.json.gz,exact,untrained_mlp,13,0,63
untrained_mlp/s0/n14/e0,2a66cce8e1f9d09753d74b6038610cb4b22012751ccf22c7d77e65c9ad666deb,study/artifacts/evaluation/untrained_mlp/seed-0/n-14/chunk-000000.json.gz,nonbipartite,untrained_mlp,14,0,0
untrained_mlp/s0/n15/e0,1ac881ace255026c9e6d15f30104776a2088b650b648d931a0daa2b0f8a19f34,study/artifacts/evaluation/untrained_mlp/seed-0/n-15/chunk-000000.json.gz,nonbipartite,untrained_mlp,15,0,0
untrained_mlp/s0/n16/e0,308c023349a6a9df5eaa35a9a482db614f85b79a01d1019a51fa4a3d00d2979c,study/artifacts/evaluation/untrained_mlp/seed-0/n-16/chunk-000000.json.gz,nonbipartite,untrained_mlp,16,0,0
untrained_mlp/s0/n16/e15,c24dc6778563068f64f919573ff7dfadca75b9d3043bb6ef1ad4e614c9bb016a,study/artifacts/evaluation/untrained_mlp/seed-0/n-16/chunk-000000.json.gz,unbalanced_bipartite,untrained_mlp,16,0,15
untrained_mlp/s0/n17/e0,8eaf6f800e41ba50576396b0597a931bd373322cbebf1743a47db9fc3bfa4690,study/artifacts/evaluation/untrained_mlp/seed-0/n-17/chunk-000000.json.gz,nonbipartite,untrained_mlp,17,0,0
untrained_mlp/s0/n20/e0,1fc9eff8c1db4d3dfa71999179fc69d1e5d1dd1026d3ef114593d88b5fb14b3c,study/artifacts/evaluation/untrained_mlp/seed-0/n-20/chunk-000000.json.gz,nonbipartite,untrained_mlp,20,0,0
untrained_mlp/s0/n23/e0,5b7f79cde253e6e45f6abfc5200f2aba1a1ff52ce7d8c9a6c94487e76c94e685,study/artifacts/evaluation/untrained_mlp/seed-0/n-23/chunk-000000.json.gz,nonbipartite,untrained_mlp,23,0,0
untrained_mlp/s0/n24/e0,4fb52c9994e2f01f6a197c2ecca4f5c475aab1cf3770c16906659dca71d7b4ae,study/artifacts/evaluation/untrained_mlp/seed-0/n-24/chunk-000000.json.gz,nonbipartite,untrained_mlp,24,0,0
untrained_mlp/s0/n6/e0,b60c5209093712b71e117b8a18c09642cd97f3e27d260fb299105d7419dab1fb,study/artifacts/evaluation/untrained_mlp/seed-0/n-6/chunk-000000.json.gz,exact,untrained_mlp,6,0,0
untrained_mlp/s0/n6/e1,16acee38e323e9ffdebce06e7eb3cb4316ab20843c6a70475ff587ef9d01106c,study/artifacts/evaluation/untrained_mlp/seed-0/n-6/chunk-000000.json.gz,nonbipartite,untrained_mlp,6,0,1
untrained_mlp/s0/n6/e6,1e31e3ab9252e3fd3164120e2cd81ffd541960c54104f6a1ac356e952f657e6d,study/artifacts/evaluation/untrained_mlp/seed-0/n-6/chunk-000000.json.gz,unbalanced_bipartite,untrained_mlp,6,0,6
untrained_mlp/s0/n7/e0,6668667bffd21feb9f1fd8bf3c1e6f6e95ee5f657561307e5282813bc9d2d9e2,study/artifacts/evaluation/untrained_mlp/seed-0/n-7/chunk-000000.json.gz,exact,untrained_mlp,7,0,0
untrained_mlp/s0/n7/e6,4501316c9278ef558352fb3f1168efc5f8ae5324b3c18b7054c0e8d763ff31d0,study/artifacts/evaluation/untrained_mlp/seed-0/n-7/chunk-000000.json.gz,nonbipartite,untrained_mlp,7,0,6
untrained_mlp/s0/n7/e39,eca8ee3dbd6c124347810bd04fb21f028b3d5d89ce90c87ad2dade278dbb42a9,study/artifacts/evaluation/untrained_mlp/seed-0/n-7/chunk-000032.json.gz,unbalanced_bipartite,untrained_mlp,7,0,39
untrained_mlp/s0/n8/e0,9661b06692dd371ad5a4e58c98e9260bcb1d207766b050e066466496c08c10ec,study/artifacts/evaluation/untrained_mlp/seed-0/n-8/chunk-000000.json.gz,nonbipartite,untrained_mlp,8,0,0
untrained_mlp/s0/n8/e3,37328f8836e55078e43a9a316d0cb9d21aaf8e834a4f646686804b84afdd5a5a,study/artifacts/evaluation/untrained_mlp/seed-0/n-8/chunk-000000.json.gz,unbalanced_bipartite,untrained_mlp,8,0,3
untrained_mlp/s0/n8/e9,820cf87c24e98ebd36072d017d45c822f84c9f750545a27a650d72599f581e65,study/artifacts/evaluation/untrained_mlp/seed-0/n-8/chunk-000000.json.gz,exact,untrained_mlp,8,0,9
untrained_mlp/s0/n9/e0,f8f2f5948bb9cf0803c3c985d75e4dd6765ec2cdd8436f5ac1ef69fd14d4a416,study/artifacts/evaluation/untrained_mlp/seed-0/n-9/chunk-000000.json.gz,nonbipartite,untrained_mlp,9,0,0
untrained_mlp/s0/n9/e2,728edee6ea399290fc79c7a9665c074a015046438585699ab3d0a2db6cfae74b,study/artifacts/evaluation/untrained_mlp/seed-0/n-9/chunk-000000.json.gz,exact,untrained_mlp,9,0,2
untrained_mlp/s0/n9/e5,416f3dcd603a25f434a0b7978cc2ad5064584dcdc0ae9f230a080a8322d9ddad,study/artifacts/evaluation/untrained_mlp/seed-0/n-9/chunk-000000.json.gz,unbalanced_bipartite,untrained_mlp,9,0,5
untrained_mlp/s1/n10/e0,52fc29e43b2231ac8e072266be69bc7381143dc4235f55fee75d924e4d2a3847,study/artifacts/evaluation/untrained_mlp/seed-1/n-10/chunk-000000.json.gz,nonbipartite,untrained_mlp,10,1,0
untrained_mlp/s1/n10/e1,5fc8ac09f1bca34bb8f9fc5e31d56b1744700ef21c49b00d6cdd7f5136ee2121,study/artifacts/evaluation/untrained_mlp/seed-1/n-10/chunk-000000.json.gz,exact,untrained_mlp,10,1,1
untrained_mlp/s1/n10/e29,40744acef5368f3b9e21c25a8e655934f974b6e121141e67408137ad71dbac19,study/artifacts/evaluation/untrained_mlp/seed-1/n-10/chunk-000000.json.gz,unbalanced_bipartite,untrained_mlp,10,1,29
untrained_mlp/s1/n11/e0,634efb79c7eb7db43d2b0ded99654bec053229fba6f6f0e9fc1a591c10424607,study/artifacts/evaluation/untrained_mlp/seed-1/n-11/chunk-000000.json.gz,nonbipartite,untrained_mlp,11,1,0
untrained_mlp/s1/n11/e1,7d3f4b14525d96f5840d5020e5110cb3203ee0a27c15a6363df50ff4562df5f8,study/artifacts/evaluation/untrained_mlp/seed-1/n-11/chunk-000000.json.gz,exact,untrained_mlp,11,1,1
untrained_mlp/s1/n11/e78,522cdd50298d6f6abe25ce388f64462c862eb792d2460e1c3311de9318104988,study/artifacts/evaluation/untrained_mlp/seed-1/n-11/chunk-000064.json.gz,unbalanced_bipartite,untrained_mlp,11,1,78
untrained_mlp/s1/n12/e0,7807c85d7c157749ec80ce3e36bd6c1dd47ea822d33cba7319bf12bad6ccfefb,study/artifacts/evaluation/untrained_mlp/seed-1/n-12/chunk-000000.json.gz,nonbipartite,untrained_mlp,12,1,0
untrained_mlp/s1/n12/e10,bb9400fe5f4db091ec054ed25ca313366f02057d0abcfc9855d3262cdd458aaa,study/artifacts/evaluation/untrained_mlp/seed-1/n-12/chunk-000000.json.gz,unbalanced_bipartite,untrained_mlp,12,1,10
untrained_mlp/s1/n12/e14,e92c628bfde02278208ecaf11b5a9be4ee7bf1d8f0086c495ecc4b7f56faa577,study/artifacts/evaluation/untrained_mlp/seed-1/n-12/chunk-000000.json.gz,exact,untrained_mlp,12,1,14
untrained_mlp/s1/n13/e0,a4f0243553af8a4790e4c3041fc3250dc91f65e11ffce78d5b4d46dc1cd834a7,study/artifacts/evaluation/untrained_mlp/seed-1/n-13/chunk-000000.json.gz,nonbipartite,untrained_mlp,13,1,0
untrained_mlp/s1/n13/e18,fa6c7b3e27495ae7c18cb1a427b2d45f8c65b6785f801a0b86dd46129e328488,study/artifacts/evaluation/untrained_mlp/seed-1/n-13/chunk-000000.json.gz,exact,untrained_mlp,13,1,18
untrained_mlp/s1/n14/e0,7bf73bf26fe6ef88e3984fb38a2662a87a445730738e5a3451b1665f5bdbf2ec,study/artifacts/evaluation/untrained_mlp/seed-1/n-14/chunk-000000.json.gz,nonbipartite,untrained_mlp,14,1,0
untrained_mlp/s1/n15/e0,56b61b73fd4d1f4ee3b9d02d359623766502a5d40c05f9d45d8cb59a12a15f1a,study/artifacts/evaluation/untrained_mlp/seed-1/n-15/chunk-000000.json.gz,nonbipartite,untrained_mlp,15,1,0
untrained_mlp/s1/n16/e0,9b835ab15265c96c65689e950e23977cb77d1ab45ead3ddb64b5b97990ea92c4,study/artifacts/evaluation/untrained_mlp/seed-1/n-16/chunk-000000.json.gz,nonbipartite,untrained_mlp,16,1,0
untrained_mlp/s1/n17/e0,2a91576d71c4bd2b30cdcfb899a86219bbad86ed744114c4d7c875cf64ff0579,study/artifacts/evaluation/untrained_mlp/seed-1/n-17/chunk-000000.json.gz,nonbipartite,untrained_mlp,17,1,0
untrained_mlp/s1/n20/e0,7069bf1b9b7e8951db037161dc03be2f627f1a05eccc7dd4dc0c2cb6896b2738,study/artifacts/evaluation/untrained_mlp/seed-1/n-20/chunk-000000.json.gz,nonbipartite,untrained_mlp,20,1,0
untrained_mlp/s1/n23/e0,1f6381478ef440cbac832aff844f91e455dc3f3ef92fef10b769e90ac38618f0,study/artifacts/evaluation/untrained_mlp/seed-1/n-23/chunk-000000.json.gz,nonbipartite,untrained_mlp,23,1,0
untrained_mlp/s1/n24/e0,89e7fef114406a8f65ae9a138fd3139acb96e4f3aeaddaa7661c9cf5f6a7aa88,study/artifacts/evaluation/untrained_mlp/seed-1/n-24/chunk-000000.json.gz,nonbipartite,untrained_mlp,24,1,0
untrained_mlp/s1/n6/e0,b60c5209093712b71e117b8a18c09642cd97f3e27d260fb299105d7419dab1fb,study/artifacts/evaluation/untrained_mlp/seed-1/n-6/chunk-000000.json.gz,exact,untrained_mlp,6,1,0
untrained_mlp/s1/n6/e2,729c87856354d6827ee2614c1317ebb5afb615eeec3f7b3887ecd918178f16ef,study/artifacts/evaluation/untrained_mlp/seed-1/n-6/chunk-000000.json.gz,unbalanced_bipartite,untrained_mlp,6,1,2
untrained_mlp/s1/n6/e7,de191b9cd4c15a900a8f9f3e070c546044529f0995fea561464fe813c69efb2c,study/artifacts/evaluation/untrained_mlp/seed-1/n-6/chunk-000000.json.gz,nonbipartite,untrained_mlp,6,1,7
untrained_mlp/s1/n7/e0,13549f0a24ec919ce5ce45ed2828a9c0c3a4b0f2b84858ebf9454ef7bde52ff1,study/artifacts/evaluation/untrained_mlp/seed-1/n-7/chunk-000000.json.gz,nonbipartite,untrained_mlp,7,1,0
untrained_mlp/s1/n7/e1,2650a65eb8dbd84aef5504ef52edb528db837599b59eda587dfd242d428bcefa,study/artifacts/evaluation/untrained_mlp/seed-1/n-7/chunk-000000.json.gz,exact,untrained_mlp,7,1,1
untrained_mlp/s1/n7/e40,32ff08f33d42902713a1eba69ecd00829309fb67e4c7a710416d249116837299,study/artifacts/evaluation/untrained_mlp/seed-1/n-7/chunk-000032.json.gz,unbalanced_bipartite,untrained_mlp,7,1,40
untrained_mlp/s1/n8/e0,cd14366828be183f18e5cf57863493ce79c5d134dbbcb755216fb998e037c792,study/artifacts/evaluation/untrained_mlp/seed-1/n-8/chunk-000000.json.gz,exact,untrained_mlp,8,1,0
untrained_mlp/s1/n8/e1,1f9bcaeefad46be7053866cbe73abe7501ac1932246b63433a4f7b0b5b9fd0ee,study/artifacts/evaluation/untrained_mlp/seed-1/n-8/chunk-000000.json.gz,nonbipartite,untrained_mlp,8,1,1
untrained_mlp/s1/n8/e2,02e45285b87f2277f201d383e2f174c5ba829b64a1b26065b710951708478eeb,study/artifacts/evaluation/untrained_mlp/seed-1/n-8/chunk-000000.json.gz,unbalanced_bipartite,untrained_mlp,8,1,2
untrained_mlp/s1/n9/e0,8ea1f3c473af12b8a6f8bb7b859fb4ee630de598a9c09ad23414ffdf1e12cbc9,study/artifacts/evaluation/untrained_mlp/seed-1/n-9/chunk-000000.json.gz,nonbipartite,untrained_mlp,9,1,0
untrained_mlp/s1/n9/e8,7bd73dba4c84960726630f6414b37d7b9c93929fa193dcdf19ea802630c857ce,study/artifacts/evaluation/untrained_mlp/seed-1/n-9/chunk-000000.json.gz,exact,untrained_mlp,9,1,8
untrained_mlp/s1/n9/e67,1e276642f4eda2fb7b0a520df050104f8ddb2bcfd372b70ca3890b204f3dce1c,study/artifacts/evaluation/untrained_mlp/seed-1/n-9/chunk-000064.json.gz,unbalanced_bipartite,untrained_mlp,9,1,67
untrained_mlp/s2/n10/e0,05495cf6b528566dddad602650e693a129f6bbd25bc52910dabcc7e9ad143c5c,study/artifacts/evaluation/untrained_mlp/seed-2/n-10/chunk-000000.json.gz,nonbipartite,untrained_mlp,10,2,0
untrained_mlp/s2/n10/e1,2a5476190f49c60b0b8d2a8591be4e248648d4f7591f8fdf076d814886fd648f,study/artifacts/evaluation/untrained_mlp/seed-2/n-10/chunk-000000.json.gz,exact,untrained_mlp,10,2,1
untrained_mlp/s2/n10/e8,097232efbfe8050f42848c949585cb2adad15a497c5e5b15a8fd8863189e03d3,study/artifacts/evaluation/untrained_mlp/seed-2/n-10/chunk-000000.json.gz,unbalanced_bipartite,untrained_mlp,10,2,8
untrained_mlp/s2/n11/e0,ff5d818220bb29cc44d2a296c175dffd4791cedf8d0b59e5094d0f54bc271213,study/artifacts/evaluation/untrained_mlp/seed-2/n-11/chunk-000000.json.gz,nonbipartite,untrained_mlp,11,2,0
untrained_mlp/s2/n11/e2,129c321114e76ca150b724d0c71b850e44e191aa8b259b34568eaf97f1f99a88,study/artifacts/evaluation/untrained_mlp/seed-2/n-11/chunk-000000.json.gz,exact,untrained_mlp,11,2,2
untrained_mlp/s2/n12/e0,6688b5d0aa6bb4054a250ecb7125354788697ef23dd917e72d57f1012231e4f7,study/artifacts/evaluation/untrained_mlp/seed-2/n-12/chunk-000000.json.gz,nonbipartite,untrained_mlp,12,2,0
untrained_mlp/s2/n12/e7,0cd4ecfe5860bc1a557292542b0c9c84894cbdcf287271872aa1220e26064e81,study/artifacts/evaluation/untrained_mlp/seed-2/n-12/chunk-000000.json.gz,exact,untrained_mlp,12,2,7
untrained_mlp/s2/n12/e24,43e28b1ddc68d45ea2909b2a8a28840e33059f4bdc3f5b22fea82607dbc7f6e1,study/artifacts/evaluation/untrained_mlp/seed-2/n-12/chunk-000000.json.gz,unbalanced_bipartite,untrained_mlp,12,2,24
untrained_mlp/s2/n13/e0,0d9273efc63f66943cd49cacb07247b56a45a545ed02a9733c440b37891d7c1c,study/artifacts/evaluation/untrained_mlp/seed-2/n-13/chunk-000000.json.gz,nonbipartite,untrained_mlp,13,2,0
untrained_mlp/s2/n13/e89,7b2527b9dd03c3d34c1a27ed58446173de79e88f9cd19c89e9f228d2fdca2bfa,study/artifacts/evaluation/untrained_mlp/seed-2/n-13/chunk-000064.json.gz,exact,untrained_mlp,13,2,89
untrained_mlp/s2/n14/e0,98adeb23e7df077d6273904ad87b990c600b6cfdc2481632df9e7fb7b4353c3f,study/artifacts/evaluation/untrained_mlp/seed-2/n-14/chunk-000000.json.gz,nonbipartite,untrained_mlp,14,2,0
untrained_mlp/s2/n14/e42,6f772dce3a84df749e46fe60d4900d3b13d40354f97f2ea30854b7685b6cc5de,study/artifacts/evaluation/untrained_mlp/seed-2/n-14/chunk-000032.json.gz,exact,untrained_mlp,14,2,42
untrained_mlp/s2/n14/e45,f2a86dc7f423f34f1ffe32485d182c4a87e6ac8df4d7384a550b5763bd47ffcc,study/artifacts/evaluation/untrained_mlp/seed-2/n-14/chunk-000032.json.gz,unbalanced_bipartite,untrained_mlp,14,2,45
untrained_mlp/s2/n15/e0,c2968fc6476697e982d6664a550d314b40f529884f9a6acbb18dbefd3a2331ed,study/artifacts/evaluation/untrained_mlp/seed-2/n-15/chunk-000000.json.gz,nonbipartite,untrained_mlp,15,2,0
untrained_mlp/s2/n16/e0,d3f0a05cc7c2b8e6d0030d92ba0deb9715f3eb7f133ae61d0c67e794fc6a9ad0,study/artifacts/evaluation/untrained_mlp/seed-2/n-16/chunk-000000.json.gz,nonbipartite,untrained_mlp,16,2,0
untrained_mlp/s2/n17/e0,55c4de98dc627df6a6c8e0abab8a941a51507bb32f10c5a12794b530645c652b,study/artifacts/evaluation/untrained_mlp/seed-2/n-17/chunk-000000.json.gz,nonbipartite,untrained_mlp,17,2,0
untrained_mlp/s2/n20/e0,f313586fbdb28390dda6e222b7b37dd4572b7c741a0d24563b7921f0461a032d,study/artifacts/evaluation/untrained_mlp/seed-2/n-20/chunk-000000.json.gz,nonbipartite,untrained_mlp,20,2,0
untrained_mlp/s2/n23/e0,bab512ecb37a63e5c0a1ca7bb4205e5eb172285811895d39c8c463c5326751e0,study/artifacts/evaluation/untrained_mlp/seed-2/n-23/chunk-000000.json.gz,nonbipartite,untrained_mlp,23,2,0
untrained_mlp/s2/n24/e0,ca1e5dfe46fa6469210b75bd7f050ae16bd3a81e88046ad8de34ccda63f47a13,study/artifacts/evaluation/untrained_mlp/seed-2/n-24/chunk-000000.json.gz,nonbipartite,untrained_mlp,24,2,0
untrained_mlp/s2/n6/e0,d7bfaf2f75439d66183d4dcaddc4aeb6eca00b4449afe12068aca3ca14d45936,study/artifacts/evaluation/untrained_mlp/seed-2/n-6/chunk-000000.json.gz,nonbipartite,untrained_mlp,6,2,0
untrained_mlp/s2/n6/e1,735f01eeb12827e2c06b86a400e242051922eec8ed647558f69839fe9433a3e5,study/artifacts/evaluation/untrained_mlp/seed-2/n-6/chunk-000000.json.gz,exact,untrained_mlp,6,2,1
untrained_mlp/s2/n6/e9,da79513dcc1f5f8618c82b1878e6298438cf3fff703ba6288a5631c9ac753779,study/artifacts/evaluation/untrained_mlp/seed-2/n-6/chunk-000000.json.gz,unbalanced_bipartite,untrained_mlp,6,2,9
untrained_mlp/s2/n7/e0,fbf8f1cb6a5f5938df842c28036b4ac5e70920d9ad7c72281452d0d3298e8705,study/artifacts/evaluation/untrained_mlp/seed-2/n-7/chunk-000000.json.gz,nonbipartite,untrained_mlp,7,2,0
untrained_mlp/s2/n7/e1,780bf658b9759ed86fde086c5ff583ed53926f848592f653fe1c680ac6a73474,study/artifacts/evaluation/untrained_mlp/seed-2/n-7/chunk-000000.json.gz,exact,untrained_mlp,7,2,1
untrained_mlp/s2/n7/e33,20edfdcb61aa9169546651ad342263a8d6fbdd0d95fe7bc27a1c71a9485570c0,study/artifacts/evaluation/untrained_mlp/seed-2/n-7/chunk-000032.json.gz,unbalanced_bipartite,untrained_mlp,7,2,33
untrained_mlp/s2/n8/e0,e437182eb650ac290c261d1587a8f01f3701c2dbd64dd31425a2718d72fab741,study/artifacts/evaluation/untrained_mlp/seed-2/n-8/chunk-000000.json.gz,nonbipartite,untrained_mlp,8,2,0
untrained_mlp/s2/n8/e3,8b6bd9b01f68666ba7e34fe796be3fe33d3d3c974e97040532ce382333c466aa,study/artifacts/evaluation/untrained_mlp/seed-2/n-8/chunk-000000.json.gz,unbalanced_bipartite,untrained_mlp,8,2,3
untrained_mlp/s2/n8/e6,f3f84d417775c75c7d00aff44083b334b4d7c01aae751361938b400c31341e1f,study/artifacts/evaluation/untrained_mlp/seed-2/n-8/chunk-000000.json.gz,exact,untrained_mlp,8,2,6
untrained_mlp/s2/n9/e0,feaab92a5e2157f760fa42875a13ddeae16b4d264afda841ecd0bde65e051058,study/artifacts/evaluation/untrained_mlp/seed-2/n-9/chunk-000000.json.gz,nonbipartite,untrained_mlp,9,2,0
untrained_mlp/s2/n9/e7,0062c312ff90394c39cdd4b30eee4cc4bacefd6cba5edc713f26542a60b7d5d2,study/artifacts/evaluation/untrained_mlp/seed-2/n-9/chunk-000000.json.gz,exact,untrained_mlp,9,2,7
untrained_mlp/s2/n9/e37,7ce844000a04db2751dbf8a2cbb1941cafab7cb221a66296e29f6770666456fe,study/artifacts/evaluation/untrained_mlp/seed-2/n-9/chunk-000032.json.gz,unbalanced_bipartite,untrained_mlp,9,2,37
untrained_mlp/s3/n10/e0,27c75dc00844a6ae377413dda80858123cb66aaa3c415cbb32e3435ee83faa78,study/artifacts/evaluation/untrained_mlp/seed-3/n-10/chunk-000000.json.gz,nonbipartite,untrained_mlp,10,3,0
untrained_mlp/s3/n10/e10,0fdfd2dcf478a1b624f968fa05cfcefb6ed39c1a7330fd38fc2bec242a03ffd2,study/artifacts/evaluation/untrained_mlp/seed-3/n-10/chunk-000000.json.gz,exact,untrained_mlp,10,3,10
untrained_mlp/s3/n10/e15,a9f173f8f3a128ef568d16a08723ae20eb1a831f68056f53eb0b963041072cbc,study/artifacts/evaluation/untrained_mlp/seed-3/n-10/chunk-000000.json.gz,unbalanced_bipartite,untrained_mlp,10,3,15
untrained_mlp/s3/n11/e0,836ed6471c11e38bfdc0ecf698cc90d34550f81300dfd44433a13f34e9908ac5,study/artifacts/evaluation/untrained_mlp/seed-3/n-11/chunk-000000.json.gz,nonbipartite,untrained_mlp,11,3,0
untrained_mlp/s3/n11/e31,18576b0029f1cbf92b41b911dd924cc86bd09757402739e5ec27ebabbd42f6de,study/artifacts/evaluation/untrained_mlp/seed-3/n-11/chunk-000000.json.gz,exact,untrained_mlp,11,3,31
untrained_mlp/s3/n11/e46,5eb165fa25b0fa4f222047b5991b5c984374d08be64cfc87557326c97910ccb4,study/artifacts/evaluation/untrained_mlp/seed-3/n-11/chunk-000032.json.gz,unbalanced_bipartite,untrained_mlp,11,3,46
untrained_mlp/s3/n12/e0,21ca5cfb2cd1923fa9e9edcdfaa975b6dfe6f68bd83e0c9b01b34f29deaf41cf,study/artifacts/evaluation/untrained_mlp/seed-3/n-12/chunk-000000.json.gz,nonbipartite,untrained_mlp,12,3,0
untrained_mlp/s3/n12/e16,1f3793dee38fd89541ee82090080b58ed15be922637d2b268c557f90849d97af,study/artifacts/evaluation/untrained_mlp/seed-3/n-12/chunk-000000.json.gz,unbalanced_bipartite,untrained_mlp,12,3,16
untrained_mlp/s3/n12/e26,44a374dd91da8c51525bcd7b85fe7c0e6134a4ce6578de73cdf35a7b7c9e1bde,study/artifacts/evaluation/untrained_mlp/seed-3/n-12/chunk-000000.json.gz,exact,untrained_mlp,12,3,26
untrained_mlp/s3/n13/e0,2396cdbe7f30e9a13f5c18d2b0b66557377b8abe74b6dbeffdb4abdc1d446657,study/artifacts/evaluation/untrained_mlp/seed-3/n-13/chunk-000000.json.gz,nonbipartite,untrained_mlp,13,3,0
untrained_mlp/s3/n13/e12,36ca0fe6d23c152acab2663a3a7d31b92dfb49bcee086ec19a439abd2387ff46,study/artifacts/evaluation/untrained_mlp/seed-3/n-13/chunk-000000.json.gz,exact,untrained_mlp,13,3,12
untrained_mlp/s3/n14/e0,e71770d43db5486d8c3632230abe790841423232f93cb6834a8beaba6ee3a611,study/artifacts/evaluation/untrained_mlp/seed-3/n-14/chunk-000000.json.gz,nonbipartite,untrained_mlp,14,3,0
untrained_mlp/s3/n14/e12,825acebc64dc269973b4131e5f67e1669ef7cf995412c37d27afa82709dd16cf,study/artifacts/evaluation/untrained_mlp/seed-3/n-14/chunk-000000.json.gz,unbalanced_bipartite,untrained_mlp,14,3,12
untrained_mlp/s3/n15/e0,1d739cf1ced3b7cb9a6e156579ab5fde77a88234c243ea37fb6da3849812a1ea,study/artifacts/evaluation/untrained_mlp/seed-3/n-15/chunk-000000.json.gz,nonbipartite,untrained_mlp,15,3,0
untrained_mlp/s3/n15/e67,f3d72b799f5528232785f61313f7b2cff350a12041cc2a892dbe8ec0538b6be2,study/artifacts/evaluation/untrained_mlp/seed-3/n-15/chunk-000064.json.gz,unbalanced_bipartite,untrained_mlp,15,3,67
untrained_mlp/s3/n16/e0,0bd8fb058de438771806940ef2aa53b070c164566f35251ac08b1a4ff10decab,study/artifacts/evaluation/untrained_mlp/seed-3/n-16/chunk-000000.json.gz,nonbipartite,untrained_mlp,16,3,0
untrained_mlp/s3/n16/e16,417906d1e635be2e2ed07874f28e18bd6fb17a0839851d3125b5d18fc810ce08,study/artifacts/evaluation/untrained_mlp/seed-3/n-16/chunk-000000.json.gz,exact,untrained_mlp,16,3,16
untrained_mlp/s3/n16/e59,6b9384524a53f062f0d5d116438ca5a59e983096d4af6cd2b9a1f27da7721bc7,study/artifacts/evaluation/untrained_mlp/seed-3/n-16/chunk-000032.json.gz,unbalanced_bipartite,untrained_mlp,16,3,59
untrained_mlp/s3/n17/e0,9342cfdd816301f5ff241ec2d2e62a4147ba6f93ec3c34da2a0aba48096b1432,study/artifacts/evaluation/untrained_mlp/seed-3/n-17/chunk-000000.json.gz,nonbipartite,untrained_mlp,17,3,0
untrained_mlp/s3/n20/e0,9ebf6cbaa2b3cb30c6dd8fab2b61a28d4108899a19ad77123dac0d8274b9b10d,study/artifacts/evaluation/untrained_mlp/seed-3/n-20/chunk-000000.json.gz,nonbipartite,untrained_mlp,20,3,0
untrained_mlp/s3/n23/e0,6ca7f0af740b3af7a72dd601346aa72ce8ca58253e35fa7936f04ed0035251da,study/artifacts/evaluation/untrained_mlp/seed-3/n-23/chunk-000000.json.gz,nonbipartite,untrained_mlp,23,3,0
untrained_mlp/s3/n24/e0,d597dd1831ad645abc65714a06193039861b97da3152c115eea485d16cc19cf5,study/artifacts/evaluation/untrained_mlp/seed-3/n-24/chunk-000000.json.gz,nonbipartite,untrained_mlp,24,3,0
untrained_mlp/s3/n6/e0,2622e763c36fca761f3ee463b411bbece31b54d00990a67993498f299ae2608c,study/artifacts/evaluation/untrained_mlp/seed-3/n-6/chunk-000000.json.gz,nonbipartite,untrained_mlp,6,3,0
untrained_mlp/s3/n6/e3,04d4445ebfbeebdb9aef4a24a1d4bd696fe0c83f7f331c18442fb1806495278e,study/artifacts/evaluation/untrained_mlp/seed-3/n-6/chunk-000000.json.gz,exact,untrained_mlp,6,3,3
untrained_mlp/s3/n6/e4,8b670606a4392278e6f9188c757337019610adf2c3968f143c310b73b99f4588,study/artifacts/evaluation/untrained_mlp/seed-3/n-6/chunk-000000.json.gz,unbalanced_bipartite,untrained_mlp,6,3,4
untrained_mlp/s3/n7/e0,575f4b3a86da1d907d3121e7a09946b8ac22ea3dd6f8e557b27b1746ffd3bf6b,study/artifacts/evaluation/untrained_mlp/seed-3/n-7/chunk-000000.json.gz,exact,untrained_mlp,7,3,0
untrained_mlp/s3/n7/e2,6b041fe0df72267c7c7b8de8467f6aff1958b87f2134da82295eb4607d36afde,study/artifacts/evaluation/untrained_mlp/seed-3/n-7/chunk-000000.json.gz,nonbipartite,untrained_mlp,7,3,2
untrained_mlp/s3/n7/e3,f244914fe89f1f1b74828d7f6c5f3ed4f054bd18760ac37c92cdd2f87c82f7e8,study/artifacts/evaluation/untrained_mlp/seed-3/n-7/chunk-000000.json.gz,unbalanced_bipartite,untrained_mlp,7,3,3
untrained_mlp/s3/n8/e0,69d11b65ee147b02ede70a54e07b88011a5ce2b971e5f170312032d64b70cc43,study/artifacts/evaluation/untrained_mlp/seed-3/n-8/chunk-000000.json.gz,exact,untrained_mlp,8,3,0
untrained_mlp/s3/n8/e1,24b62da422afc165a18033a1a6372146eee1b733a93b5bc8a40af604baaf8b06,study/artifacts/evaluation/untrained_mlp/seed-3/n-8/chunk-000000.json.gz,unbalanced_bipartite,untrained_mlp,8,3,1
untrained_mlp/s3/n8/e3,29da3b07b74e412bd0ae42baf8354ae7677e1e19f2644675350f237ba9e5de08,study/artifacts/evaluation/untrained_mlp/seed-3/n-8/chunk-000000.json.gz,nonbipartite,untrained_mlp,8,3,3
untrained_mlp/s3/n9/e0,2c357ffcf409e2b7cdc51916a19fa549a933bacc46dae368a091d94b0c6b1779,study/artifacts/evaluation/untrained_mlp/seed-3/n-9/chunk-000000.json.gz,unbalanced_bipartite,untrained_mlp,9,3,0
untrained_mlp/s3/n9/e1,67094ca98953f52f40a9f84fc60928e97abccd949a7753ee9856c6eed51b28a7,study/artifacts/evaluation/untrained_mlp/seed-3/n-9/chunk-000000.json.gz,nonbipartite,untrained_mlp,9,3,1
untrained_mlp/s3/n9/e2,6913340c113e7c10002ee7307a15431e9c1ddf7209eb67611b7fcf8a6776cae0,study/artifacts/evaluation/untrained_mlp/seed-3/n-9/chunk-000000.json.gz,exact,untrained_mlp,9,3,2
untrained_mlp/s4/n10/e0,42d2acda3498596c544caf796e6503be88c11611926fa9ce4cf7071bcb6331f1,study/artifacts/evaluation/untrained_mlp/seed-4/n-10/chunk-000000.json.gz,nonbipartite,untrained_mlp,10,4,0
untrained_mlp/s4/n10/e16,e910001f7fdcf6d29affccb4bb11ee7e9b78fbd7eef489f0467b4a4c55e69703,study/artifacts/evaluation/untrained_mlp/seed-4/n-10/chunk-000000.json.gz,unbalanced_bipartite,untrained_mlp,10,4,16
untrained_mlp/s4/n10/e30,7ed1ebccadad4199bc80e763a86995df8067aa3d058d4fe0a18d551d84c5ae09,study/artifacts/evaluation/untrained_mlp/seed-4/n-10/chunk-000000.json.gz,exact,untrained_mlp,10,4,30
untrained_mlp/s4/n11/e0,deb516292f132c24a8b86a9d52249ad176b2f44b3841b521f7eb12851a6878a1,study/artifacts/evaluation/untrained_mlp/seed-4/n-11/chunk-000000.json.gz,nonbipartite,untrained_mlp,11,4,0
untrained_mlp/s4/n11/e10,df585704f5022aab2af249e1ff0daef9f6c1f02a69124af73891a8f2b16c5dcf,study/artifacts/evaluation/untrained_mlp/seed-4/n-11/chunk-000000.json.gz,exact,untrained_mlp,11,4,10
untrained_mlp/s4/n11/e76,d83dd4cbf05f19686235e43c06181ee76149b322f8d25bc0d5de9368c816df34,study/artifacts/evaluation/untrained_mlp/seed-4/n-11/chunk-000064.json.gz,unbalanced_bipartite,untrained_mlp,11,4,76
untrained_mlp/s4/n12/e0,bad873d1571eef4db2182fea623e4bf8400a9c53e15b75f9a8df860bae687a9f,study/artifacts/evaluation/untrained_mlp/seed-4/n-12/chunk-000000.json.gz,nonbipartite,untrained_mlp,12,4,0
untrained_mlp/s4/n12/e21,5de631ead1892a599ee4fe68b96289045feeb21fdf66779444667ed5e6386845,study/artifacts/evaluation/untrained_mlp/seed-4/n-12/chunk-000000.json.gz,exact,untrained_mlp,12,4,21
untrained_mlp/s4/n12/e34,e9436cf840b748dabef4c683e9372d7e77be1aad1ffdc557301ecbc61eee627f,study/artifacts/evaluation/untrained_mlp/seed-4/n-12/chunk-000032.json.gz,unbalanced_bipartite,untrained_mlp,12,4,34
untrained_mlp/s4/n13/e0,a1a7a03fd510c62d3a47b15fab4ab04b0dcbee5d4ce007cf4b9fb60c16b8ed4c,study/artifacts/evaluation/untrained_mlp/seed-4/n-13/chunk-000000.json.gz,nonbipartite,untrained_mlp,13,4,0
untrained_mlp/s4/n13/e32,0dc28e4b82613b7de08ad12f63025a2164dec140944e89d3fa91b29fb54db2cc,study/artifacts/evaluation/untrained_mlp/seed-4/n-13/chunk-000032.json.gz,exact,untrained_mlp,13,4,32
untrained_mlp/s4/n14/e0,a36674cf8313af199aad807c228ad4f3353b07066c76af6c0ce12502a5568d12,study/artifacts/evaluation/untrained_mlp/seed-4/n-14/chunk-000000.json.gz,nonbipartite,untrained_mlp,14,4,0
untrained_mlp/s4/n15/e0,88dd312acfe0cd0bc79bac9157e76522074a091addb1fa2f690b35c48305a4e6,study/artifacts/evaluation/untrained_mlp/seed-4/n-15/chunk-000000.json.gz,nonbipartite,untrained_mlp,15,4,0
untrained_mlp/s4/n15/e8,ab88927388737b9dfffc083ed1c526227f4661a67ee8df7fc33ef5fa5f702ed2,study/artifacts/evaluation/untrained_mlp/seed-4/n-15/chunk-000000.json.gz,unbalanced_bipartite,untrained_mlp,15,4,8
untrained_mlp/s4/n16/e0,de587dc80a6616bdedb5e35150ad873c3ef5466b674e880161c416f30e4a2844,study/artifacts/evaluation/untrained_mlp/seed-4/n-16/chunk-000000.json.gz,nonbipartite,untrained_mlp,16,4,0
untrained_mlp/s4/n17/e0,253648285a5f6be25de537b9f8a783ee1f7d3ed862251dab12c56e889562372e,study/artifacts/evaluation/untrained_mlp/seed-4/n-17/chunk-000000.json.gz,nonbipartite,untrained_mlp,17,4,0
untrained_mlp/s4/n20/e0,82855446201542ef699d34d5ed486d5f532172708af60fba1fd28deba6e9387e,study/artifacts/evaluation/untrained_mlp/seed-4/n-20/chunk-000000.json.gz,nonbipartite,untrained_mlp,20,4,0
untrained_mlp/s4/n23/e0,d87c9b9d0ef76fe88dad10fc2ef0db21a362a7ebc80ff9b79f1fd82a2bb8ef4c,study/artifacts/evaluation/untrained_mlp/seed-4/n-23/chunk-000000.json.gz,nonbipartite,untrained_mlp,23,4,0
untrained_mlp/s4/n24/e0,e9447e5478f47fdfe758949dd60e7a3159c0ce811694bd3a6f6ac1561604cd70,study/artifacts/evaluation/untrained_mlp/seed-4/n-24/chunk-000000.json.gz,nonbipartite,untrained_mlp,24,4,0
untrained_mlp/s4/n6/e0,bf9ceffe1cec860c41041176b8a49646ceb0255b73ed955c57e7debc87a1e67c,study/artifacts/evaluation/untrained_mlp/seed-4/n-6/chunk-000000.json.gz,unbalanced_bipartite,untrained_mlp,6,4,0
untrained_mlp/s4/n6/e1,229bf351cb1b46b5b6c7586799a1f5ce279a18cf47ff471009d9eef387c178d5,study/artifacts/evaluation/untrained_mlp/seed-4/n-6/chunk-000000.json.gz,nonbipartite,untrained_mlp,6,4,1
untrained_mlp/s4/n6/e4,688b2e0e642beefd197508c296aa64cd59c2e19411fa3f999e1dca65873b1e18,study/artifacts/evaluation/untrained_mlp/seed-4/n-6/chunk-000000.json.gz,exact,untrained_mlp,6,4,4
untrained_mlp/s4/n7/e0,b1e626ecf97dd01dc499a02b5266e4c758a30ccb0155cbb5e220eaba28e97288,study/artifacts/evaluation/untrained_mlp/seed-4/n-7/chunk-000000.json.gz,nonbipartite,untrained_mlp,7,4,0
untrained_mlp/s4/n7/e1,e1d4932d4689dc7590d91cb6b46896eb2f023fa6b0113d49d691abdc521c00ea,study/artifacts/evaluation/untrained_mlp/seed-4/n-7/chunk-000000.json.gz,unbalanced_bipartite,untrained_mlp,7,4,1
untrained_mlp/s4/n7/e2,575f4b3a86da1d907d3121e7a09946b8ac22ea3dd6f8e557b27b1746ffd3bf6b,study/artifacts/evaluation/untrained_mlp/seed-4/n-7/chunk-000000.json.gz,exact,untrained_mlp,7,4,2
untrained_mlp/s4/n8/e0,8eaab27bc22398c2eba6d843b02bc708729f4f256403869ee2487d65cfdfe4f8,study/artifacts/evaluation/untrained_mlp/seed-4/n-8/chunk-000000.json.gz,nonbipartite,untrained_mlp,8,4,0
untrained_mlp/s4/n8/e1,4d29533cdfa7364529a3e13a781268b6de9fbc2aa6c8eab8eb2b24b6d4abea88,study/artifacts/evaluation/untrained_mlp/seed-4/n-8/chunk-000000.json.gz,exact,untrained_mlp,8,4,1
untrained_mlp/s4/n8/e3,4d814a047b5ff66c1b5b368e2f801918c7160a138ae03568a291f3d58d99b151,study/artifacts/evaluation/untrained_mlp/seed-4/n-8/chunk-000000.json.gz,unbalanced_bipartite,untrained_mlp,8,4,3
untrained_mlp/s4/n9/e0,4a7838c22b2f873d987f1dbf2d86c7f9030677907029324d2bc81aa1844a3a7f,study/artifacts/evaluation/untrained_mlp/seed-4/n-9/chunk-000000.json.gz,nonbipartite,untrained_mlp,9,4,0
untrained_mlp/s4/n9/e18,0062c312ff90394c39cdd4b30eee4cc4bacefd6cba5edc713f26542a60b7d5d2,study/artifacts/evaluation/untrained_mlp/seed-4/n-9/chunk-000000.json.gz,exact,untrained_mlp,9,4,18
untrained_mlp/s4/n9/e62,836345208f7f8d3f4a8517ac49a5280ada8a73b5113a13fca8e04dad5e7a3cf0,study/artifacts/evaluation/untrained_mlp/seed-4/n-9/chunk-000032.json.gz,unbalanced_bipartite,untrained_mlp,9,4,62
