method,n,metric,mean,ci95_halfwidth,seed_count
candidate,6,optimality_ratio,0.9924444444444444,0.0042968228283868926,5
candidate,6,exact_optimum,0.9400000000000001,0.031656344780833186,5
candidate,6,absolute_gap,0.06799999999999999,0.03867140545548224,5
candidate,6,inference_time_seconds,0.0010251208360040937,7.211362424723956e-05,5
candidate,6,first_loss_step,5.54,0.3864925053790589,5
candidate,6,first_odd_cycle_step,6.833333333333333,,3
candidate,6,parameter_count,449.0,0.0,5
candidate,6,exact_rate,0.9400000000000001,0.031656344780833186,5
candidate,6,unbalanced_bipartite_rate,0.052000000000000005,0.026918634023379052,5
candidate,6,nonbipartite_rate,0.008,0.010388506336835695,5
candidate,6,odd_cycle_first_loss_rate,0.002,0.005552890210395598,5
candidate,6,partition_imbalance_first_loss_rate,0.05800000000000001,0.03555584589398764,5
candidate,7,optimality_ratio,0.9966666666666667,0.0014633150551417926,5
candidate,7,exact_optimum,0.9799999999999999,0.008779890330850852,5
candidate,7,absolute_gap,0.04,0.017559780661701687,5
candidate,7,inference_time_seconds,0.0015535076680006977,7.482732469142782e-05,5
candidate,7,first_loss_step,7.733333333333334,0.6956520357453543,5
candidate,7,first_odd_cycle_step,7.733333333333334,0.6956520357453543,5
candidate,7,parameter_count,449.0,0.0,5
candidate,7,exact_rate,0.9799999999999999,0.008779890330850852,5
candidate,7,unbalanced_bipartite_rate,0.0,0.0,5
candidate,7,nonbipartite_rate,0.02,0.008779890330850844,5
candidate,7,odd_cycle_first_loss_rate,0.02,0.008779890330850844,5
candidate,7,partition_imbalance_first_loss_rate,0.0,0.0,5
candidate,8,optimality_ratio,0.9894999999999999,0.0038956898763134397,5
candidate,8,exact_optimum,0.8800000000000001,0.05267934198510511,5
candidate,8,absolute_gap,0.16799999999999998,0.06233103802101418,5
candidate,8,inference_time_seconds,0.002479373164000156,0.0004186525442502207,5
candidate,8,first_loss_step,7.8123015873015875,0.5403464135455271,5
candidate,8,first_odd_cycle_step,9.35,1.0201310709873856,5
candidate,8,parameter_count,449.0,0.0,5
candidate,8,exact_rate,0.8800000000000001,0.05267934198510511,5
candidate,8,unbalanced_bipartite_rate,0.096,0.05089307942983417,5
candidate,8,nonbipartite_rate,0.024,0.011105780420791196,5
candidate,8,odd_cycle_first_loss_rate,0.012,0.005552890210395598,5
candidate,8,partition_imbalance_first_loss_rate,0.10800000000000001,0.05149538535858165,5
candidate,9,optimality_ratio,0.9905999999999999,0.003709438724198786,5
candidate,9,exact_optimum,0.9380000000000001,0.023883883880999806,5
candidate,9,absolute_gap,0.188,0.07418877448397598,5
candidate,9,inference_time_seconds,0.0034174030899993906,0.0002681676447639297,5
candidate,9,first_loss_step,9.304761904761905,1.346094031769228,5
candidate,9,first_odd_cycle_step,9.433333333333334,1.4005079474083242,5
candidate,9,parameter_count,449.0,0.0,5
candidate,9,exact_rate,0.9380000000000001,0.023883883880999806,5
candidate,9,unbalanced_bipartite_rate,0.002,0.005552890210395598,5
candidate,9,nonbipartite_rate,0.06,0.023229406353851945,5
candidate,9,odd_cycle_first_loss_rate,0.057999999999999996,0.022211560841582392,5
candidate,9,partition_imbalance_first_loss_rate,0.004,0.00680087380658257,5
candidate,10,optimality_ratio,0.98192,0.008201752304531238,5
candidate,10,exact_optimum,0.7779999999999999,0.06475727138834826,5
candidate,10,absolute_gap,0.45200000000000007,0.2050438076132814,5
candidate,10,inference_time_seconds,0.0047860599979994214,0.00019008228322416233,5
candidate,10,first_loss_step,10.247362637362638,0.6537594000111924,5
candidate,10,first_odd_cycle_step,11.444444444444445,1.690394573161416,5
candidate,10,parameter_count,449.0,0.0,5
candidate,10,exact_rate,0.7779999999999999,0.06475727138834826,5
candidate,10,unbalanced_bipartite_rate,0.148,0.032139675707319966,5
candidate,10,nonbipartite_rate,0.074,0.04612577032983624,5
candidate,10,odd_cycle_first_loss_rate,0.048,0.030917184224148304,5
candidate,10,partition_imbalance_first_loss_rate,0.174,0.044423121683164764,5
candidate,11,optimality_ratio,0.9848000000000001,0.0023155544779413354,5
candidate,11,exact_optimum,0.898,0.013601747613165151,5
candidate,11,absolute_gap,0.45600000000000007,0.06946663433823957,5
candidate,11,inference_time_seconds,0.006605490249998134,0.00034684781094610514,5
candidate,11,first_loss_step,11.313131313131313,1.7270057649929298,5
candidate,11,first_odd_cycle_step,11.551010101010101,1.8241105612298167,5
candidate,11,parameter_count,449.0,0.0,5
candidate,11,exact_rate,0.898,0.013601747613165151,5
candidate,11,unbalanced_bipartite_rate,0.004,0.00680087380658257,5
candidate,11,nonbipartite_rate,0.098,0.016189317847087065,5
candidate,11,odd_cycle_first_loss_rate,0.092,0.022211560841582385,5
candidate,11,partition_imbalance_first_loss_rate,0.01,0.012416639982037665,5
candidate,12,optimality_ratio,0.9764444444444444,0.006573164607619906,5
candidate,12,exact_optimum,0.708,0.06879759819366199,5
candidate,12,absolute_gap,0.8479999999999999,0.2366339258743183,5
candidate,12,inference_time_seconds,0.008629005242000807,0.0003149661077107959,5
candidate,12,first_loss_step,12.146884602811376,0.8139801214071711,5
candidate,12,first_odd_cycle_step,11.947459207459207,1.0452962357148123,5
candidate,12,parameter_count,449.0,0.0,5
candidate,12,exact_rate,0.708,0.06879759819366199,5
candidate,12,unbalanced_bipartite_rate,0.164,0.044423121683164785,5
candidate,12,nonbipartite_rate,0.128,0.03867140545548224,5
candidate,12,odd_cycle_first_loss_rate,0.094,0.02077701267367139,5
candidate,12,partition_imbalance_first_loss_rate,0.198,0.05717050381974055,5
candidate,13,optimality_ratio,0.9786190476190477,0.008994767261058067,5
candidate,13,exact_optimum,0.842,0.0704582780082076,5
candidate,13,absolute_gap,0.898,0.37778022496443825,5
candidate,13,inference_time_seconds,0.011636340165996387,0.0009137812418411073,5
candidate,13,first_loss_step,13.161439393939395,1.274611829142244,5
candidate,13,first_odd_cycle_step,13.447889444315276,1.464991900396602,5
candidate,13,parameter_count,449.0,0.0,5
candidate,13,exact_rate,0.842,0.0704582780082076,5
candidate,13,unbalanced_bipartite_rate,0.004,0.00680087380658257,5
candidate,13,nonbipartite_rate,0.154,0.064876201279888,5
candidate,13,odd_cycle_first_loss_rate,0.144,0.058634944787991916,5
candidate,13,partition_imbalance_first_loss_rate,0.014000000000000002,0.01883076688348442,5
candidate,14,optimality_ratio,0.9686938775510205,0.00247374232233878,5
candidate,14,exact_optimum,0.612,0.055110861763700184,5
candidate,14,absolute_gap,1.5339999999999998,0.12121337379459832,5
candidate,14,inference_time_seconds,0.014799120836005337,0.00044492525700952617,5
candidate,14,first_loss_step,14.524744881925113,0.6899259692211054,5
candidate,14,first_odd_cycle_step,14.171305309309076,0.9586858628120521,5
candidate,14,parameter_count,449.0,0.0,5
candidate,14,exact_rate,0.612,0.055110861763700184,5
candidate,14,unbalanced_bipartite_rate,0.188,0.057170503819740565,5
candidate,14,nonbipartite_rate,0.2,0.027764451051977983,5
candidate,14,odd_cycle_first_loss_rate,0.166,0.018830766883484413,5
candidate,14,partition_imbalance_first_loss_rate,0.22200000000000003,0.05223850292122271,5
candidate,15,optimality_ratio,0.9691785714285714,0.007394810183572437,5
candidate,15,exact_optimum,0.76,0.053405987924627196,5
candidate,15,absolute_gap,1.7259999999999998,0.41410937028005707,5
candidate,15,inference_time_seconds,0.01891264767399293,0.0009138509203131386,5
candidate,15,first_loss_step,15.309360603099261,1.1767805342816116,5
candidate,15,first_odd_cycle_step,15.441012512391826,1.4838318612709578,5
candidate,15,parameter_count,449.0,0.0,5
candidate,15,exact_rate,0.76,0.053405987924627196,5
candidate,15,unbalanced_bipartite_rate,0.01,0.02150625130818035,5
candidate,15,nonbipartite_rate,0.22999999999999998,0.05552890210395597,5
candidate,15,odd_cycle_first_loss_rate,0.22000000000000003,0.06331268956166643,5
candidate,15,partition_imbalance_first_loss_rate,0.02,0.019632431614775604,5
candidate,16,optimality_ratio,0.9570937500000001,0.007406253918886816,5
candidate,16,exact_optimum,0.48600000000000004,0.04173912214472126,5
candidate,16,absolute_gap,2.746,0.4740002508087579,5
candidate,16,inference_time_seconds,0.02387730107999409,0.0010504235642803453,5
candidate,16,first_loss_step,16.431237874097004,0.8903552382470923,5
candidate,16,first_odd_cycle_step,16.27816502493922,1.0503267443991957,5
candidate,16,parameter_count,449.0,0.0,5
candidate,16,exact_rate,0.48600000000000004,0.04173912214472126,5
candidate,16,unbalanced_bipartite_rate,0.2,0.04210687481992302,5
candidate,16,nonbipartite_rate,0.314,0.045282449296598706,5
candidate,16,odd_cycle_first_loss_rate,0.252,0.04511189332598089,5
candidate,16,partition_imbalance_first_loss_rate,0.262,0.06170957645742959,5
candidate,17,optimality_ratio,0.9529722222222222,0.007393000170038169,5
candidate,17,exact_optimum,0.614,0.041739122144721294,5
candidate,17,absolute_gap,3.386,0.5322960122427471,5
candidate,17,inference_time_seconds,0.03009079966600251,0.0018038127564111855,5
candidate,17,first_loss_step,16.242276422764228,1.2130054422133927,5
candidate,17,first_odd_cycle_step,16.019908131816027,1.036610183395367,5
candidate,17,parameter_count,449.0,0.0,5
candidate,17,exact_rate,0.614,0.041739122144721294,5
candidate,17,unbalanced_bipartite_rate,0.032,0.025446539714917085,5
candidate,17,nonbipartite_rate,0.354,0.0523858614732539,5
candidate,17,odd_cycle_first_loss_rate,0.332,0.05511086176370012,5
candidate,17,partition_imbalance_first_loss_rate,0.054000000000000006,0.036833706659839704,5
candidate,20,optimality_ratio,0.93584,0.010847908926976742,5
candidate,20,exact_optimum,0.31799999999999995,0.0830152443556367,5
candidate,20,absolute_gap,6.4159999999999995,1.0847908926976775,5
candidate,20,inference_time_seconds,0.05303557475000157,0.002285988613609747,5
candidate,20,first_loss_step,19.322650688863376,1.0624557221215714,5
candidate,20,first_odd_cycle_step,18.521184814351273,1.4322529352813769,5
candidate,20,parameter_count,449.0,0.0,5
candidate,20,exact_rate,0.31799999999999995,0.0830152443556367,5
candidate,20,unbalanced_bipartite_rate,0.17400000000000002,0.03237863569417413,5
candidate,20,nonbipartite_rate,0.508,0.07154398568940232,5
candidate,20,odd_cycle_first_loss_rate,0.44399999999999995,0.10033690015823149,5
candidate,20,partition_imbalance_first_loss_rate,0.238,0.03445477765151343,5
candidate,23,optimality_ratio,0.9196818181818183,0.01654421222592744,5
candidate,23,exact_optimum,0.322,0.1361307768394534,5
candidate,23,absolute_gap,10.602,2.183836013822425,5
candidate,23,inference_time_seconds,0.0856971571720023,0.004662941445746538,5
candidate,23,first_loss_step,21.075335775335773,1.2516639954079056,5
candidate,23,first_odd_cycle_step,20.952301434882802,1.0995429592046315,5
candidate,23,parameter_count,449.0,0.0,5
candidate,23,exact_rate,0.322,0.1361307768394534,5
candidate,23,unbalanced_bipartite_rate,0.038,0.023883883880999848,5
candidate,23,nonbipartite_rate,0.64,0.11447576432459661,5
candidate,23,odd_cycle_first_loss_rate,0.6119999999999999,0.11627969546957939,5
candidate,23,partition_imbalance_first_loss_rate,0.066,0.025747692679290824,5
candidate,24,optimality_ratio,0.9201666666666668,0.008882100058755012,5
candidate,24,exact_optimum,0.23399999999999999,0.04612577032983626,5
candidate,24,absolute_gap,11.495999999999999,1.2790224084607256,5
candidate,24,inference_time_seconds,0.10224800674800094,0.0053272502182203675,5
candidate,24,first_loss_step,22.199316030852614,1.1071387643206758,5
candidate,24,first_odd_cycle_step,21.4981807152701,0.9229165747350484,5
candidate,24,parameter_count,449.0,0.0,5
candidate,24,exact_rate,0.23399999999999999,0.04612577032983626,5
candidate,24,unbalanced_bipartite_rate,0.124,0.05525055998975954,5
candidate,24,nonbipartite_rate,0.642,0.057170503819740565,5
candidate,24,odd_cycle_first_loss_rate,0.572,0.0484089745433814,5
candidate,24,partition_imbalance_first_loss_rate,0.194,0.07377198031811828,5
candidate,25,optimality_ratio,0.9186794871794873,0.01525386520239057,5
candidate,25,exact_optimum,0.328,0.0720807072838993,5
candidate,25,absolute_gap,12.686000000000002,2.379602971572933,5
candidate,25,inference_time_seconds,0.11772099107800016,0.00725354304782293,5
candidate,25,first_loss_step,22.840913568801362,1.139101913072845,5
candidate,25,first_odd_cycle_step,22.57371632949937,1.476878536281591,5
candidate,25,parameter_count,449.0,0.0,5
candidate,25,exact_rate,0.328,0.0720807072838993,5
candidate,25,unbalanced_bipartite_rate,0.03,0.017559780661701687,5
candidate,25,nonbipartite_rate,0.642,0.0720807072838993,5
candidate,25,odd_cycle_first_loss_rate,0.622,0.06990910145081324,5
candidate,25,partition_imbalance_first_loss_rate,0.05,0.023229406353851945,5
candidate,30,optimality_ratio,0.882702222222222,0.018622094216904844,5
candidate,30,exact_optimum,0.076,0.02420448727169072,5
candidate,30,absolute_gap,26.391999999999996,4.189971198803594,5
candidate,30,inference_time_seconds,0.22142086666200153,0.013639412768265045,5
candidate,30,first_loss_step,26.00775746171781,0.7369850339140591,5
candidate,30,first_odd_cycle_step,25.77344804186405,1.2601529523854202,5
candidate,30,parameter_count,449.0,0.0,5
candidate,30,exact_rate,0.076,0.02420448727169072,5
candidate,30,unbalanced_bipartite_rate,0.068,0.04424925361215611,5
candidate,30,nonbipartite_rate,0.8560000000000001,0.039849483923489235,5
candidate,30,odd_cycle_first_loss_rate,0.794,0.02858525190987025,5
candidate,30,partition_imbalance_first_loss_rate,0.13,0.03827065468754872,5
candidate,40,optimality_ratio,0.839715,0.02115211839554789,5
candidate,40,exact_optimum,0.013999999999999999,0.011105780420791193,5
candidate,40,absolute_gap,64.114,8.460847358219167,5
candidate,40,inference_time_seconds,0.6334192074139974,0.02909931305939824,5
candidate,40,first_loss_step,29.829594918254713,1.6135159437761286,5
candidate,40,first_odd_cycle_step,29.864921179639417,1.3692195104536578,5
candidate,40,parameter_count,449.0,0.0,5
candidate,40,exact_rate,0.013999999999999999,0.011105780420791193,5
candidate,40,unbalanced_bipartite_rate,0.013999999999999999,0.011105780420791196,5
candidate,40,nonbipartite_rate,0.9719999999999999,0.018416853329919866,5
candidate,40,odd_cycle_first_loss_rate,0.9400000000000001,0.01963243161477556,5
candidate,40,partition_imbalance_first_loss_rate,0.046000000000000006,0.018830766883484423,5
endpoint,6,optimality_ratio,1.0,0.0,5
endpoint,6,exact_optimum,1.0,0.0,5
endpoint,6,absolute_gap,0.0,0.0,5
endpoint,6,inference_time_seconds,0.0010967002540000514,2.417753431145225e-05,5
endpoint,6,first_loss_step,,,0
endpoint,6,first_odd_cycle_step,,,0
endpoint,6,parameter_count,13185.0,0.0,5
endpoint,6,exact_rate,1.0,0.0,5
endpoint,6,unbalanced_bipartite_rate,0.0,0.0,5
endpoint,6,nonbipartite_rate,0.0,0.0,5
endpoint,6,odd_cycle_first_loss_rate,0.0,0.0,5
endpoint,6,partition_imbalance_first_loss_rate,0.0,0.0,5
endpoint,7,optimality_ratio,0.9993333333333332,0.00185096340346518,5
endpoint,7,exact_optimum,0.9960000000000001,0.011105780420791203,5
endpoint,7,absolute_gap,0.008,0.022211560841582392,5
endpoint,7,inference_time_seconds,0.001654599169996741,8.87895699641814e-05,5
endpoint,7,first_loss_step,8.5,,1
endpoint,7,first_odd_cycle_step,8.5,,1
endpoint,7,parameter_count,13185.0,0.0,5
endpoint,7,exact_rate,0.9960000000000001,0.011105780420791203,5
endpoint,7,unbalanced_bipartite_rate,0.0,0.0,5
endpoint,7,nonbipartite_rate,0.004,0.011105780420791196,5
endpoint,7,odd_cycle_first_loss_rate,0.004,0.011105780420791196,5
endpoint,7,partition_imbalance_first_loss_rate,0.0,0.0,5
endpoint,8,optimality_ratio,0.9977499999999999,0.0016092307924557051,5
endpoint,8,exact_optimum,0.974,0.018830766883484437,5
endpoint,8,absolute_gap,0.036,0.025747692679290817,5
endpoint,8,inference_time_seconds,0.002646932495994354,0.0004894172413210143,5
endpoint,8,first_loss_step,9.8,2.6918634023379058,5
endpoint,8,first_odd_cycle_step,6.0,,2
endpoint,8,parameter_count,13185.0,0.0,5
endpoint,8,exact_rate,0.974,0.018830766883484437,5
endpoint,8,unbalanced_bipartite_rate,0.022000000000000002,0.020402621419747715,5
endpoint,8,nonbipartite_rate,0.004,0.00680087380658257,5
endpoint,8,odd_cycle_first_loss_rate,0.004,0.00680087380658257,5
endpoint,8,partition_imbalance_first_loss_rate,0.022000000000000002,0.020402621419747715,5
endpoint,9,optimality_ratio,0.9982,0.0030603932129620965,5
endpoint,9,exact_optimum,0.9880000000000001,0.020402621419747725,5
endpoint,9,absolute_gap,0.036,0.06120786425924313,5
endpoint,9,inference_time_seconds,0.0038130575039976495,0.0005307949909062288,5
endpoint,9,first_loss_step,10.0,,3
endpoint,9,first_odd_cycle_step,10.0,,3
endpoint,9,parameter_count,13185.0,0.0,5
endpoint,9,exact_rate,0.9880000000000001,0.020402621419747725,5
endpoint,9,unbalanced_bipartite_rate,0.0,0.0,5
endpoint,9,nonbipartite_rate,0.012,0.02040262141974771,5
endpoint,9,odd_cycle_first_loss_rate,0.012,0.02040262141974771,5
endpoint,9,partition_imbalance_first_loss_rate,0.0,0.0,5
endpoint,10,optimality_ratio,0.9942399999999999,0.002095434458930165,5
endpoint,10,exact_optimum,0.9339999999999999,0.04528244929659868,5
endpoint,10,absolute_gap,0.14400000000000002,0.05238586147325389,5
endpoint,10,inference_time_seconds,0.005210032084005389,0.000234151323880362,5
endpoint,10,first_loss_step,12.797546897546898,3.8859844461417565,5
endpoint,10,first_odd_cycle_step,8.733333333333334,3.325944835805869,5
endpoint,10,parameter_count,13185.0,0.0,5
endpoint,10,exact_rate,0.9339999999999999,0.04528244929659868,5
endpoint,10,unbalanced_bipartite_rate,0.041999999999999996,0.043369458966087446,5
endpoint,10,nonbipartite_rate,0.024,0.006800873806582568,5
endpoint,10,odd_cycle_first_loss_rate,0.022,0.0055528902103955955,5
endpoint,10,partition_imbalance_first_loss_rate,0.044,0.04354683990665105,5
endpoint,11,optimality_ratio,0.9961333333333334,0.0031872063424993875,5
endpoint,11,exact_optimum,0.9739999999999999,0.020777012673671408,5
endpoint,11,absolute_gap,0.11599999999999999,0.09561619027498272,5
endpoint,11,inference_time_seconds,0.00754811832999981,0.00048021158401978086,5
endpoint,11,first_loss_step,11.416666666666666,,4
endpoint,11,first_odd_cycle_step,11.416666666666666,,4
endpoint,11,parameter_count,13185.0,0.0,5
endpoint,11,exact_rate,0.9739999999999999,0.020777012673671408,5
endpoint,11,unbalanced_bipartite_rate,0.0,0.0,5
endpoint,11,nonbipartite_rate,0.026000000000000002,0.020777012673671394,5
endpoint,11,odd_cycle_first_loss_rate,0.026000000000000002,0.020777012673671394,5
endpoint,11,partition_imbalance_first_loss_rate,0.0,0.0,5
endpoint,12,optimality_ratio,0.9911666666666668,0.005018362361495817,5
endpoint,12,exact_optimum,0.8859999999999999,0.03577199284470119,5
endpoint,12,absolute_gap,0.318,0.18066104501385086,5
endpoint,12,inference_time_seconds,0.00983306183399867,7.042431292116297e-05,5
endpoint,12,first_loss_step,15.819047619047618,5.181137399521186,5
endpoint,12,first_odd_cycle_step,9.893333333333334,4.311433762747739,5
endpoint,12,parameter_count,13185.0,0.0,5
endpoint,12,exact_rate,0.8859999999999999,0.03577199284470119,5
endpoint,12,unbalanced_bipartite_rate,0.07200000000000001,0.06475727138834826,5
endpoint,12,nonbipartite_rate,0.042,0.04424925361215612,5
endpoint,12,odd_cycle_first_loss_rate,0.04,0.03926486322955121,5
endpoint,12,partition_imbalance_first_loss_rate,0.07400000000000001,0.06183436844829662,5
endpoint,13,optimality_ratio,0.9879047619047621,0.004890938448327323,5
endpoint,13,exact_optimum,0.9199999999999999,0.04389945165425421,5
endpoint,13,absolute_gap,0.508,0.20541941482974752,5
endpoint,13,inference_time_seconds,0.012779085751990299,0.0004247509976287356,5
endpoint,13,first_loss_step,12.008095238095239,9.431228481221364,5
endpoint,13,first_odd_cycle_step,12.008095238095239,9.431228481221364,5
endpoint,13,parameter_count,13185.0,0.0,5
endpoint,13,exact_rate,0.9199999999999999,0.04389945165425421,5
endpoint,13,unbalanced_bipartite_rate,0.0,0.0,5
endpoint,13,nonbipartite_rate,0.08,0.043899451654254226,5
endpoint,13,odd_cycle_first_loss_rate,0.08,0.043899451654254226,5
endpoint,13,partition_imbalance_first_loss_rate,0.0,0.0,5
endpoint,14,optimality_ratio,0.9872244897959183,0.010272270250557273,5
endpoint,14,exact_optimum,0.818,0.059806457877808146,5
endpoint,14,absolute_gap,0.626,0.5033412422773076,5
endpoint,14,inference_time_seconds,0.017422960831994662,0.000986917908618779,5
endpoint,14,first_loss_step,23.712544563279856,10.29507091515379,5
endpoint,14,first_odd_cycle_step,11.888421052631578,9.580091916623674,5
endpoint,14,parameter_count,13185.0,0.0,5
endpoint,14,exact_rate,0.818,0.059806457877808146,5
endpoint,14,unbalanced_bipartite_rate,0.11000000000000001,0.07186649965636607,5
endpoint,14,nonbipartite_rate,0.072,0.08393869038691043,5
endpoint,14,odd_cycle_first_loss_rate,0.054000000000000006,0.04776776776199969,5
endpoint,14,partition_imbalance_first_loss_rate,0.128,0.04595834411373464,5
endpoint,15,optimality_ratio,0.9844642857142857,0.009207625804531579,5
endpoint,15,exact_optimum,0.882,0.07314233596892235,5
endpoint,15,absolute_gap,0.8699999999999999,0.515627045053766,5
endpoint,15,inference_time_seconds,0.021278620259996345,0.0005893530637224648,5
endpoint,15,first_loss_step,16.10141414141414,6.008463679430725,5
endpoint,15,first_odd_cycle_step,14.605959595959595,8.329291765621281,5
endpoint,15,parameter_count,13185.0,0.0,5
endpoint,15,exact_rate,0.882,0.07314233596892235,5
endpoint,15,unbalanced_bipartite_rate,0.008,0.010388506336835695,5
endpoint,15,nonbipartite_rate,0.10999999999999999,0.07852972645910242,5
endpoint,15,odd_cycle_first_loss_rate,0.10799999999999998,0.07314233596892233,5
endpoint,15,partition_imbalance_first_loss_rate,0.01,0.008779890330850844,5
endpoint,16,optimality_ratio,0.9809687500000001,0.008795310191102055,5
endpoint,16,exact_optimum,0.7300000000000001,0.06145923231595592,5
endpoint,16,absolute_gap,1.218,0.562899852230533,5
endpoint,16,inference_time_seconds,0.026992023333996203,0.0010842248515938514,5
endpoint,16,first_loss_step,28.523239057239056,14.559971202524123,5
endpoint,16,first_odd_cycle_step,13.00095238095238,6.102806341561689,5
endpoint,16,parameter_count,13185.0,0.0,5
endpoint,16,exact_rate,0.7300000000000001,0.06145923231595592,5
endpoint,16,unbalanced_bipartite_rate,0.148,0.056492300650453256,5
endpoint,16,nonbipartite_rate,0.122,0.07470649726533841,5
endpoint,16,odd_cycle_first_loss_rate,0.11399999999999999,0.06546761005818304,5
endpoint,16,partition_imbalance_first_loss_rate,0.156,0.05311652244374357,5
endpoint,17,optimality_ratio,0.9802777777777777,0.014770706000220277,5
endpoint,17,exact_optimum,0.8480000000000001,0.09183278434122229,5
endpoint,17,absolute_gap,1.42,1.063490832015858,5
endpoint,17,inference_time_seconds,0.034304301998008636,0.001629242976002009,5
endpoint,17,first_loss_step,22.936441798941797,8.983207284831398,5
endpoint,17,first_odd_cycle_step,16.567870370370372,9.600748221600869,5
endpoint,17,parameter_count,13185.0,0.0,5
endpoint,17,exact_rate,0.8480000000000001,0.09183278434122229,5
endpoint,17,unbalanced_bipartite_rate,0.018000000000000002,0.022211560841582385,5
endpoint,17,nonbipartite_rate,0.134,0.10810323534483163,5
endpoint,17,odd_cycle_first_loss_rate,0.134,0.10810323534483163,5
endpoint,17,partition_imbalance_first_loss_rate,0.018000000000000002,0.022211560841582385,5
endpoint,20,optimality_ratio,0.96086,0.013518921490763261,5
endpoint,20,exact_optimum,0.56,0.0633126895616664,5
endpoint,20,absolute_gap,3.914,1.3518921490763278,5
endpoint,20,inference_time_seconds,0.06082628700400342,0.002946127221677078,5
endpoint,20,first_loss_step,35.36147864264423,13.607241490276532,5
endpoint,20,first_odd_cycle_step,19.8621556329849,12.070511182396874,5
endpoint,20,parameter_count,13185.0,0.0,5
endpoint,20,exact_rate,0.56,0.0633126895616664,5
endpoint,20,unbalanced_bipartite_rate,0.176,0.09064997601787043,5
endpoint,20,nonbipartite_rate,0.264,0.11264294765720148,5
endpoint,20,odd_cycle_first_loss_rate,0.238,0.07470649726533841,5
endpoint,20,partition_imbalance_first_loss_rate,0.202,0.06170957645742959,5
endpoint,23,optimality_ratio,0.9561060606060605,0.01627693902202808,5
endpoint,23,exact_optimum,0.658,0.13837731098950873,5
endpoint,23,absolute_gap,5.794000000000001,2.148555950907702,5
endpoint,23,inference_time_seconds,0.10290737275000716,0.005752632767710328,5
endpoint,23,first_loss_step,20.57627750500091,10.886377517508674,5
endpoint,23,first_odd_cycle_step,19.741248703736815,11.018537461953478,5
endpoint,23,parameter_count,13185.0,0.0,5
endpoint,23,exact_rate,0.658,0.13837731098950873,5
endpoint,23,unbalanced_bipartite_rate,0.02,0.03620041521543722,5
endpoint,23,nonbipartite_rate,0.322,0.12885816445754944,5
endpoint,23,odd_cycle_first_loss_rate,0.322,0.12885816445754944,5
endpoint,23,partition_imbalance_first_loss_rate,0.02,0.03620041521543722,5
endpoint,24,optimality_ratio,0.9478194444444444,0.024166828914233253,5
endpoint,24,exact_optimum,0.422,0.12398001032352175,5
endpoint,24,absolute_gap,7.514000000000001,3.480023363649585,5
endpoint,24,inference_time_seconds,0.11982986949999574,0.009529630183910452,5
endpoint,24,first_loss_step,39.58089778700906,32.68843721261261,5
endpoint,24,first_odd_cycle_step,17.415746152712096,4.370235064513045,5
endpoint,24,parameter_count,13185.0,0.0,5
endpoint,24,exact_rate,0.422,0.12398001032352175,5
endpoint,24,unbalanced_bipartite_rate,0.198,0.14437514547028552,5
endpoint,24,nonbipartite_rate,0.38,0.17227388825756718,5
endpoint,24,odd_cycle_first_loss_rate,0.366,0.1601217078542447,5
endpoint,24,partition_imbalance_first_loss_rate,0.21200000000000002,0.14031352577795048,5
endpoint,25,optimality_ratio,0.9428205128205128,0.013821282863656774,5
endpoint,25,exact_optimum,0.5399999999999999,0.10125463481488227,5
endpoint,25,absolute_gap,8.92,2.1561201267304595,5
endpoint,25,inference_time_seconds,0.13886755966800224,0.006795901784823873,5
endpoint,25,first_loss_step,24.30481165529239,7.456685210071292,5
endpoint,25,first_odd_cycle_step,19.478301756579032,10.7623227659152,5
endpoint,25,parameter_count,13185.0,0.0,5
endpoint,25,exact_rate,0.5399999999999999,0.10125463481488227,5
endpoint,25,unbalanced_bipartite_rate,0.044,0.05730518128273676,5
endpoint,25,nonbipartite_rate,0.41600000000000004,0.11831696293715921,5
endpoint,25,odd_cycle_first_loss_rate,0.41,0.11001171052582358,5
endpoint,25,partition_imbalance_first_loss_rate,0.049999999999999996,0.05267934198510507,5
endpoint,30,optimality_ratio,0.9218933333333335,0.01979616104621843,5
endpoint,30,exact_optimum,0.25199999999999995,0.12705080756153522,5
endpoint,30,absolute_gap,17.574,4.454136235399146,5
endpoint,30,inference_time_seconds,0.2676815631639965,0.01949402554291717,5
endpoint,30,first_loss_step,52.693277048155096,33.06862219239439,5
endpoint,30,first_odd_cycle_step,28.325387338620807,14.686118896802991,5
endpoint,30,parameter_count,13185.0,0.0,5
endpoint,30,exact_rate,0.25199999999999995,0.12705080756153522,5
endpoint,30,unbalanced_bipartite_rate,0.18,0.08735880578370475,5
endpoint,30,nonbipartite_rate,0.568,0.17851484096085385,5
endpoint,30,odd_cycle_first_loss_rate,0.5399999999999999,0.15003083174053355,5
endpoint,30,partition_imbalance_first_loss_rate,0.20800000000000002,0.04997601189356037,5
endpoint,40,optimality_ratio,0.87348,0.027677014999566787,5
endpoint,40,exact_optimum,0.076,0.1109188950801179,5
endpoint,40,absolute_gap,50.608000000000004,11.07080599982672,5
endpoint,40,inference_time_seconds,0.7919185103320013,0.08400823274001926,5
endpoint,40,first_loss_step,43.64002417718645,28.96401987727814,5
endpoint,40,first_odd_cycle_step,27.039332305121782,5.179240035299763,5
endpoint,40,parameter_count,13185.0,0.0,5
endpoint,40,exact_rate,0.076,0.1109188950801179,5
endpoint,40,unbalanced_bipartite_rate,0.078,0.05784075536526765,5
endpoint,40,nonbipartite_rate,0.8460000000000001,0.1576962161370475,5
endpoint,40,odd_cycle_first_loss_rate,0.8299999999999998,0.14506759618378842,5
endpoint,40,partition_imbalance_first_loss_rate,0.094,0.05454849131699475,5
gnn,6,optimality_ratio,1.0,0.0,5
gnn,6,exact_optimum,1.0,0.0,5
gnn,6,absolute_gap,0.0,0.0,5
gnn,6,inference_time_seconds,0.0012688099140013623,0.00022254559162284424,5
gnn,6,first_loss_step,,,0
gnn,6,first_odd_cycle_step,,,0
gnn,6,parameter_count,38337.0,0.0,5
gnn,6,exact_rate,1.0,0.0,5
gnn,6,unbalanced_bipartite_rate,0.0,0.0,5
gnn,6,nonbipartite_rate,0.0,0.0,5
gnn,6,odd_cycle_first_loss_rate,0.0,0.0,5
gnn,6,partition_imbalance_first_loss_rate,0.0,0.0,5
gnn,7,optimality_ratio,0.999,0.0018509634034651879,5
gnn,7,exact_optimum,0.994,0.011105780420791203,5
gnn,7,absolute_gap,0.012,0.022211560841582392,5
gnn,7,inference_time_seconds,0.0018419211639974984,0.00020388299617634978,5
gnn,7,first_loss_step,9.0,,2
gnn,7,first_odd_cycle_step,9.0,,2
gnn,7,parameter_count,38337.0,0.0,5
gnn,7,exact_rate,0.994,0.011105780420791203,5
gnn,7,unbalanced_bipartite_rate,0.0,0.0,5
gnn,7,nonbipartite_rate,0.006,0.011105780420791196,5
gnn,7,odd_cycle_first_loss_rate,0.006,0.011105780420791196,5
gnn,7,partition_imbalance_first_loss_rate,0.0,0.0,5
gnn,8,optimality_ratio,1.0,0.0,5
gnn,8,exact_optimum,1.0,0.0,5
gnn,8,absolute_gap,0.0,0.0,5
gnn,8,inference_time_seconds,0.003309251829998118,0.001457493887388596,5
gnn,8,first_loss_step,,,0
gnn,8,first_odd_cycle_step,,,0
gnn,8,parameter_count,38337.0,0.0,5
gnn,8,exact_rate,1.0,0.0,5
gnn,8,unbalanced_bipartite_rate,0.0,0.0,5
gnn,8,nonbipartite_rate,0.0,0.0,5
gnn,8,odd_cycle_first_loss_rate,0.0,0.0,5
gnn,8,partition_imbalance_first_loss_rate,0.0,0.0,5
gnn,9,optimality_ratio,0.9976,0.0031165519010506624,5
gnn,9,exact_optimum,0.984,0.02077701267367141,5
gnn,9,absolute_gap,0.048,0.06233103802101418,5
gnn,9,inference_time_seconds,0.004562441747999343,0.0014408413151443349,5
gnn,9,first_loss_step,15.25,,3
gnn,9,first_odd_cycle_step,15.25,,3
gnn,9,parameter_count,38337.0,0.0,5
gnn,9,exact_rate,0.984,0.02077701267367141,5
gnn,9,unbalanced_bipartite_rate,0.0,0.0,5
gnn,9,nonbipartite_rate,0.016,0.02077701267367139,5
gnn,9,odd_cycle_first_loss_rate,0.016,0.02077701267367139,5
gnn,9,partition_imbalance_first_loss_rate,0.0,0.0,5
gnn,10,optimality_ratio,0.99832,0.0014222338357595006,5
gnn,10,exact_optimum,0.99,0.008779890330850852,5
gnn,10,absolute_gap,0.042,0.03555584589398764,5
gnn,10,inference_time_seconds,0.007777311664001851,0.0037679646689169665,5
gnn,10,first_loss_step,13.75,,4
gnn,10,first_odd_cycle_step,14.0,,4
gnn,10,parameter_count,38337.0,0.0,5
gnn,10,exact_rate,0.99,0.008779890330850852,5
gnn,10,unbalanced_bipartite_rate,0.0,0.0,5
gnn,10,nonbipartite_rate,0.01,0.008779890330850844,5
gnn,10,odd_cycle_first_loss_rate,0.006,0.00680087380658257,5
gnn,10,partition_imbalance_first_loss_rate,0.004,0.011105780420791196,5
gnn,11,optimality_ratio,0.9951333333333334,0.005641644147745219,5
gnn,11,exact_optimum,0.966,0.03984948392348919,5
gnn,11,absolute_gap,0.146,0.16924932443235643,5
gnn,11,inference_time_seconds,0.009644297496002714,0.0023638333076254217,5
gnn,11,first_loss_step,16.361904761904764,,3
gnn,11,first_odd_cycle_step,16.361904761904764,,3
gnn,11,parameter_count,38337.0,0.0,5
gnn,11,exact_rate,0.966,0.03984948392348919,5
gnn,11,unbalanced_bipartite_rate,0.0,0.0,5
gnn,11,nonbipartite_rate,0.034,0.0398494839234892,5
gnn,11,odd_cycle_first_loss_rate,0.034,0.0398494839234892,5
gnn,11,partition_imbalance_first_loss_rate,0.0,0.0,5
gnn,12,optimality_ratio,0.9962222222222221,0.0020923074314982445,5
gnn,12,exact_optimum,0.9739999999999999,0.014157147769822758,5
gnn,12,absolute_gap,0.13599999999999998,0.07532306753393767,5
gnn,12,inference_time_seconds,0.011751644836001966,0.002690244162279596,5
gnn,12,first_loss_step,15.816666666666668,8.980749687274193,5
gnn,12,first_odd_cycle_step,13.866666666666669,9.930509223556843,5
gnn,12,parameter_count,38337.0,0.0,5
gnn,12,exact_rate,0.9739999999999999,0.014157147769822758,5
gnn,12,unbalanced_bipartite_rate,0.004,0.00680087380658257,5
gnn,12,nonbipartite_rate,0.022000000000000002,0.010388506336835695,5
gnn,12,odd_cycle_first_loss_rate,0.02,0.008779890330850844,5
gnn,12,partition_imbalance_first_loss_rate,0.006,0.011105780420791196,5
gnn,13,optimality_ratio,0.9914761904761905,0.004421684902102368,5
gnn,13,exact_optimum,0.942,0.028314295539645453,5
gnn,13,absolute_gap,0.358,0.18571076588830027,5
gnn,13,inference_time_seconds,0.015186353252001883,0.002668606395289107,5
gnn,13,first_loss_step,12.808333333333332,6.838121511869459,5
gnn,13,first_odd_cycle_step,12.808333333333332,6.838121511869459,5
gnn,13,parameter_count,38337.0,0.0,5
gnn,13,exact_rate,0.942,0.028314295539645453,5
gnn,13,unbalanced_bipartite_rate,0.0,0.0,5
gnn,13,nonbipartite_rate,0.057999999999999996,0.028314295539645498,5
gnn,13,odd_cycle_first_loss_rate,0.057999999999999996,0.028314295539645498,5
gnn,13,partition_imbalance_first_loss_rate,0.0,0.0,5
gnn,14,optimality_ratio,0.9914285714285714,0.0034138648472872585,5
gnn,14,exact_optimum,0.9259999999999999,0.039849483923489165,5
gnn,14,absolute_gap,0.42000000000000004,0.16727937751708025,5
gnn,14,inference_time_seconds,0.020137656162001756,0.003227566733749964,5
gnn,14,first_loss_step,19.794920634920636,7.711978748382364,5
gnn,14,first_odd_cycle_step,16.363095238095237,4.647233206866117,5
gnn,14,parameter_count,38337.0,0.0,5
gnn,14,exact_rate,0.9259999999999999,0.039849483923489165,5
gnn,14,unbalanced_bipartite_rate,0.016,0.02420448727169072,5
gnn,14,nonbipartite_rate,0.057999999999999996,0.022211560841582392,5
gnn,14,odd_cycle_first_loss_rate,0.057999999999999996,0.022211560841582392,5
gnn,14,partition_imbalance_first_loss_rate,0.016,0.02420448727169072,5
gnn,15,optimality_ratio,0.9846785714285714,0.008809796294390887,5
gnn,15,exact_optimum,0.8859999999999999,0.07056760046031199,5
gnn,15,absolute_gap,0.858,0.4933485924858921,5
gnn,15,inference_time_seconds,0.025552040256001367,0.004390483773200214,5
gnn,15,first_loss_step,17.36831550802139,5.706664776964172,5
gnn,15,first_odd_cycle_step,17.36831550802139,5.706664776964172,5
gnn,15,parameter_count,38337.0,0.0,5
gnn,15,exact_rate,0.8859999999999999,0.07056760046031199,5
gnn,15,unbalanced_bipartite_rate,0.0,0.0,5
gnn,15,nonbipartite_rate,0.11400000000000002,0.07056760046031198,5
gnn,15,odd_cycle_first_loss_rate,0.11400000000000002,0.07056760046031198,5
gnn,15,partition_imbalance_first_loss_rate,0.0,0.0,5
gnn,16,optimality_ratio,0.97915625,0.013659874709523102,5
gnn,16,exact_optimum,0.8480000000000001,0.11154262386815807,5
gnn,16,absolute_gap,1.334,0.8742319814094784,5
gnn,16,inference_time_seconds,0.031197517168002342,0.004862616519763821,5
gnn,16,first_loss_step,19.022649572649573,3.3940879933528545,5
gnn,16,first_odd_cycle_step,17.19040404040404,4.688299586477081,5
gnn,16,parameter_count,38337.0,0.0,5
gnn,16,exact_rate,0.8480000000000001,0.11154262386815807,5
gnn,16,unbalanced_bipartite_rate,0.014000000000000002,0.02720349522633028,5
gnn,16,nonbipartite_rate,0.13799999999999998,0.08753511031376926,5
gnn,16,odd_cycle_first_loss_rate,0.124,0.08849850722431223,5
gnn,16,partition_imbalance_first_loss_rate,0.028000000000000004,0.028314295539645498,5
gnn,17,optimality_ratio,0.9741111111111111,0.012825821738391446,5
gnn,17,exact_optimum,0.804,0.09800497277195842,5
gnn,17,absolute_gap,1.864,0.9234591651641844,5
gnn,17,inference_time_seconds,0.03851484232800244,0.0021785242397954806,5
gnn,17,first_loss_step,21.89871794871795,6.790350430421183,5
gnn,17,first_odd_cycle_step,21.89871794871795,6.790350430421183,5
gnn,17,parameter_count,38337.0,0.0,5
gnn,17,exact_rate,0.804,0.09800497277195842,5
gnn,17,unbalanced_bipartite_rate,0.0,0.0,5
gnn,17,nonbipartite_rate,0.196,0.09800497277195841,5
gnn,17,odd_cycle_first_loss_rate,0.196,0.09800497277195841,5
gnn,17,partition_imbalance_first_loss_rate,0.0,0.0,5
gnn,20,optimality_ratio,0.9594600000000002,0.01715622922037384,5
gnn,20,exact_optimum,0.6779999999999999,0.11594775161371766,5
gnn,20,absolute_gap,4.054,1.715622922037382,5
gnn,20,inference_time_seconds,0.06556016866600109,0.006016445508676027,5
gnn,20,first_loss_step,27.633337773337775,13.5736924061016,5
gnn,20,first_odd_cycle_step,23.491726755218213,12.783232441194235,5
gnn,20,parameter_count,38337.0,0.0,5
gnn,20,exact_rate,0.6779999999999999,0.11594775161371766,5
gnn,20,unbalanced_bipartite_rate,0.03200000000000001,0.023883883880999848,5
gnn,20,nonbipartite_rate,0.29,0.12134049850053245,5
gnn,20,odd_cycle_first_loss_rate,0.27,0.13459317011689528,5
gnn,20,partition_imbalance_first_loss_rate,0.052000000000000005,0.0522385029212227,5
gnn,23,optimality_ratio,0.9448181818181819,0.024114959371034275,5
gnn,23,exact_optimum,0.588,0.18023384875503576,5
gnn,23,absolute_gap,7.283999999999999,3.1831746369765237,5
gnn,23,inference_time_seconds,0.10774582900200036,0.012258945304739702,5
gnn,23,first_loss_step,27.714664175848583,13.004995435183753,5
gnn,23,first_odd_cycle_step,27.714664175848583,13.004995435183753,5
gnn,23,parameter_count,38337.0,0.0,5
gnn,23,exact_rate,0.588,0.18023384875503576,5
gnn,23,unbalanced_bipartite_rate,0.0,0.0,5
gnn,23,nonbipartite_rate,0.41200000000000003,0.1802338487550357,5
gnn,23,odd_cycle_first_loss_rate,0.41200000000000003,0.1802338487550357,5
gnn,23,partition_imbalance_first_loss_rate,0.0,0.0,5
gnn,24,optimality_ratio,0.9315000000000001,0.031532185347057484,5
gnn,24,exact_optimum,0.4779999999999999,0.1928380542439198,5
gnn,24,absolute_gap,9.864,4.5406346899762795,5
gnn,24,inference_time_seconds,0.12818469049199663,0.014688027894949957,5
gnn,24,first_loss_step,32.185738682569806,14.595005412366266,5
gnn,24,first_odd_cycle_step,28.373954149298974,12.785363989588927,5
gnn,24,parameter_count,38337.0,0.0,5
gnn,24,exact_rate,0.4779999999999999,0.1928380542439198,5
gnn,24,unbalanced_bipartite_rate,0.036,0.02255594666299044,5
gnn,24,nonbipartite_rate,0.48599999999999993,0.19347659259479072,5
gnn,24,odd_cycle_first_loss_rate,0.46799999999999997,0.2091383883303858,5
gnn,24,partition_imbalance_first_loss_rate,0.054000000000000006,0.04354683990665105,5
gnn,25,optimality_ratio,0.9318076923076923,0.027377645207211643,5
gnn,25,exact_optimum,0.484,0.21009453857581456,5
gnn,25,absolute_gap,10.638,4.270912652325004,5
gnn,25,inference_time_seconds,0.1496788983239948,0.020994074547191044,5
gnn,25,first_loss_step,29.744176297275338,13.834229014825395,5
gnn,25,first_odd_cycle_step,29.744176297275338,13.834229014825395,5
gnn,25,parameter_count,38337.0,0.0,5
gnn,25,exact_rate,0.484,0.21009453857581456,5
gnn,25,unbalanced_bipartite_rate,0.0,0.0,5
gnn,25,nonbipartite_rate,0.516,0.21009453857581456,5
gnn,25,odd_cycle_first_loss_rate,0.516,0.21009453857581456,5
gnn,25,partition_imbalance_first_loss_rate,0.0,0.0,5
gnn,30,optimality_ratio,0.8994666666666667,0.03469245103254255,5
gnn,30,exact_optimum,0.25799999999999995,0.16270063075401758,5
gnn,30,absolute_gap,22.619999999999997,7.805801482322077,5
gnn,30,inference_time_seconds,0.29287804183400656,0.05018924161948638,5
gnn,30,first_loss_step,44.404609790054494,27.030091676906277,5
gnn,30,first_odd_cycle_step,33.880255844645546,9.832344394561316,5
gnn,30,parameter_count,38337.0,0.0,5
gnn,30,exact_rate,0.25799999999999995,0.16270063075401758,5
gnn,30,unbalanced_bipartite_rate,0.05800000000000001,0.08161048567899085,5
gnn,30,nonbipartite_rate,0.6839999999999999,0.2183705404892926,5
gnn,30,odd_cycle_first_loss_rate,0.6580000000000001,0.22425703061951377,5
gnn,30,partition_imbalance_first_loss_rate,0.08399999999999999,0.09275155267244493,5
gnn,40,optimality_ratio,0.845055,0.04096076087696275,5
gnn,40,exact_optimum,0.11200000000000002,0.13122925870834978,5
gnn,40,absolute_gap,61.97800000000001,16.3843043507851,5
gnn,40,inference_time_seconds,0.821232685418001,0.09789751936325361,5
gnn,40,first_loss_step,43.16867381812737,23.422338072109007,5
gnn,40,first_odd_cycle_step,36.06357176908583,7.004049537035969,5
gnn,40,parameter_count,38337.0,0.0,5
gnn,40,exact_rate,0.11200000000000002,0.13122925870834978,5
gnn,40,unbalanced_bipartite_rate,0.022,0.047606116646077994,5
gnn,40,nonbipartite_rate,0.866,0.17747544440573879,5
gnn,40,odd_cycle_first_loss_rate,0.8540000000000001,0.17594865173527788,5
gnn,40,partition_imbalance_first_loss_rate,0.033999999999999996,0.048567953541261186,5
least_degree,6,optimality_ratio,0.9880000000000001,0.0046171139274825,5
least_degree,6,exact_optimum,0.946,0.020777012673671356,5
least_degree,6,absolute_gap,0.10800000000000001,0.04155402534734278,5
least_degree,6,inference_time_seconds,0.00025584950200204957,1.5126235404437985e-05,5
least_degree,6,first_loss_step,7.0,0.0,5
least_degree,6,first_odd_cycle_step,7.0,0.0,5
least_degree,6,parameter_count,0.0,0.0,5
least_degree,6,exact_rate,0.946,0.020777012673671356,5
least_degree,6,unbalanced_bipartite_rate,0.0,0.0,5
least_degree,6,nonbipartite_rate,0.054000000000000006,0.02077701267367139,5
least_degree,6,odd_cycle_first_loss_rate,0.054000000000000006,0.02077701267367139,5
least_degree,6,partition_imbalance_first_loss_rate,0.0,0.0,5
least_degree,7,optimality_ratio,0.8383333333333333,0.003871567725642025,5
least_degree,7,exact_optimum,0.03,0.023229406353851945,5
least_degree,7,absolute_gap,1.94,0.04645881270770393,5
least_degree,7,inference_time_seconds,0.00031009857800013525,2.2423391358068296e-05,5
least_degree,7,first_loss_step,6.951875366057673,0.061796757069565424,5
least_degree,7,first_odd_cycle_step,6.951875366057673,0.061796757069565424,5
least_degree,7,parameter_count,0.0,0.0,5
least_degree,7,exact_rate,0.03,0.023229406353851945,5
least_degree,7,unbalanced_bipartite_rate,0.0,0.0,5
least_degree,7,nonbipartite_rate,0.97,0.023229406353851966,5
least_degree,7,odd_cycle_first_loss_rate,0.97,0.023229406353851966,5
least_degree,7,partition_imbalance_first_loss_rate,0.0,0.0,5
least_degree,8,optimality_ratio,0.850625,0.013696611328194712,5
least_degree,8,exact_optimum,0.358,0.05074138586013448,5
least_degree,8,absolute_gap,2.3899999999999997,0.21914578125111497,5
least_degree,8,inference_time_seconds,0.0004603111639989488,2.0216679647582585e-05,5
least_degree,8,first_loss_step,9.74593098050725,0.1452569621785819,5
least_degree,8,first_odd_cycle_step,9.74593098050725,0.1452569621785819,5
least_degree,8,parameter_count,0.0,0.0,5
least_degree,8,exact_rate,0.358,0.05074138586013448,5
least_degree,8,unbalanced_bipartite_rate,0.0,0.0,5
least_degree,8,nonbipartite_rate,0.642,0.05074138586013449,5
least_degree,8,odd_cycle_first_loss_rate,0.642,0.05074138586013449,5
least_degree,8,partition_imbalance_first_loss_rate,0.0,0.0,5
least_degree,9,optimality_ratio,0.8235000000000001,0.006743961728156742,5
least_degree,9,exact_optimum,0.0,0.0,5
least_degree,9,absolute_gap,3.53,0.1348792345631352,5
least_degree,9,inference_time_seconds,0.0006186840859990751,3.004339309300845e-05,5
least_degree,9,first_loss_step,8.768,0.09910003438875908,5
least_degree,9,first_odd_cycle_step,8.768,0.09910003438875908,5
least_degree,9,parameter_count,0.0,0.0,5
least_degree,9,exact_rate,0.0,0.0,5
least_degree,9,unbalanced_bipartite_rate,0.0,0.0,5
least_degree,9,nonbipartite_rate,1.0,0.0,5
least_degree,9,odd_cycle_first_loss_rate,1.0,0.0,5
least_degree,9,partition_imbalance_first_loss_rate,0.0,0.0,5
least_degree,10,optimality_ratio,0.81088,0.020680024785925528,5
least_degree,10,exact_optimum,0.182,0.09513123605648978,5
least_degree,10,absolute_gap,4.728,0.5170006196481383,5
least_degree,10,inference_time_seconds,0.001000481671999252,0.0004787674093235823,5
least_degree,10,first_loss_step,12.193935713036836,0.10172545268376897,5
least_degree,10,first_odd_cycle_step,12.193935713036836,0.10172545268376897,5
least_degree,10,parameter_count,0.0,0.0,5
least_degree,10,exact_rate,0.182,0.09513123605648978,5
least_degree,10,unbalanced_bipartite_rate,0.0,0.0,5
least_degree,10,nonbipartite_rate,0.818,0.09513123605648978,5
least_degree,10,odd_cycle_first_loss_rate,0.818,0.09513123605648978,5
least_degree,10,partition_imbalance_first_loss_rate,0.0,0.0,5
least_degree,11,optimality_ratio,0.7872,0.006205560124249389,5
least_degree,11,exact_optimum,0.0,0.0,5
least_degree,11,absolute_gap,6.3839999999999995,0.1861668037274825,5
least_degree,11,inference_time_seconds,0.0010986336699897335,5.008012857626325e-05,5
least_degree,11,first_loss_step,10.729999999999999,0.13516469357993952,5
least_degree,11,first_odd_cycle_step,10.729999999999999,0.13516469357993952,5
least_degree,11,parameter_count,0.0,0.0,5
least_degree,11,exact_rate,0.0,0.0,5
least_degree,11,unbalanced_bipartite_rate,0.0,0.0,5
least_degree,11,nonbipartite_rate,1.0,0.0,5
least_degree,11,odd_cycle_first_loss_rate,1.0,0.0,5
least_degree,11,partition_imbalance_first_loss_rate,0.0,0.0,5
least_degree,12,optimality_ratio,0.7666666666666666,0.008556883454263163,5
least_degree,12,exact_optimum,0.048,0.028314295539645498,5
least_degree,12,absolute_gap,8.4,0.3080478043534745,5
least_degree,12,inference_time_seconds,0.0014715109239986646,6.737798501616324e-05,5
least_degree,12,first_loss_step,14.641696676332373,0.17783045004663536,5
least_degree,12,first_odd_cycle_step,14.641696676332373,0.17783045004663536,5
least_degree,12,parameter_count,0.0,0.0,5
least_degree,12,exact_rate,0.048,0.028314295539645498,5
least_degree,12,unbalanced_bipartite_rate,0.0,0.0,5
least_degree,12,nonbipartite_rate,0.9520000000000002,0.028314295539645484,5
least_degree,12,odd_cycle_first_loss_rate,0.9520000000000002,0.028314295539645484,5
least_degree,12,partition_imbalance_first_loss_rate,0.0,0.0,5
least_degree,13,optimality_ratio,0.7454761904761904,0.006350978628443072,5
least_degree,13,exact_optimum,0.0,0.0,5
least_degree,13,absolute_gap,10.690000000000001,0.26674110239461035,5
least_degree,13,inference_time_seconds,0.002131798749996906,0.0006034584335061063,5
least_degree,13,first_loss_step,12.648,0.09349655703152172,5
least_degree,13,first_odd_cycle_step,12.648,0.09349655703152172,5
least_degree,13,parameter_count,0.0,0.0,5
least_degree,13,exact_rate,0.0,0.0,5
least_degree,13,unbalanced_bipartite_rate,0.0,0.0,5
least_degree,13,nonbipartite_rate,1.0,0.0,5
least_degree,13,odd_cycle_first_loss_rate,1.0,0.0,5
least_degree,13,partition_imbalance_first_loss_rate,0.0,0.0,5
least_degree,14,optimality_ratio,0.7333877551020409,0.008911642321192943,5
least_degree,14,exact_optimum,0.013999999999999999,0.011105780420791196,5
least_degree,14,absolute_gap,13.063999999999998,0.43667047373845375,5
least_degree,14,inference_time_seconds,0.0023211366679933717,7.745180705357505e-05,5
least_degree,14,first_loss_step,16.719659039373326,0.21480381946988764,5
least_degree,14,first_odd_cycle_step,16.719659039373326,0.21480381946988764,5
least_degree,14,parameter_count,0.0,0.0,5
least_degree,14,exact_rate,0.013999999999999999,0.011105780420791196,5
least_degree,14,unbalanced_bipartite_rate,0.0,0.0,5
least_degree,14,nonbipartite_rate,0.986,0.011105780420791203,5
least_degree,14,odd_cycle_first_loss_rate,0.986,0.011105780420791203,5
least_degree,14,partition_imbalance_first_loss_rate,0.0,0.0,5
least_degree,15,optimality_ratio,0.7188928571428571,0.010623646938783262,5
least_degree,15,exact_optimum,0.0,0.0,5
least_degree,15,absolute_gap,15.742,0.5949242285718636,5
least_degree,15,inference_time_seconds,0.002883166837997082,7.106501379061211e-05,5
least_degree,15,first_loss_step,14.612,0.0983190920798692,5
least_degree,15,first_odd_cycle_step,14.612,0.0983190920798692,5
least_degree,15,parameter_count,0.0,0.0,5
least_degree,15,exact_rate,0.0,0.0,5
least_degree,15,unbalanced_bipartite_rate,0.0,0.0,5
least_degree,15,nonbipartite_rate,1.0,0.0,5
least_degree,15,odd_cycle_first_loss_rate,1.0,0.0,5
least_degree,15,partition_imbalance_first_loss_rate,0.0,0.0,5
least_degree,16,optimality_ratio,0.70028125,0.0032533573817668028,5
least_degree,16,exact_optimum,0.002,0.005552890210395598,5
least_degree,16,absolute_gap,19.182,0.20821487243307585,5
least_degree,16,inference_time_seconds,0.003876929496000168,0.0005574501926965398,5
least_degree,16,first_loss_step,18.76769696969697,0.24079427617599478,5
least_degree,16,first_odd_cycle_step,18.76769696969697,0.24079427617599478,5
least_degree,16,parameter_count,0.0,0.0,5
least_degree,16,exact_rate,0.002,0.005552890210395598,5
least_degree,16,unbalanced_bipartite_rate,0.0,0.0,5
least_degree,16,nonbipartite_rate,0.998,0.0055528902103956015,5
least_degree,16,odd_cycle_first_loss_rate,0.998,0.0055528902103956015,5
least_degree,16,partition_imbalance_first_loss_rate,0.0,0.0,5
least_degree,17,optimality_ratio,0.6910555555555555,0.006750617382888835,5
least_degree,17,exact_optimum,0.0,0.0,5
least_degree,17,absolute_gap,22.244000000000003,0.486044451567992,5
least_degree,17,inference_time_seconds,0.004399294830000093,0.00010021638585759919,5
least_degree,17,first_loss_step,16.554,0.1208949772010696,5
least_degree,17,first_odd_cycle_step,16.554,0.1208949772010696,5
least_degree,17,parameter_count,0.0,0.0,5
least_degree,17,exact_rate,0.0,0.0,5
least_degree,17,unbalanced_bipartite_rate,0.0,0.0,5
least_degree,17,nonbipartite_rate,1.0,0.0,5
least_degree,17,odd_cycle_first_loss_rate,1.0,0.0,5
least_degree,17,partition_imbalance_first_loss_rate,0.0,0.0,5
least_degree,20,optimality_ratio,0.65108,0.003781881069931544,5
least_degree,20,exact_optimum,0.0,0.0,5
least_degree,20,absolute_gap,34.891999999999996,0.37818810699315825,5
least_degree,20,inference_time_seconds,0.007825823911993147,0.0005516280871903023,5
least_degree,20,first_loss_step,22.686,0.3816577022535421,5
least_degree,20,first_odd_cycle_step,22.686,0.3816577022535421,5
least_degree,20,parameter_count,0.0,0.0,5
least_degree,20,exact_rate,0.0,0.0,5
least_degree,20,unbalanced_bipartite_rate,0.0,0.0,5
least_degree,20,nonbipartite_rate,1.0,0.0,5
least_degree,20,odd_cycle_first_loss_rate,1.0,0.0,5
least_degree,20,partition_imbalance_first_loss_rate,0.0,0.0,5
least_degree,23,optimality_ratio,0.6246363636363637,0.005577058212354406,5
least_degree,23,exact_optimum,0.0,0.0,5
least_degree,23,absolute_gap,49.547999999999995,0.7361716840307847,5
least_degree,23,inference_time_seconds,0.01238171808200782,0.0006080406601468136,5
least_degree,23,first_loss_step,22.464,0.1271114668190207,5
least_degree,23,first_odd_cycle_step,22.464,0.1271114668190207,5
least_degree,23,parameter_count,0.0,0.0,5
least_degree,23,exact_rate,0.0,0.0,5
least_degree,23,unbalanced_bipartite_rate,0.0,0.0,5
least_degree,23,nonbipartite_rate,1.0,0.0,5
least_degree,23,odd_cycle_first_loss_rate,1.0,0.0,5
least_degree,23,partition_imbalance_first_loss_rate,0.0,0.0,5
least_degree,24,optimality_ratio,0.6152222222222222,0.003953471503857061,5
least_degree,24,exact_optimum,0.0,0.0,5
least_degree,24,absolute_gap,55.408,0.56929989655541,5
least_degree,24,inference_time_seconds,0.014529529500003214,0.000781107222024784,5
least_degree,24,first_loss_step,26.742,0.08927900892444357,5
least_degree,24,first_odd_cycle_step,26.742,0.08927900892444357,5
least_degree,24,parameter_count,0.0,0.0,5
least_degree,24,exact_rate,0.0,0.0,5
least_degree,24,unbalanced_bipartite_rate,0.0,0.0,5
least_degree,24,nonbipartite_rate,1.0,0.0,5
least_degree,24,odd_cycle_first_loss_rate,1.0,0.0,5
least_degree,24,partition_imbalance_first_loss_rate,0.0,0.0,5
least_degree,25,optimality_ratio,0.6119743589743589,0.0039794535132331435,5
least_degree,25,exact_optimum,0.0,0.0,5
least_degree,25,absolute_gap,60.532000000000004,0.6207947480643712,5
least_degree,25,inference_time_seconds,0.016573411083998464,0.00045976695126168977,5
least_degree,25,first_loss_step,24.330000000000002,0.19235775946514086,5
least_degree,25,first_odd_cycle_step,24.330000000000002,0.19235775946514086,5
least_degree,25,parameter_count,0.0,0.0,5
least_degree,25,exact_rate,0.0,0.0,5
least_degree,25,unbalanced_bipartite_rate,0.0,0.0,5
least_degree,25,nonbipartite_rate,1.0,0.0,5
least_degree,25,odd_cycle_first_loss_rate,1.0,0.0,5
least_degree,25,partition_imbalance_first_loss_rate,0.0,0.0,5
least_degree,30,optimality_ratio,0.5728266666666666,0.0031640347219721856,5
least_degree,30,exact_optimum,0.0,0.0,5
least_degree,30,absolute_gap,96.114,0.7119078124437412,5
least_degree,30,inference_time_seconds,0.030706155500003617,0.0006371982991156932,5
least_degree,30,first_loss_step,32.628,0.1352787085252047,5
least_degree,30,first_odd_cycle_step,32.628,0.1352787085252047,5
least_degree,30,parameter_count,0.0,0.0,5
least_degree,30,exact_rate,0.0,0.0,5
least_degree,30,unbalanced_bipartite_rate,0.0,0.0,5
least_degree,30,nonbipartite_rate,1.0,0.0,5
least_degree,30,odd_cycle_first_loss_rate,1.0,0.0,5
least_degree,30,partition_imbalance_first_loss_rate,0.0,0.0,5
least_degree,40,optimality_ratio,0.519915,0.0019896430648651616,5
least_degree,40,exact_optimum,0.0,0.0,5
least_degree,40,absolute_gap,192.034,0.7958572259460729,5
least_degree,40,inference_time_seconds,0.0885554098280008,0.000606858503522127,5
least_degree,40,first_loss_step,42.721999999999994,0.1861253919143299,5
least_degree,40,first_odd_cycle_step,42.721999999999994,0.1861253919143299,5
least_degree,40,parameter_count,0.0,0.0,5
least_degree,40,exact_rate,0.0,0.0,5
least_degree,40,unbalanced_bipartite_rate,0.0,0.0,5
least_degree,40,nonbipartite_rate,1.0,0.0,5
least_degree,40,odd_cycle_first_loss_rate,1.0,0.0,5
least_degree,40,partition_imbalance_first_loss_rate,0.0,0.0,5
lookahead,6,optimality_ratio,1.0,0.0,5
lookahead,6,exact_optimum,1.0,0.0,5
lookahead,6,absolute_gap,0.0,0.0,5
lookahead,6,inference_time_seconds,0.00027215325200446484,1.6148034244280112e-05,5
lookahead,6,first_loss_step,,,0
lookahead,6,first_odd_cycle_step,,,0
lookahead,6,parameter_count,0.0,0.0,5
lookahead,6,exact_rate,1.0,0.0,5
lookahead,6,unbalanced_bipartite_rate,0.0,0.0,5
lookahead,6,nonbipartite_rate,0.0,0.0,5
lookahead,6,odd_cycle_first_loss_rate,0.0,0.0,5
lookahead,6,partition_imbalance_first_loss_rate,0.0,0.0,5
lookahead,7,optimality_ratio,1.0,0.0,5
lookahead,7,exact_optimum,1.0,0.0,5
lookahead,7,absolute_gap,0.0,0.0,5
lookahead,7,inference_time_seconds,0.000410838502011712,3.325796338570049e-05,5
lookahead,7,first_loss_step,,,0
lookahead,7,first_odd_cycle_step,,,0
lookahead,7,parameter_count,0.0,0.0,5
lookahead,7,exact_rate,1.0,0.0,5
lookahead,7,unbalanced_bipartite_rate,0.0,0.0,5
lookahead,7,nonbipartite_rate,0.0,0.0,5
lookahead,7,odd_cycle_first_loss_rate,0.0,0.0,5
lookahead,7,partition_imbalance_first_loss_rate,0.0,0.0,5
lookahead,8,optimality_ratio,1.0,0.0,5
lookahead,8,exact_optimum,1.0,0.0,5
lookahead,8,absolute_gap,0.0,0.0,5
lookahead,8,inference_time_seconds,0.0006035435859921039,2.4406317649498996e-05,5
lookahead,8,first_loss_step,,,0
lookahead,8,first_odd_cycle_step,,,0
lookahead,8,parameter_count,0.0,0.0,5
lookahead,8,exact_rate,1.0,0.0,5
lookahead,8,unbalanced_bipartite_rate,0.0,0.0,5
lookahead,8,nonbipartite_rate,0.0,0.0,5
lookahead,8,odd_cycle_first_loss_rate,0.0,0.0,5
lookahead,8,partition_imbalance_first_loss_rate,0.0,0.0,5
lookahead,9,optimality_ratio,1.0,0.0,5
lookahead,9,exact_optimum,1.0,0.0,5
lookahead,9,absolute_gap,0.0,0.0,5
lookahead,9,inference_time_seconds,0.0008563629179988728,2.8374967324262598e-05,5
lookahead,9,first_loss_step,,,0
lookahead,9,first_odd_cycle_step,,,0
lookahead,9,parameter_count,0.0,0.0,5
lookahead,9,exact_rate,1.0,0.0,5
lookahead,9,unbalanced_bipartite_rate,0.0,0.0,5
lookahead,9,nonbipartite_rate,0.0,0.0,5
lookahead,9,odd_cycle_first_loss_rate,0.0,0.0,5
lookahead,9,partition_imbalance_first_loss_rate,0.0,0.0,5
lookahead,10,optimality_ratio,1.0,0.0,5
lookahead,10,exact_optimum,1.0,0.0,5
lookahead,10,absolute_gap,0.0,0.0,5
lookahead,10,inference_time_seconds,0.0015573972500059815,0.0005509462895309597,5
lookahead,10,first_loss_step,,,0
lookahead,10,first_odd_cycle_step,,,0
lookahead,10,parameter_count,0.0,0.0,5
lookahead,10,exact_rate,1.0,0.0,5
lookahead,10,unbalanced_bipartite_rate,0.0,0.0,5
lookahead,10,nonbipartite_rate,0.0,0.0,5
lookahead,10,odd_cycle_first_loss_rate,0.0,0.0,5
lookahead,10,partition_imbalance_first_loss_rate,0.0,0.0,5
lookahead,11,optimality_ratio,1.0,0.0,5
lookahead,11,exact_optimum,1.0,0.0,5
lookahead,11,absolute_gap,0.0,0.0,5
lookahead,11,inference_time_seconds,0.0019167539160043442,0.00047173170337351403,5
lookahead,11,first_loss_step,,,0
lookahead,11,first_odd_cycle_step,,,0
lookahead,11,parameter_count,0.0,0.0,5
lookahead,11,exact_rate,1.0,0.0,5
lookahead,11,unbalanced_bipartite_rate,0.0,0.0,5
lookahead,11,nonbipartite_rate,0.0,0.0,5
lookahead,11,odd_cycle_first_loss_rate,0.0,0.0,5
lookahead,11,partition_imbalance_first_loss_rate,0.0,0.0,5
lookahead,12,optimality_ratio,1.0,0.0,5
lookahead,12,exact_optimum,1.0,0.0,5
lookahead,12,absolute_gap,0.0,0.0,5
lookahead,12,inference_time_seconds,0.002309425491992396,6.105985798809924e-05,5
lookahead,12,first_loss_step,,,0
lookahead,12,first_odd_cycle_step,,,0
lookahead,12,parameter_count,0.0,0.0,5
lookahead,12,exact_rate,1.0,0.0,5
lookahead,12,unbalanced_bipartite_rate,0.0,0.0,5
lookahead,12,nonbipartite_rate,0.0,0.0,5
lookahead,12,odd_cycle_first_loss_rate,0.0,0.0,5
lookahead,12,partition_imbalance_first_loss_rate,0.0,0.0,5
lookahead,13,optimality_ratio,1.0,0.0,5
lookahead,13,exact_optimum,1.0,0.0,5
lookahead,13,absolute_gap,0.0,0.0,5
lookahead,13,inference_time_seconds,0.003071930088000905,0.00012082432209480731,5
lookahead,13,first_loss_step,,,0
lookahead,13,first_odd_cycle_step,,,0
lookahead,13,parameter_count,0.0,0.0,5
lookahead,13,exact_rate,1.0,0.0,5
lookahead,13,unbalanced_bipartite_rate,0.0,0.0,5
lookahead,13,nonbipartite_rate,0.0,0.0,5
lookahead,13,odd_cycle_first_loss_rate,0.0,0.0,5
lookahead,13,partition_imbalance_first_loss_rate,0.0,0.0,5
lookahead,14,optimality_ratio,1.0,0.0,5
lookahead,14,exact_optimum,1.0,0.0,5
lookahead,14,absolute_gap,0.0,0.0,5
lookahead,14,inference_time_seconds,0.004280377245995573,0.0004871931098505523,5
lookahead,14,first_loss_step,,,0
lookahead,14,first_odd_cycle_step,,,0
lookahead,14,parameter_count,0.0,0.0,5
lookahead,14,exact_rate,1.0,0.0,5
lookahead,14,unbalanced_bipartite_rate,0.0,0.0,5
lookahead,14,nonbipartite_rate,0.0,0.0,5
lookahead,14,odd_cycle_first_loss_rate,0.0,0.0,5
lookahead,14,partition_imbalance_first_loss_rate,0.0,0.0,5
lookahead,15,optimality_ratio,1.0,0.0,5
lookahead,15,exact_optimum,1.0,0.0,5
lookahead,15,absolute_gap,0.0,0.0,5
lookahead,15,inference_time_seconds,0.005469455830007006,0.0005017694134101018,5
lookahead,15,first_loss_step,,,0
lookahead,15,first_odd_cycle_step,,,0
lookahead,15,parameter_count,0.0,0.0,5
lookahead,15,exact_rate,1.0,0.0,5
lookahead,15,unbalanced_bipartite_rate,0.0,0.0,5
lookahead,15,nonbipartite_rate,0.0,0.0,5
lookahead,15,odd_cycle_first_loss_rate,0.0,0.0,5
lookahead,15,partition_imbalance_first_loss_rate,0.0,0.0,5
lookahead,16,optimality_ratio,1.0,0.0,5
lookahead,16,exact_optimum,1.0,0.0,5
lookahead,16,absolute_gap,0.0,0.0,5
lookahead,16,inference_time_seconds,0.00682622192200138,6.358290430371611e-05,5
lookahead,16,first_loss_step,,,0
lookahead,16,first_odd_cycle_step,,,0
lookahead,16,parameter_count,0.0,0.0,5
lookahead,16,exact_rate,1.0,0.0,5
lookahead,16,unbalanced_bipartite_rate,0.0,0.0,5
lookahead,16,nonbipartite_rate,0.0,0.0,5
lookahead,16,odd_cycle_first_loss_rate,0.0,0.0,5
lookahead,16,partition_imbalance_first_loss_rate,0.0,0.0,5
lookahead,17,optimality_ratio,1.0,0.0,5
lookahead,17,exact_optimum,1.0,0.0,5
lookahead,17,absolute_gap,0.0,0.0,5
lookahead,17,inference_time_seconds,0.008715288833995093,0.0004945731286653739,5
lookahead,17,first_loss_step,,,0
lookahead,17,first_odd_cycle_step,,,0
lookahead,17,parameter_count,0.0,0.0,5
lookahead,17,exact_rate,1.0,0.0,5
lookahead,17,unbalanced_bipartite_rate,0.0,0.0,5
lookahead,17,nonbipartite_rate,0.0,0.0,5
lookahead,17,odd_cycle_first_loss_rate,0.0,0.0,5
lookahead,17,partition_imbalance_first_loss_rate,0.0,0.0,5
lookahead,20,optimality_ratio,1.0,0.0,5
lookahead,20,exact_optimum,1.0,0.0,5
lookahead,20,absolute_gap,0.0,0.0,5
lookahead,20,inference_time_seconds,0.01627357983199903,0.0005963139670889365,5
lookahead,20,first_loss_step,,,0
lookahead,20,first_odd_cycle_step,,,0
lookahead,20,parameter_count,0.0,0.0,5
lookahead,20,exact_rate,1.0,0.0,5
lookahead,20,unbalanced_bipartite_rate,0.0,0.0,5
lookahead,20,nonbipartite_rate,0.0,0.0,5
lookahead,20,odd_cycle_first_loss_rate,0.0,0.0,5
lookahead,20,partition_imbalance_first_loss_rate,0.0,0.0,5
lookahead,23,optimality_ratio,1.0,0.0,5
lookahead,23,exact_optimum,1.0,0.0,5
lookahead,23,absolute_gap,0.0,0.0,5
lookahead,23,inference_time_seconds,0.028248982000008204,0.0005189083032644824,5
lookahead,23,first_loss_step,,,0
lookahead,23,first_odd_cycle_step,,,0
lookahead,23,parameter_count,0.0,0.0,5
lookahead,23,exact_rate,1.0,0.0,5
lookahead,23,unbalanced_bipartite_rate,0.0,0.0,5
lookahead,23,nonbipartite_rate,0.0,0.0,5
lookahead,23,odd_cycle_first_loss_rate,0.0,0.0,5
lookahead,23,partition_imbalance_first_loss_rate,0.0,0.0,5
lookahead,24,optimality_ratio,1.0,0.0,5
lookahead,24,exact_optimum,1.0,0.0,5
lookahead,24,absolute_gap,0.0,0.0,5
lookahead,24,inference_time_seconds,0.03267892191600909,0.0007149663718366268,5
lookahead,24,first_loss_step,,,0
lookahead,24,first_odd_cycle_step,,,0
lookahead,24,parameter_count,0.0,0.0,5
lookahead,24,exact_rate,1.0,0.0,5
lookahead,24,unbalanced_bipartite_rate,0.0,0.0,5
lookahead,24,nonbipartite_rate,0.0,0.0,5
lookahead,24,odd_cycle_first_loss_rate,0.0,0.0,5
lookahead,24,partition_imbalance_first_loss_rate,0.0,0.0,5
lookahead,25,optimality_ratio,1.0,0.0,5
lookahead,25,exact_optimum,1.0,0.0,5
lookahead,25,absolute_gap,0.0,0.0,5
lookahead,25,inference_time_seconds,0.03827486591201155,0.0004738172440497257,5
lookahead,25,first_loss_step,,,0
lookahead,25,first_odd_cycle_step,,,0
lookahead,25,parameter_count,0.0,0.0,5
lookahead,25,exact_rate,1.0,0.0,5
lookahead,25,unbalanced_bipartite_rate,0.0,0.0,5
lookahead,25,nonbipartite_rate,0.0,0.0,5
lookahead,25,odd_cycle_first_loss_rate,0.0,0.0,5
lookahead,25,partition_imbalance_first_loss_rate,0.0,0.0,5
lookahead,30,optimality_ratio,1.0,0.0,5
lookahead,30,exact_optimum,1.0,0.0,5
lookahead,30,absolute_gap,0.0,0.0,5
lookahead,30,inference_time_seconds,0.07776082933600624,0.0007788173468053386,5
lookahead,30,first_loss_step,,,0
lookahead,30,first_odd_cycle_step,,,0
lookahead,30,parameter_count,0.0,0.0,5
lookahead,30,exact_rate,1.0,0.0,5
lookahead,30,unbalanced_bipartite_rate,0.0,0.0,5
lookahead,30,nonbipartite_rate,0.0,0.0,5
lookahead,30,odd_cycle_first_loss_rate,0.0,0.0,5
lookahead,30,partition_imbalance_first_loss_rate,0.0,0.0,5
lookahead,40,optimality_ratio,1.0,0.0,5
lookahead,40,exact_optimum,1.0,0.0,5
lookahead,40,absolute_gap,0.0,0.0,5
lookahead,40,inference_time_seconds,0.25101004582999664,0.030851647843844116,5
lookahead,40,first_loss_step,,,0
lookahead,40,first_odd_cycle_step,,,0
lookahead,40,parameter_count,0.0,0.0,5
lookahead,40,exact_rate,1.0,0.0,5
lookahead,40,unbalanced_bipartite_rate,0.0,0.0,5
lookahead,40,nonbipartite_rate,0.0,0.0,5
lookahead,40,odd_cycle_first_loss_rate,0.0,0.0,5
lookahead,40,partition_imbalance_first_loss_rate,0.0,0.0,5
mlp,6,optimality_ratio,0.9880000000000001,0.005378774949264685,5
mlp,6,exact_optimum,0.8959999999999999,0.04695394725411882,5
mlp,6,absolute_gap,0.10800000000000001,0.048408974543381424,5
mlp,6,inference_time_seconds,0.0014936845859974072,0.0006244837037948721,5
mlp,6,first_loss_step,5.606428571428571,0.27640936148018036,5
mlp,6,first_odd_cycle_step,6.0,,2
mlp,6,parameter_count,37990.0,0.0,5
mlp,6,exact_rate,0.8959999999999999,0.04695394725411882,5
mlp,6,unbalanced_bipartite_rate,0.1,0.046458812707703884,5
mlp,6,nonbipartite_rate,0.004,0.00680087380658257,5
mlp,6,odd_cycle_first_loss_rate,0.002,0.005552890210395598,5
mlp,6,partition_imbalance_first_loss_rate,0.10200000000000001,0.04424925361215611,5
mlp,7,optimality_ratio,0.9971666666666665,0.0035543799189968104,5
mlp,7,exact_optimum,0.984,0.02077701267367141,5
mlp,7,absolute_gap,0.034,0.04265255902796136,5
mlp,7,inference_time_seconds,0.001891509166000048,0.0004128540907086042,5
mlp,7,first_loss_step,6.583333333333333,,3
mlp,7,first_odd_cycle_step,6.583333333333333,,3
mlp,7,parameter_count,37990.0,0.0,5
mlp,7,exact_rate,0.984,0.02077701267367141,5
mlp,7,unbalanced_bipartite_rate,0.0,0.0,5
mlp,7,nonbipartite_rate,0.016,0.02077701267367139,5
mlp,7,odd_cycle_first_loss_rate,0.016,0.02077701267367139,5
mlp,7,partition_imbalance_first_loss_rate,0.0,0.0,5
mlp,8,optimality_ratio,0.9824999999999999,0.004815201561151546,5
mlp,8,exact_optimum,0.794,0.06367690746310631,5
mlp,8,absolute_gap,0.27999999999999997,0.0770432249784246,5
mlp,8,inference_time_seconds,0.002710015170001444,0.00015794467214485874,5
mlp,8,first_loss_step,8.268134502923976,0.9297366884763815,5
mlp,8,first_odd_cycle_step,6.796666666666667,1.2144986037104042,5
mlp,8,parameter_count,37990.0,0.0,5
mlp,8,exact_rate,0.794,0.06367690746310631,5
mlp,8,unbalanced_bipartite_rate,0.172,0.06294636427148817,5
mlp,8,nonbipartite_rate,0.034,0.014157147769822749,5
mlp,8,odd_cycle_first_loss_rate,0.028000000000000004,0.018416853329919852,5
mlp,8,partition_imbalance_first_loss_rate,0.178,0.055110861763700135,5
mlp,9,optimality_ratio,0.9936,0.0032079657586398646,5
mlp,9,exact_optimum,0.958,0.02040262141974767,5
mlp,9,absolute_gap,0.128,0.06415931517279794,5
mlp,9,inference_time_seconds,0.003738353663995396,0.00014263088465738067,5
mlp,9,first_loss_step,8.957142857142857,2.455224495700956,5
mlp,9,first_odd_cycle_step,8.733333333333333,2.056985881914319,5
mlp,9,parameter_count,37990.0,0.0,5
mlp,9,exact_rate,0.958,0.02040262141974767,5
mlp,9,unbalanced_bipartite_rate,0.008,0.010388506336835695,5
mlp,9,nonbipartite_rate,0.033999999999999996,0.02255594666299044,5
mlp,9,odd_cycle_first_loss_rate,0.031999999999999994,0.023883883880999844,5
mlp,9,partition_imbalance_first_loss_rate,0.01,0.012416639982037665,5
mlp,10,optimality_ratio,0.98112,0.005775005818811429,5
mlp,10,exact_optimum,0.728,0.06709582769853326,5
mlp,10,absolute_gap,0.4720000000000001,0.14437514547028554,5
mlp,10,inference_time_seconds,0.0052266319179979735,0.0003603865645146125,5
mlp,10,first_loss_step,11.218519716218445,1.4032331996800043,5
mlp,10,first_odd_cycle_step,8.294444444444444,1.6187848161836238,5
mlp,10,parameter_count,37990.0,0.0,5
mlp,10,exact_rate,0.728,0.06709582769853326,5
mlp,10,unbalanced_bipartite_rate,0.21399999999999997,0.06367690746310632,5
mlp,10,nonbipartite_rate,0.05800000000000001,0.0296443216506662,5
mlp,10,odd_cycle_first_loss_rate,0.048,0.03331734126237358,5
mlp,10,partition_imbalance_first_loss_rate,0.22400000000000003,0.06946663433823957,5
mlp,11,optimality_ratio,0.9855333333333334,0.0041139717638286446,5
mlp,11,exact_optimum,0.8859999999999999,0.04080524283949545,5
mlp,11,absolute_gap,0.434,0.12341915291485918,5
mlp,11,inference_time_seconds,0.007842042919999534,0.0010076560875350291,5
mlp,11,first_loss_step,10.389285714285714,1.2901608583918571,5
mlp,11,first_odd_cycle_step,9.396666666666667,1.1071407280757661,5
mlp,11,parameter_count,37990.0,0.0,5
mlp,11,exact_rate,0.8859999999999999,0.04080524283949545,5
mlp,11,unbalanced_bipartite_rate,0.036,0.028585251909870275,5
mlp,11,nonbipartite_rate,0.078,0.020402621419747705,5
mlp,11,odd_cycle_first_loss_rate,0.078,0.020402621419747705,5
mlp,11,partition_imbalance_first_loss_rate,0.036,0.028585251909870275,5
mlp,12,optimality_ratio,0.975388888888889,0.0038220887885367888,5
mlp,12,exact_optimum,0.5980000000000001,0.06935557649849315,5
mlp,12,absolute_gap,0.8859999999999999,0.137595196387324,5
mlp,12,inference_time_seconds,0.009627828819995504,0.0004896002918576268,5
mlp,12,first_loss_step,13.900294286247535,1.6524492936792703,5
mlp,12,first_odd_cycle_step,10.896017316017318,1.3940237074810584,5
mlp,12,parameter_count,37990.0,0.0,5
mlp,12,exact_rate,0.5980000000000001,0.06935557649849315,5
mlp,12,unbalanced_bipartite_rate,0.3,0.08823680579213292,5
mlp,12,nonbipartite_rate,0.10200000000000001,0.03555584589398764,5
mlp,12,odd_cycle_first_loss_rate,0.092,0.02691863402337906,5
mlp,12,partition_imbalance_first_loss_rate,0.31,0.07998860769138787,5
mlp,13,optimality_ratio,0.9763333333333334,0.004891831852015183,5
mlp,13,exact_optimum,0.8039999999999999,0.02990322893890405,5
mlp,13,absolute_gap,0.9940000000000001,0.20545693778463708,5
mlp,13,inference_time_seconds,0.014214212168002588,0.004217422896614301,5
mlp,13,first_loss_step,12.748334390964624,1.6044785135304265,5
mlp,13,first_odd_cycle_step,11.874545454545453,2.5425801497674034,5
mlp,13,parameter_count,37990.0,0.0,5
mlp,13,exact_rate,0.8039999999999999,0.02990322893890405,5
mlp,13,unbalanced_bipartite_rate,0.054000000000000006,0.028585251909870282,5
mlp,13,nonbipartite_rate,0.142,0.03867140545548224,5
mlp,13,odd_cycle_first_loss_rate,0.13,0.04966655992815066,5
mlp,13,partition_imbalance_first_loss_rate,0.066,0.04695394725411879,5
mlp,14,optimality_ratio,0.9677142857142856,0.007494412134781816,5
mlp,14,exact_optimum,0.528,0.02388388388099987,5
mlp,14,absolute_gap,1.5820000000000003,0.36722619460430816,5
mlp,14,inference_time_seconds,0.0182076734979982,0.0036840178287406056,5
mlp,14,first_loss_step,16.23389551178305,1.8256045726477281,5
mlp,14,first_odd_cycle_step,12.767201204592508,1.9601503303840204,5
mlp,14,parameter_count,37990.0,0.0,5
mlp,14,exact_rate,0.528,0.02388388388099987,5
mlp,14,unbalanced_bipartite_rate,0.29400000000000004,0.08123178068578425,5
mlp,14,nonbipartite_rate,0.178,0.06294636427148817,5
mlp,14,odd_cycle_first_loss_rate,0.152,0.06475727138834825,5
mlp,14,partition_imbalance_first_loss_rate,0.31999999999999995,0.07803737222331159,5
mlp,15,optimality_ratio,0.9649285714285714,0.005544473043803565,5
mlp,15,exact_optimum,0.6960000000000001,0.022555946662990416,5
mlp,15,absolute_gap,1.964,0.31049049045299804,5
mlp,15,inference_time_seconds,0.022884850924003285,0.003766569391563008,5
mlp,15,first_loss_step,14.78167434715822,2.191613491458294,5
mlp,15,first_odd_cycle_step,13.8834669365722,2.104812728055168,5
mlp,15,parameter_count,37990.0,0.0,5
mlp,15,exact_rate,0.6960000000000001,0.022555946662990416,5
mlp,15,unbalanced_bipartite_rate,0.05600000000000001,0.04612577032983624,5
mlp,15,nonbipartite_rate,0.248,0.04919873261135412,5
mlp,15,odd_cycle_first_loss_rate,0.236,0.0538372680467581,5
mlp,15,partition_imbalance_first_loss_rate,0.068,0.05297119652860751,5
mlp,16,optimality_ratio,0.9594687500000001,0.009811037921710135,5
mlp,16,exact_optimum,0.45999999999999996,0.04728115642019849,5
mlp,16,absolute_gap,2.5940000000000003,0.6279064269894483,5
mlp,16,inference_time_seconds,0.02806813874200083,0.003172212086949995,5
mlp,16,first_loss_step,18.32429881122375,2.119943419811414,5
mlp,16,first_odd_cycle_step,13.850378787878787,2.048183470191248,5
mlp,16,parameter_count,37990.0,0.0,5
mlp,16,exact_rate,0.45999999999999996,0.04728115642019849,5
mlp,16,unbalanced_bipartite_rate,0.284,0.08123178068578428,5
mlp,16,nonbipartite_rate,0.256,0.0797956312758916,5
mlp,16,odd_cycle_first_loss_rate,0.22999999999999998,0.05043663003530616,5
mlp,16,partition_imbalance_first_loss_rate,0.31,0.05552890210395598,5
mlp,17,optimality_ratio,0.9568888888888889,0.00837118392903577,5
mlp,17,exact_optimum,0.638,0.06170957645742956,5
mlp,17,absolute_gap,3.104,0.6027252428905765,5
mlp,17,inference_time_seconds,0.03329281266600442,0.001809391109675697,5
mlp,17,first_loss_step,16.02595384242243,0.7158543188215816,5
mlp,17,first_odd_cycle_step,15.213391491875262,1.32071253208328,5
mlp,17,parameter_count,37990.0,0.0,5
mlp,17,exact_rate,0.638,0.06170957645742956,5
mlp,17,unbalanced_bipartite_rate,0.05,0.023229406353851945,5
mlp,17,nonbipartite_rate,0.312,0.04595834411373464,5
mlp,17,odd_cycle_first_loss_rate,0.29600000000000004,0.04173912214472126,5
mlp,17,partition_imbalance_first_loss_rate,0.066,0.03984948392348919,5
mlp,20,optimality_ratio,0.9416800000000001,0.007295977926851184,5
mlp,20,exact_optimum,0.292,0.04678948458679808,5
mlp,20,absolute_gap,5.832,0.7295977926851189,5
mlp,20,inference_time_seconds,0.05923982467200217,0.0020775871027820052,5
mlp,20,first_loss_step,21.73663147112672,2.4197506353457436,5
mlp,20,first_odd_cycle_step,17.710374874471764,0.6447949205423514,5
mlp,20,parameter_count,37990.0,0.0,5
mlp,20,exact_rate,0.292,0.04678948458679808,5
mlp,20,unbalanced_bipartite_rate,0.272,0.03331734126237358,5
mlp,20,nonbipartite_rate,0.43600000000000005,0.06427935141463992,5
mlp,20,odd_cycle_first_loss_rate,0.394,0.06487620127988802,5
mlp,20,partition_imbalance_first_loss_rate,0.31400000000000006,0.03354791384926662,5
mlp,23,optimality_ratio,0.9266818181818183,0.005061822837341907,5
mlp,23,exact_optimum,0.33999999999999997,0.032851341511493166,5
mlp,23,absolute_gap,9.678,0.6681606145291322,5
mlp,23,inference_time_seconds,0.09651807267399995,0.002789946491031862,5
mlp,23,first_loss_step,20.86875466233403,1.3022545424278074,5
mlp,23,first_odd_cycle_step,19.48506599525924,1.972929623673407,5
mlp,23,parameter_count,37990.0,0.0,5
mlp,23,exact_rate,0.33999999999999997,0.032851341511493166,5
mlp,23,unbalanced_bipartite_rate,0.07400000000000001,0.014157147769822746,5
mlp,23,nonbipartite_rate,0.586,0.031165519010507067,5
mlp,23,odd_cycle_first_loss_rate,0.5719999999999998,0.04678948458679807,5
mlp,23,partition_imbalance_first_loss_rate,0.088,0.023883883880999848,5
mlp,24,optimality_ratio,0.9202916666666667,0.014803689835090115,5
mlp,24,exact_optimum,0.2,0.056218728579473354,5
mlp,24,absolute_gap,11.478000000000002,2.1317313362529813,5
mlp,24,inference_time_seconds,0.11328404858200336,0.01102951785845044,5
mlp,24,first_loss_step,24.461883606074007,1.9289154854735515,5
mlp,24,first_odd_cycle_step,20.551785653141586,1.721881765888494,5
mlp,24,parameter_count,37990.0,0.0,5
mlp,24,exact_rate,0.2,0.056218728579473354,5
mlp,24,unbalanced_bipartite_rate,0.21400000000000002,0.07056760046031198,5
mlp,24,nonbipartite_rate,0.586,0.11264294765720151,5
mlp,24,odd_cycle_first_loss_rate,0.5439999999999999,0.12310646137388408,5
mlp,24,partition_imbalance_first_loss_rate,0.256,0.08849850722431224,5
random,6,optimality_ratio,0.8966666666666667,0.009099262795599462,5
random,6,exact_optimum,0.41200000000000003,0.06534975647916337,5
random,6,absolute_gap,0.9299999999999999,0.0818933651603952,5
random,6,inference_time_seconds,0.00020713924999284,1.955102292016149e-05,5
random,6,first_loss_step,5.439590392308567,0.06413424553408623,5
random,6,first_odd_cycle_step,6.189445530334375,0.08399571566733575,5
random,6,parameter_count,0.0,0.0,5
random,6,exact_rate,0.41200000000000003,0.06534975647916337,5
random,6,unbalanced_bipartite_rate,0.252,0.04919873261135412,5
random,6,nonbipartite_rate,0.336,0.0398494839234892,5
random,6,odd_cycle_first_loss_rate,0.21400000000000002,0.028585251909870275,5
random,6,partition_imbalance_first_loss_rate,0.37399999999999994,0.050893079429834155,5
random,7,optimality_ratio,0.9006666666666667,0.024149132290771494,5
random,7,exact_optimum,0.476,0.12025565501881277,5
random,7,absolute_gap,1.192,0.28978958748925787,5
random,7,inference_time_seconds,0.00031931266599345205,2.6707648998861756e-05,5
random,7,first_loss_step,7.156943627611542,0.10120359830678607,5
random,7,first_odd_cycle_step,7.3746197734677,0.12615912583052966,5
random,7,parameter_count,0.0,0.0,5
random,7,exact_rate,0.476,0.12025565501881277,5
random,7,unbalanced_bipartite_rate,0.036,0.018830766883484416,5
random,7,nonbipartite_rate,0.488,0.11223159041837068,5
random,7,odd_cycle_first_loss_rate,0.43200000000000005,0.09948820678892062,5
random,7,partition_imbalance_first_loss_rate,0.092,0.03662382628097133,5
random,8,optimality_ratio,0.858375,0.014730457568340547,5
random,8,exact_optimum,0.198,0.05784075536526765,5
random,8,absolute_gap,2.2659999999999996,0.23568732109344814,5
random,8,inference_time_seconds,0.00039597083798793766,3.246436210010513e-05,5
random,8,first_loss_step,7.619298711631755,0.13714592665695824,5
random,8,first_odd_cycle_step,8.51332235839278,0.26889806192822613,5
random,8,parameter_count,0.0,0.0,5
random,8,exact_rate,0.198,0.05784075536526765,5
random,8,unbalanced_bipartite_rate,0.178,0.06294636427148817,5
random,8,nonbipartite_rate,0.624,0.07218757273514273,5
random,8,odd_cycle_first_loss_rate,0.372,0.07418877448397596,5
random,8,partition_imbalance_first_loss_rate,0.43,0.062083199910188305,5
random,9,optimality_ratio,0.8452,0.015128441491588901,5
random,9,exact_optimum,0.196,0.05993521251096384,5
random,9,absolute_gap,3.096,0.30256882983177874,5
random,9,inference_time_seconds,0.0005415395840026903,3.847162189805313e-05,5
random,9,first_loss_step,9.58009194849677,0.21307649561221517,5
random,9,first_odd_cycle_step,9.851633913385168,0.1526498634579823,5
random,9,parameter_count,0.0,0.0,5
random,9,exact_rate,0.196,0.05993521251096384,5
random,9,unbalanced_bipartite_rate,0.016,0.011105780420791193,5
random,9,nonbipartite_rate,0.788,0.06823505728725372,5
random,9,odd_cycle_first_loss_rate,0.704,0.09480655512282983,5
random,9,partition_imbalance_first_loss_rate,0.1,0.05194253168417848,5
random,10,optimality_ratio,0.8149599999999999,0.008957897979207638,5
random,10,exact_optimum,0.07,0.023229406353851942,5
random,10,absolute_gap,4.6259999999999994,0.2239474494801903,5
random,10,inference_time_seconds,0.0007462117520044048,6.268480924057615e-05,5
random,10,first_loss_step,9.810948648216286,0.2242502898966994,5
random,10,first_odd_cycle_step,10.77811324764813,0.42554882257076204,5
random,10,parameter_count,0.0,0.0,5
random,10,exact_rate,0.07,0.023229406353851942,5
random,10,unbalanced_bipartite_rate,0.072,0.03445477765151343,5
random,10,nonbipartite_rate,0.858,0.04336945896608744,5
random,10,odd_cycle_first_loss_rate,0.562,0.030917184224148273,5
random,10,partition_imbalance_first_loss_rate,0.36800000000000005,0.04511189332598088,5
random,11,optimality_ratio,0.7908000000000001,0.006301436295640314,5
random,11,exact_optimum,0.036000000000000004,0.0068008738065825705,5
random,11,absolute_gap,6.276,0.1890430888692091,5
random,11,inference_time_seconds,0.001132972413990455,0.0004961834013873205,5
random,11,first_loss_step,11.350515463917526,0.16495916166204466,5
random,11,first_odd_cycle_step,11.654649656742205,0.21053901394032806,5
random,11,parameter_count,0.0,0.0,5
random,11,exact_rate,0.036000000000000004,0.0068008738065825705,5
random,11,unbalanced_bipartite_rate,0.01,0.008779890330850844,5
random,11,nonbipartite_rate,0.954,0.014157147769822761,5
random,11,odd_cycle_first_loss_rate,0.834,0.044423121683164764,5
random,11,partition_imbalance_first_loss_rate,0.13,0.04023451203453487,5
random,12,optimality_ratio,0.7714444444444444,0.007091166981301524,5
random,12,exact_optimum,0.016,0.01883076688348442,5
random,12,absolute_gap,8.228,0.2552820113268514,5
random,12,inference_time_seconds,0.0012920238320038569,3.085387530541183e-05,5
random,12,first_loss_step,11.431106679035251,0.3408416414500441,5
random,12,first_odd_cycle_step,12.345563144612685,0.44203026721708794,5
random,12,parameter_count,0.0,0.0,5
random,12,exact_rate,0.016,0.01883076688348442,5
random,12,unbalanced_bipartite_rate,0.028000000000000004,0.026918634023379052,5
random,12,nonbipartite_rate,0.9560000000000001,0.031165519010507046,5
random,12,odd_cycle_first_loss_rate,0.654,0.06834793587109379,5
random,12,partition_imbalance_first_loss_rate,0.33,0.054122878900028856,5
random,13,optimality_ratio,0.7662857142857142,0.008005632338925962,5
random,13,exact_optimum,0.02,0.008779890330850844,5
random,13,absolute_gap,9.816,0.3362365582348905,5
random,13,inference_time_seconds,0.001737540246001985,0.0004319558821593976,5
random,13,first_loss_step,12.971733960688306,0.1972760981235941,5
random,13,first_odd_cycle_step,13.2697853774437,0.3793859972132014,5
random,13,parameter_count,0.0,0.0,5
random,13,exact_rate,0.02,0.008779890330850844,5
random,13,unbalanced_bipartite_rate,0.0,0.0,5
random,13,nonbipartite_rate,0.9800000000000001,0.008779890330850852,5
random,13,odd_cycle_first_loss_rate,0.882,0.056492300650453305,5
random,13,partition_imbalance_first_loss_rate,0.098,0.05915848146857958,5
random,14,optimality_ratio,0.743673469387755,0.013070422930202233,5
random,14,exact_optimum,0.002,0.005552890210395598,5
random,14,absolute_gap,12.560000000000002,0.6404507235799085,5
random,14,inference_time_seconds,0.0021844754979865257,0.000515748730912204,5
random,14,first_loss_step,13.217111111111112,0.31574407238575164,5
random,14,first_odd_cycle_step,13.979785145729846,0.27983154125215676,5
random,14,parameter_count,0.0,0.0,5
random,14,exact_rate,0.002,0.005552890210395598,5
random,14,unbalanced_bipartite_rate,0.018,0.030917184224148304,5
random,14,nonbipartite_rate,0.9800000000000001,0.03620041521543719,5
random,14,odd_cycle_first_loss_rate,0.752,0.06170957645742959,5
random,14,partition_imbalance_first_loss_rate,0.246,0.06367690746310632,5
random,15,optimality_ratio,0.7304642857142858,0.0078055639619883654,5
random,15,exact_optimum,0.004,0.00680087380658257,5
random,15,absolute_gap,15.094,0.43711158187135063,5
random,15,inference_time_seconds,0.0028227627440027886,0.0005387350408271527,5
random,15,first_loss_step,14.360989898989896,0.387977757252873,5
random,15,first_odd_cycle_step,14.648282828282827,0.5077342765964578,5
random,15,parameter_count,0.0,0.0,5
random,15,exact_rate,0.004,0.00680087380658257,5
random,15,unbalanced_bipartite_rate,0.0,0.0,5
random,15,nonbipartite_rate,0.9960000000000001,0.006800873806582576,5
random,15,odd_cycle_first_loss_rate,0.8779999999999999,0.08208140987448093,5
random,15,partition_imbalance_first_loss_rate,0.118,0.08161048567899085,5
random,16,optimality_ratio,0.715625,0.00915451761701175,5
random,16,exact_optimum,0.0,0.0,5
random,16,absolute_gap,18.2,0.5858891274887553,5
random,16,inference_time_seconds,0.0032752531599944184,0.00040485567741263903,5
random,16,first_loss_step,14.569999999999999,0.33879456919527634,5
random,16,first_odd_cycle_step,15.373999999999999,0.4178157841951593,5
random,16,parameter_count,0.0,0.0,5
random,16,exact_rate,0.0,0.0,5
random,16,unbalanced_bipartite_rate,0.0,0.0,5
random,16,nonbipartite_rate,1.0,0.0,5
random,16,odd_cycle_first_loss_rate,0.764,0.04856795354126118,5
random,16,partition_imbalance_first_loss_rate,0.236,0.04856795354126118,5
random,17,optimality_ratio,0.7018611111111112,0.010445605295728157,5
random,17,exact_optimum,0.0,0.0,5
random,17,absolute_gap,21.466,0.7520835812924289,5
random,17,inference_time_seconds,0.0037904810799954764,0.00011047475121623036,5
random,17,first_loss_step,15.462,0.8738703841134126,5
random,17,first_odd_cycle_step,15.734,0.8978527233469651,5
random,17,parameter_count,0.0,0.0,5
random,17,exact_rate,0.0,0.0,5
random,17,unbalanced_bipartite_rate,0.0,0.0,5
random,17,nonbipartite_rate,1.0,0.0,5
random,17,odd_cycle_first_loss_rate,0.906,0.02858525190987025,5
random,17,partition_imbalance_first_loss_rate,0.094,0.028585251909870275,5
random,20,optimality_ratio,0.67096,0.0032074851285137577,5
random,20,exact_optimum,0.0,0.0,5
random,20,absolute_gap,32.904,0.32074851285138095,5
random,20,inference_time_seconds,0.006809393169987689,0.0004924685124784797,5
random,20,first_loss_step,17.204,0.23470405722712917,5
random,20,first_odd_cycle_step,17.696,0.24686953339715617,5
random,20,parameter_count,0.0,0.0,5
random,20,exact_rate,0.0,0.0,5
random,20,unbalanced_bipartite_rate,0.0,0.0,5
random,20,nonbipartite_rate,1.0,0.0,5
random,20,odd_cycle_first_loss_rate,0.8320000000000001,0.03445477765151344,5
random,20,partition_imbalance_first_loss_rate,0.16799999999999998,0.03445477765151343,5
random,23,optimality_ratio,0.6413939393939394,0.0034469566697221373,5
random,23,exact_optimum,0.0,0.0,5
random,23,absolute_gap,47.336,0.45499828040332296,5
random,23,inference_time_seconds,0.011133709335994299,0.0006926534481155662,5
random,23,first_loss_step,19.716,0.5418408859813233,5
random,23,first_odd_cycle_step,19.868,0.5574642698663612,5
random,23,parameter_count,0.0,0.0,5
random,23,exact_rate,0.0,0.0,5
random,23,unbalanced_bipartite_rate,0.0,0.0,5
random,23,nonbipartite_rate,1.0,0.0,5
random,23,odd_cycle_first_loss_rate,0.9480000000000001,0.023883883880999837,5
random,23,partition_imbalance_first_loss_rate,0.052000000000000005,0.023883883880999844,5
random,24,optimality_ratio,0.6270972222222223,0.00411021816886985,5
random,24,exact_optimum,0.0,0.0,5
random,24,absolute_gap,53.698,0.5918714163172638,5
random,24,inference_time_seconds,0.0124308494940014,0.0004624820030481815,5
random,24,first_loss_step,19.814,0.32764405076429287,5
random,24,first_odd_cycle_step,20.106,0.2739550899368606,5
random,24,parameter_count,0.0,0.0,5
random,24,exact_rate,0.0,0.0,5
random,24,unbalanced_bipartite_rate,0.0,0.0,5
random,24,nonbipartite_rate,1.0,0.0,5
random,24,odd_cycle_first_loss_rate,0.908,0.03213967570731995,5
random,24,partition_imbalance_first_loss_rate,0.092,0.03213967570731997,5
random,25,optimality_ratio,0.6221538461538462,0.004486156580365069,5
random,25,exact_optimum,0.0,0.0,5
random,25,absolute_gap,58.944,0.6998404265369558,5
random,25,inference_time_seconds,0.01403729550200655,0.00030900093848053133,5
random,25,first_loss_step,20.794,0.6885695813412083,5
random,25,first_odd_cycle_step,20.919999999999998,0.8081792474946635,5
random,25,parameter_count,0.0,0.0,5
random,25,exact_rate,0.0,0.0,5
random,25,unbalanced_bipartite_rate,0.0,0.0,5
random,25,nonbipartite_rate,1.0,0.0,5
random,25,odd_cycle_first_loss_rate,0.9559999999999998,0.03237863569417411,5
random,25,partition_imbalance_first_loss_rate,0.044,0.03237863569417413,5
random,30,optimality_ratio,0.5836888888888888,0.0028661723206022177,5
random,30,exact_optimum,0.0,0.0,5
random,30,absolute_gap,93.67,0.6448887721355079,5
random,30,inference_time_seconds,0.026959073167989078,0.00046954303561682134,5
random,30,first_loss_step,24.116,0.40659519502326186,5
random,30,first_odd_cycle_step,24.264,0.5001147610898417,5
random,30,parameter_count,0.0,0.0,5
random,30,exact_rate,0.0,0.0,5
random,30,unbalanced_bipartite_rate,0.0,0.0,5
random,30,nonbipartite_rate,1.0,0.0,5
random,30,odd_cycle_first_loss_rate,0.9559999999999998,0.0257476926792908,5
random,30,partition_imbalance_first_loss_rate,0.044,0.025747692679290824,5
random,40,optimality_ratio,0.528025,0.001956729111681668,5
random,40,exact_optimum,0.0,0.0,5
random,40,absolute_gap,188.79,0.7826916446726676,5
random,40,inference_time_seconds,0.07725637725799239,0.001203458671215874,5
random,40,first_loss_step,29.396000000000004,0.605914220107592,5
random,40,first_odd_cycle_step,29.466,0.632188685639167,5
random,40,parameter_count,0.0,0.0,5
random,40,exact_rate,0.0,0.0,5
random,40,unbalanced_bipartite_rate,0.0,0.0,5
random,40,nonbipartite_rate,1.0,0.0,5
random,40,odd_cycle_first_loss_rate,0.9780000000000001,0.010388506336835706,5
random,40,partition_imbalance_first_loss_rate,0.022,0.010388506336835695,5
turan_oracle,6,optimality_ratio,1.0,0.0,5
turan_oracle,6,exact_optimum,1.0,0.0,5
turan_oracle,6,absolute_gap,0.0,0.0,5
turan_oracle,6,inference_time_seconds,2.3422500053129624e-06,2.950867764575718e-07,5
turan_oracle,6,first_loss_step,,,0
turan_oracle,6,first_odd_cycle_step,,,0
turan_oracle,6,parameter_count,0.0,0.0,5
turan_oracle,6,exact_rate,1.0,0.0,5
turan_oracle,6,unbalanced_bipartite_rate,0.0,0.0,5
turan_oracle,6,nonbipartite_rate,0.0,0.0,5
turan_oracle,6,odd_cycle_first_loss_rate,0.0,0.0,5
turan_oracle,6,partition_imbalance_first_loss_rate,0.0,0.0,5
turan_oracle,7,optimality_ratio,1.0,0.0,5
turan_oracle,7,exact_optimum,1.0,0.0,5
turan_oracle,7,absolute_gap,0.0,0.0,5
turan_oracle,7,inference_time_seconds,2.362334016652312e-06,1.4943973476855953e-07,5
turan_oracle,7,first_loss_step,,,0
turan_oracle,7,first_odd_cycle_step,,,0
turan_oracle,7,parameter_count,0.0,0.0,5
turan_oracle,7,exact_rate,1.0,0.0,5
turan_oracle,7,unbalanced_bipartite_rate,0.0,0.0,5
turan_oracle,7,nonbipartite_rate,0.0,0.0,5
turan_oracle,7,odd_cycle_first_loss_rate,0.0,0.0,5
turan_oracle,7,partition_imbalance_first_loss_rate,0.0,0.0,5
turan_oracle,8,optimality_ratio,1.0,0.0,5
turan_oracle,8,exact_optimum,1.0,0.0,5
turan_oracle,8,absolute_gap,0.0,0.0,5
turan_oracle,8,inference_time_seconds,2.447750001010718e-06,6.197613310835241e-07,5
turan_oracle,8,first_loss_step,,,0
turan_oracle,8,first_odd_cycle_step,,,0
turan_oracle,8,parameter_count,0.0,0.0,5
turan_oracle,8,exact_rate,1.0,0.0,5
turan_oracle,8,unbalanced_bipartite_rate,0.0,0.0,5
turan_oracle,8,nonbipartite_rate,0.0,0.0,5
turan_oracle,8,odd_cycle_first_loss_rate,0.0,0.0,5
turan_oracle,8,partition_imbalance_first_loss_rate,0.0,0.0,5
turan_oracle,9,optimality_ratio,1.0,0.0,5
turan_oracle,9,exact_optimum,1.0,0.0,5
turan_oracle,9,absolute_gap,0.0,0.0,5
turan_oracle,9,inference_time_seconds,2.5781740005186297e-06,2.5279876342659713e-07,5
turan_oracle,9,first_loss_step,,,0
turan_oracle,9,first_odd_cycle_step,,,0
turan_oracle,9,parameter_count,0.0,0.0,5
turan_oracle,9,exact_rate,1.0,0.0,5
turan_oracle,9,unbalanced_bipartite_rate,0.0,0.0,5
turan_oracle,9,nonbipartite_rate,0.0,0.0,5
turan_oracle,9,odd_cycle_first_loss_rate,0.0,0.0,5
turan_oracle,9,partition_imbalance_first_loss_rate,0.0,0.0,5
turan_oracle,10,optimality_ratio,1.0,0.0,5
turan_oracle,10,exact_optimum,1.0,0.0,5
turan_oracle,10,absolute_gap,0.0,0.0,5
turan_oracle,10,inference_time_seconds,2.625164001074154e-06,2.7934211043962285e-07,5
turan_oracle,10,first_loss_step,,,0
turan_oracle,10,first_odd_cycle_step,,,0
turan_oracle,10,parameter_count,0.0,0.0,5
turan_oracle,10,exact_rate,1.0,0.0,5
turan_oracle,10,unbalanced_bipartite_rate,0.0,0.0,5
turan_oracle,10,nonbipartite_rate,0.0,0.0,5
turan_oracle,10,odd_cycle_first_loss_rate,0.0,0.0,5
turan_oracle,10,partition_imbalance_first_loss_rate,0.0,0.0,5
turan_oracle,11,optimality_ratio,1.0,0.0,5
turan_oracle,11,exact_optimum,1.0,0.0,5
turan_oracle,11,absolute_gap,0.0,0.0,5
turan_oracle,11,inference_time_seconds,2.883577999455156e-06,2.5914259873243816e-07,5
turan_oracle,11,first_loss_step,,,0
turan_oracle,11,first_odd_cycle_step,,,0
turan_oracle,11,parameter_count,0.0,0.0,5
turan_oracle,11,exact_rate,1.0,0.0,5
turan_oracle,11,unbalanced_bipartite_rate,0.0,0.0,5
turan_oracle,11,nonbipartite_rate,0.0,0.0,5
turan_oracle,11,odd_cycle_first_loss_rate,0.0,0.0,5
turan_oracle,11,partition_imbalance_first_loss_rate,0.0,0.0,5
turan_oracle,12,optimality_ratio,1.0,0.0,5
turan_oracle,12,exact_optimum,1.0,0.0,5
turan_oracle,12,absolute_gap,0.0,0.0,5
turan_oracle,12,inference_time_seconds,2.952167997136712e-06,3.7813739892284775e-07,5
turan_oracle,12,first_loss_step,,,0
turan_oracle,12,first_odd_cycle_step,,,0
turan_oracle,12,parameter_count,0.0,0.0,5
turan_oracle,12,exact_rate,1.0,0.0,5
turan_oracle,12,unbalanced_bipartite_rate,0.0,0.0,5
turan_oracle,12,nonbipartite_rate,0.0,0.0,5
turan_oracle,12,odd_cycle_first_loss_rate,0.0,0.0,5
turan_oracle,12,partition_imbalance_first_loss_rate,0.0,0.0,5
turan_oracle,13,optimality_ratio,1.0,0.0,5
turan_oracle,13,exact_optimum,1.0,0.0,5
turan_oracle,13,absolute_gap,0.0,0.0,5
turan_oracle,13,inference_time_seconds,3.175831996486522e-06,1.8033493387650792e-07,5
turan_oracle,13,first_loss_step,,,0
turan_oracle,13,first_odd_cycle_step,,,0
turan_oracle,13,parameter_count,0.0,0.0,5
turan_oracle,13,exact_rate,1.0,0.0,5
turan_oracle,13,unbalanced_bipartite_rate,0.0,0.0,5
turan_oracle,13,nonbipartite_rate,0.0,0.0,5
turan_oracle,13,odd_cycle_first_loss_rate,0.0,0.0,5
turan_oracle,13,partition_imbalance_first_loss_rate,0.0,0.0,5
turan_oracle,14,optimality_ratio,1.0,0.0,5
turan_oracle,14,exact_optimum,1.0,0.0,5
turan_oracle,14,absolute_gap,0.0,0.0,5
turan_oracle,14,inference_time_seconds,3.4337519973632885e-06,2.161133484320145e-07,5
turan_oracle,14,first_loss_step,,,0
turan_oracle,14,first_odd_cycle_step,,,0
turan_oracle,14,parameter_count,0.0,0.0,5
turan_oracle,14,exact_rate,1.0,0.0,5
turan_oracle,14,unbalanced_bipartite_rate,0.0,0.0,5
turan_oracle,14,nonbipartite_rate,0.0,0.0,5
turan_oracle,14,odd_cycle_first_loss_rate,0.0,0.0,5
turan_oracle,14,partition_imbalance_first_loss_rate,0.0,0.0,5
turan_oracle,15,optimality_ratio,1.0,0.0,5
turan_oracle,15,exact_optimum,1.0,0.0,5
turan_oracle,15,absolute_gap,0.0,0.0,5
turan_oracle,15,inference_time_seconds,3.5723339969990776e-06,4.0494353715892714e-07,5
turan_oracle,15,first_loss_step,,,0
turan_oracle,15,first_odd_cycle_step,,,0
turan_oracle,15,parameter_count,0.0,0.0,5
turan_oracle,15,exact_rate,1.0,0.0,5
turan_oracle,15,unbalanced_bipartite_rate,0.0,0.0,5
turan_oracle,15,nonbipartite_rate,0.0,0.0,5
turan_oracle,15,odd_cycle_first_loss_rate,0.0,0.0,5
turan_oracle,15,partition_imbalance_first_loss_rate,0.0,0.0,5
turan_oracle,16,optimality_ratio,1.0,0.0,5
turan_oracle,16,exact_optimum,1.0,0.0,5
turan_oracle,16,absolute_gap,0.0,0.0,5
turan_oracle,16,inference_time_seconds,3.5962480033049362e-06,1.6805473633549585e-07,5
turan_oracle,16,first_loss_step,,,0
turan_oracle,16,first_odd_cycle_step,,,0
turan_oracle,16,parameter_count,0.0,0.0,5
turan_oracle,16,exact_rate,1.0,0.0,5
turan_oracle,16,unbalanced_bipartite_rate,0.0,0.0,5
turan_oracle,16,nonbipartite_rate,0.0,0.0,5
turan_oracle,16,odd_cycle_first_loss_rate,0.0,0.0,5
turan_oracle,16,partition_imbalance_first_loss_rate,0.0,0.0,5
turan_oracle,17,optimality_ratio,1.0,0.0,5
turan_oracle,17,exact_optimum,1.0,0.0,5
turan_oracle,17,absolute_gap,0.0,0.0,5
turan_oracle,17,inference_time_seconds,3.5595900044427254e-06,3.029743231074499e-07,5
turan_oracle,17,first_loss_step,,,0
turan_oracle,17,first_odd_cycle_step,,,0
turan_oracle,17,parameter_count,0.0,0.0,5
turan_oracle,17,exact_rate,1.0,0.0,5
turan_oracle,17,unbalanced_bipartite_rate,0.0,0.0,5
turan_oracle,17,nonbipartite_rate,0.0,0.0,5
turan_oracle,17,odd_cycle_first_loss_rate,0.0,0.0,5
turan_oracle,17,partition_imbalance_first_loss_rate,0.0,0.0,5
turan_oracle,20,optimality_ratio,1.0,0.0,5
turan_oracle,20,exact_optimum,1.0,0.0,5
turan_oracle,20,absolute_gap,0.0,0.0,5
turan_oracle,20,inference_time_seconds,4.200499995931751e-06,3.7660371594503614e-07,5
turan_oracle,20,first_loss_step,,,0
turan_oracle,20,first_odd_cycle_step,,,0
turan_oracle,20,parameter_count,0.0,0.0,5
turan_oracle,20,exact_rate,1.0,0.0,5
turan_oracle,20,unbalanced_bipartite_rate,0.0,0.0,5
turan_oracle,20,nonbipartite_rate,0.0,0.0,5
turan_oracle,20,odd_cycle_first_loss_rate,0.0,0.0,5
turan_oracle,20,partition_imbalance_first_loss_rate,0.0,0.0,5
turan_oracle,23,optimality_ratio,1.0,0.0,5
turan_oracle,23,exact_optimum,1.0,0.0,5
turan_oracle,23,absolute_gap,0.0,0.0,5
turan_oracle,23,inference_time_seconds,4.917416008538567e-06,3.095262152871292e-07,5
turan_oracle,23,first_loss_step,,,0
turan_oracle,23,first_odd_cycle_step,,,0
turan_oracle,23,parameter_count,0.0,0.0,5
turan_oracle,23,exact_rate,1.0,0.0,5
turan_oracle,23,unbalanced_bipartite_rate,0.0,0.0,5
turan_oracle,23,nonbipartite_rate,0.0,0.0,5
turan_oracle,23,odd_cycle_first_loss_rate,0.0,0.0,5
turan_oracle,23,partition_imbalance_first_loss_rate,0.0,0.0,5
turan_oracle,24,optimality_ratio,1.0,0.0,5
turan_oracle,24,exact_optimum,1.0,0.0,5
turan_oracle,24,absolute_gap,0.0,0.0,5
turan_oracle,24,inference_time_seconds,5.476495993207208e-06,5.385457222264947e-07,5
turan_oracle,24,first_loss_step,,,0
turan_oracle,24,first_odd_cycle_step,,,0
turan_oracle,24,parameter_count,0.0,0.0,5
turan_oracle,24,exact_rate,1.0,0.0,5
turan_oracle,24,unbalanced_bipartite_rate,0.0,0.0,5
turan_oracle,24,nonbipartite_rate,0.0,0.0,5
turan_oracle,24,odd_cycle_first_loss_rate,0.0,0.0,5
turan_oracle,24,partition_imbalance_first_loss_rate,0.0,0.0,5
turan_oracle,25,optimality_ratio,1.0,0.0,5
turan_oracle,25,exact_optimum,1.0,0.0,5
turan_oracle,25,absolute_gap,0.0,0.0,5
turan_oracle,25,inference_time_seconds,5.5136679948191156e-06,3.3184436141455505e-07,5
turan_oracle,25,first_loss_step,,,0
turan_oracle,25,first_odd_cycle_step,,,0
turan_oracle,25,parameter_count,0.0,0.0,5
turan_oracle,25,exact_rate,1.0,0.0,5
turan_oracle,25,unbalanced_bipartite_rate,0.0,0.0,5
turan_oracle,25,nonbipartite_rate,0.0,0.0,5
turan_oracle,25,odd_cycle_first_loss_rate,0.0,0.0,5
turan_oracle,25,partition_imbalance_first_loss_rate,0.0,0.0,5
turan_oracle,30,optimality_ratio,1.0,0.0,5
turan_oracle,30,exact_optimum,1.0,0.0,5
turan_oracle,30,absolute_gap,0.0,0.0,5
turan_oracle,30,inference_time_seconds,6.854584007669473e-06,2.2596647341702158e-07,5
turan_oracle,30,first_loss_step,,,0
turan_oracle,30,first_odd_cycle_step,,,0
turan_oracle,30,parameter_count,0.0,0.0,5
turan_oracle,30,exact_rate,1.0,0.0,5
turan_oracle,30,unbalanced_bipartite_rate,0.0,0.0,5
turan_oracle,30,nonbipartite_rate,0.0,0.0,5
turan_oracle,30,odd_cycle_first_loss_rate,0.0,0.0,5
turan_oracle,30,partition_imbalance_first_loss_rate,0.0,0.0,5
turan_oracle,40,optimality_ratio,1.0,0.0,5
turan_oracle,40,exact_optimum,1.0,0.0,5
turan_oracle,40,absolute_gap,0.0,0.0,5
turan_oracle,40,inference_time_seconds,1.122016400040593e-05,2.745368646913375e-06,5
turan_oracle,40,first_loss_step,,,0
turan_oracle,40,first_odd_cycle_step,,,0
turan_oracle,40,parameter_count,0.0,0.0,5
turan_oracle,40,exact_rate,1.0,0.0,5
turan_oracle,40,unbalanced_bipartite_rate,0.0,0.0,5
turan_oracle,40,nonbipartite_rate,0.0,0.0,5
turan_oracle,40,odd_cycle_first_loss_rate,0.0,0.0,5
turan_oracle,40,partition_imbalance_first_loss_rate,0.0,0.0,5
untrained_gnn,6,optimality_ratio,0.9088888888888889,0.01780199597487572,5
untrained_gnn,6,exact_optimum,0.472,0.08709367981330211,5
untrained_gnn,6,absolute_gap,0.82,0.16021796377388145,5
untrained_gnn,6,inference_time_seconds,0.001324466752004759,0.00017131519739980249,5
untrained_gnn,6,first_loss_step,5.4065835001318865,0.18068895992958497,5
untrained_gnn,6,first_odd_cycle_step,6.154311641171895,0.06450317082554463,5
untrained_gnn,6,parameter_count,38337.0,0.0,5
untrained_gnn,6,exact_rate,0.472,0.08709367981330211,5
untrained_gnn,6,unbalanced_bipartite_rate,0.236,0.028585251909870275,5
untrained_gnn,6,nonbipartite_rate,0.292,0.0752206567897262,5
untrained_gnn,6,odd_cycle_first_loss_rate,0.188,0.05440699045266056,5
untrained_gnn,6,partition_imbalance_first_loss_rate,0.34,0.06331268956166641,5
untrained_gnn,7,optimality_ratio,0.9016666666666666,0.013250881402743888,5
untrained_gnn,7,exact_optimum,0.492,0.05649230065045327,5
untrained_gnn,7,absolute_gap,1.1800000000000002,0.1590105768329263,5
untrained_gnn,7,inference_time_seconds,0.0019060368380050426,0.00016159952822919423,5
untrained_gnn,7,first_loss_step,7.121428859761885,0.07857328985419375,5
untrained_gnn,7,first_odd_cycle_step,7.386611705288177,0.16398583803520364,5
untrained_gnn,7,parameter_count,38337.0,0.0,5
untrained_gnn,7,exact_rate,0.492,0.05649230065045327,5
untrained_gnn,7,unbalanced_bipartite_rate,0.026000000000000002,0.028585251909870282,5
untrained_gnn,7,nonbipartite_rate,0.48200000000000004,0.0629463642714882,5
untrained_gnn,7,odd_cycle_first_loss_rate,0.42000000000000004,0.06391856642442563,5
untrained_gnn,7,partition_imbalance_first_loss_rate,0.088,0.052238502921222695,5
untrained_gnn,8,optimality_ratio,0.85875,0.019408758820463137,5
untrained_gnn,8,exact_optimum,0.20400000000000001,0.08762312955200875,5
untrained_gnn,8,absolute_gap,2.2600000000000002,0.31054014112741035,5
untrained_gnn,8,inference_time_seconds,0.0027941944960038615,0.00036828795384837807,5
untrained_gnn,8,first_loss_step,7.746010004333992,0.14087940259896622,5
untrained_gnn,8,first_odd_cycle_step,8.545861382847594,0.22607543361054883,5
untrained_gnn,8,parameter_count,38337.0,0.0,5
untrained_gnn,8,exact_rate,0.20400000000000001,0.08762312955200875,5
untrained_gnn,8,unbalanced_bipartite_rate,0.162,0.03213967570731997,5
untrained_gnn,8,nonbipartite_rate,0.634,0.08264297681018426,5
untrained_gnn,8,odd_cycle_first_loss_rate,0.41200000000000003,0.06651889671611738,5
untrained_gnn,8,partition_imbalance_first_loss_rate,0.384,0.05662859107929098,5
untrained_gnn,9,optimality_ratio,0.841,0.008790858343035881,5
untrained_gnn,9,exact_optimum,0.174,0.02255594666299045,5
untrained_gnn,9,absolute_gap,3.1799999999999997,0.17581716686071647,5
untrained_gnn,9,inference_time_seconds,0.004110407998006797,0.0008031493419848338,5
untrained_gnn,9,first_loss_step,9.404977821300154,0.07709152710517783,5
untrained_gnn,9,first_odd_cycle_step,9.693725909892576,0.15043533534456455,5
untrained_gnn,9,parameter_count,38337.0,0.0,5
untrained_gnn,9,exact_rate,0.174,0.02255594666299045,5
untrained_gnn,9,unbalanced_bipartite_rate,0.046,0.014157147769822746,5
untrained_gnn,9,nonbipartite_rate,0.78,0.030414432275832792,5
untrained_gnn,9,odd_cycle_first_loss_rate,0.6900000000000001,0.046458812707703856,5
untrained_gnn,9,partition_imbalance_first_loss_rate,0.136,0.05089307942983417,5
untrained_gnn,10,optimality_ratio,0.81296,0.008513143931846646,5
untrained_gnn,10,exact_optimum,0.076,0.036833706659839704,5
untrained_gnn,10,absolute_gap,4.676,0.21282859829616652,5
untrained_gnn,10,inference_time_seconds,0.005226897008007615,0.0006415565395627534,5
untrained_gnn,10,first_loss_step,9.592924095254112,0.3496280985232093,5
untrained_gnn,10,first_odd_cycle_step,10.728350408282187,0.45608919547628335,5
untrained_gnn,10,parameter_count,38337.0,0.0,5
untrained_gnn,10,exact_rate,0.076,0.036833706659839704,5
untrained_gnn,10,unbalanced_bipartite_rate,0.06000000000000001,0.027764451051977987,5
untrained_gnn,10,nonbipartite_rate,0.8640000000000001,0.044423121683164764,5
untrained_gnn,10,odd_cycle_first_loss_rate,0.532,0.051495385358581655,5
untrained_gnn,10,partition_imbalance_first_loss_rate,0.392,0.043369458966087446,5
untrained_gnn,11,optimality_ratio,0.7963333333333333,0.01173210050693689,5
untrained_gnn,11,exact_optimum,0.05800000000000001,0.02040262141974771,5
untrained_gnn,11,absolute_gap,6.109999999999999,0.3519630152081062,5
untrained_gnn,11,inference_time_seconds,0.007124124414003688,0.0015104650636164228,5
untrained_gnn,11,first_loss_step,11.125905827858567,0.24955575610737477,5
untrained_gnn,11,first_odd_cycle_step,11.606636067261496,0.28962172748405596,5
untrained_gnn,11,parameter_count,38337.0,0.0,5
untrained_gnn,11,exact_rate,0.05800000000000001,0.02040262141974771,5
untrained_gnn,11,unbalanced_bipartite_rate,0.008,0.010388506336835695,5
untrained_gnn,11,nonbipartite_rate,0.9339999999999999,0.02720349522633024,5
untrained_gnn,11,odd_cycle_first_loss_rate,0.78,0.023229406353851963,5
untrained_gnn,11,partition_imbalance_first_loss_rate,0.162,0.013601747613165151,5
untrained_gnn,12,optimality_ratio,0.775,0.012824314448237574,5
untrained_gnn,12,exact_optimum,0.02,0.012416639982037665,5
untrained_gnn,12,absolute_gap,8.1,0.46167532013655366,5
untrained_gnn,12,inference_time_seconds,0.00874370842400089,0.0010355362753075165,5
untrained_gnn,12,first_loss_step,11.672547907010351,0.386482163116816,5
untrained_gnn,12,first_odd_cycle_step,12.491436890274286,0.5390119741080357,5
untrained_gnn,12,parameter_count,38337.0,0.0,5
untrained_gnn,12,exact_rate,0.02,0.012416639982037665,5
untrained_gnn,12,unbalanced_bipartite_rate,0.016,0.022555946662990444,5
untrained_gnn,12,nonbipartite_rate,0.9640000000000001,0.014157147769822758,5
untrained_gnn,12,odd_cycle_first_loss_rate,0.6859999999999999,0.07377198031811828,5
untrained_gnn,12,partition_imbalance_first_loss_rate,0.294,0.07165165164299953,5
untrained_gnn,13,optimality_ratio,0.7651904761904762,0.006202686305656209,5
untrained_gnn,13,exact_optimum,0.022,0.010388506336835695,5
untrained_gnn,13,absolute_gap,9.862,0.2605128248375591,5
untrained_gnn,13,inference_time_seconds,0.01138091333600091,0.0007642269663715932,5
untrained_gnn,13,first_loss_step,13.031259789139023,0.24087984815949123,5
untrained_gnn,13,first_odd_cycle_step,13.278182200715335,0.2167726039214886,5
untrained_gnn,13,parameter_count,38337.0,0.0,5
untrained_gnn,13,exact_rate,0.022,0.010388506336835695,5
untrained_gnn,13,unbalanced_bipartite_rate,0.006,0.011105780420791196,5
untrained_gnn,13,nonbipartite_rate,0.9719999999999999,0.005552890210395603,5
untrained_gnn,13,odd_cycle_first_loss_rate,0.874,0.041739122144721294,5
untrained_gnn,13,partition_imbalance_first_loss_rate,0.10400000000000001,0.03887023147276917,5
untrained_gnn,14,optimality_ratio,0.7455102040816326,0.007070291464463056,5
untrained_gnn,14,exact_optimum,0.002,0.005552890210395598,5
untrained_gnn,14,absolute_gap,12.469999999999999,0.34644428175868774,5
untrained_gnn,14,inference_time_seconds,0.013598596256004339,0.00087493522507031,5
untrained_gnn,14,first_loss_step,13.402686868686867,0.4405998715342086,5
untrained_gnn,14,first_odd_cycle_step,14.238258091115233,0.6685371042531282,5
untrained_gnn,14,parameter_count,38337.0,0.0,5
untrained_gnn,14,exact_rate,0.002,0.005552890210395598,5
untrained_gnn,14,unbalanced_bipartite_rate,0.008,0.010388506336835695,5
untrained_gnn,14,nonbipartite_rate,0.9899999999999999,0.012416639982037675,5
untrained_gnn,14,odd_cycle_first_loss_rate,0.75,0.07998860769138787,5
untrained_gnn,14,partition_imbalance_first_loss_rate,0.248,0.08208140987448095,5
untrained_gnn,15,optimality_ratio,0.7336071428571429,0.004178809184595211,5
untrained_gnn,15,exact_optimum,0.002,0.005552890210395596,5
untrained_gnn,15,absolute_gap,14.917999999999997,0.23401331433733424,5
untrained_gnn,15,inference_time_seconds,0.016395493333999145,0.0004201237296865398,5
untrained_gnn,15,first_loss_step,14.507919191919195,0.4188269410900457,5
untrained_gnn,15,first_odd_cycle_step,14.875020408163266,0.39712753229271797,5
untrained_gnn,15,parameter_count,38337.0,0.0,5
untrained_gnn,15,exact_rate,0.002,0.005552890210395596,5
untrained_gnn,15,unbalanced_bipartite_rate,0.002,0.005552890210395596,5
untrained_gnn,15,nonbipartite_rate,0.9960000000000001,0.011105780420791203,5
untrained_gnn,15,odd_cycle_first_loss_rate,0.8800000000000001,0.02911960192790161,5
untrained_gnn,15,partition_imbalance_first_loss_rate,0.118,0.0296443216506662,5
untrained_gnn,16,optimality_ratio,0.71065625,0.00578689910298079,5
untrained_gnn,16,exact_optimum,0.0,0.0,5
untrained_gnn,16,absolute_gap,18.518,0.37036154259076953,5
untrained_gnn,16,inference_time_seconds,0.019882530673996333,0.0006138079777342173,5
untrained_gnn,16,first_loss_step,14.697999999999999,0.38755036624120665,5
untrained_gnn,16,first_odd_cycle_step,15.241999999999999,0.30984430767046567,5
untrained_gnn,16,parameter_count,38337.0,0.0,5
untrained_gnn,16,exact_rate,0.0,0.0,5
untrained_gnn,16,unbalanced_bipartite_rate,0.0,0.0,5
untrained_gnn,16,nonbipartite_rate,1.0,0.0,5
untrained_gnn,16,odd_cycle_first_loss_rate,0.8160000000000001,0.043546839906651015,5
untrained_gnn,16,partition_imbalance_first_loss_rate,0.184,0.04354683990665105,5
untrained_gnn,17,optimality_ratio,0.7012222222222222,0.005993094499604064,5
untrained_gnn,17,exact_optimum,0.0,0.0,5
untrained_gnn,17,absolute_gap,21.512000000000004,0.4315028039714907,5
untrained_gnn,17,inference_time_seconds,0.024211530082004128,0.0004907333959358444,5
untrained_gnn,17,first_loss_step,15.748,0.13152263993459354,5
untrained_gnn,17,first_odd_cycle_step,15.968,0.17873062109638893,5
untrained_gnn,17,parameter_count,38337.0,0.0,5
untrained_gnn,17,exact_rate,0.0,0.0,5
untrained_gnn,17,unbalanced_bipartite_rate,0.0,0.0,5
untrained_gnn,17,nonbipartite_rate,1.0,0.0,5
untrained_gnn,17,odd_cycle_first_loss_rate,0.922,0.044249253612156085,5
untrained_gnn,17,partition_imbalance_first_loss_rate,0.078,0.04424925361215612,5
untrained_gnn,20,optimality_ratio,0.6689999999999999,0.0034387592450794363,5
untrained_gnn,20,exact_optimum,0.0,0.0,5
untrained_gnn,20,absolute_gap,33.1,0.34387592450794324,5
untrained_gnn,20,inference_time_seconds,0.04418861591799208,0.006578766178917858,5
untrained_gnn,20,first_loss_step,17.404000000000003,0.3116057171005351,5
untrained_gnn,20,first_odd_cycle_step,17.796,0.4060260259769971,5
untrained_gnn,20,parameter_count,38337.0,0.0,5
untrained_gnn,20,exact_rate,0.0,0.0,5
untrained_gnn,20,unbalanced_bipartite_rate,0.0,0.0,5
untrained_gnn,20,nonbipartite_rate,1.0,0.0,5
untrained_gnn,20,odd_cycle_first_loss_rate,0.8699999999999999,0.03926486322955125,5
untrained_gnn,20,partition_imbalance_first_loss_rate,0.13,0.03926486322955121,5
untrained_gnn,23,optimality_ratio,0.6384545454545454,0.003802734879577078,5
untrained_gnn,23,exact_optimum,0.0,0.0,5
untrained_gnn,23,absolute_gap,47.724000000000004,0.5019610041041747,5
untrained_gnn,23,inference_time_seconds,0.07262740107800705,0.016811417615724435,5
untrained_gnn,23,first_loss_step,19.992,0.5450183664484726,5
untrained_gnn,23,first_odd_cycle_step,20.168,0.5094909158114411,5
untrained_gnn,23,parameter_count,38337.0,0.0,5
untrained_gnn,23,exact_rate,0.0,0.0,5
untrained_gnn,23,unbalanced_bipartite_rate,0.0,0.0,5
untrained_gnn,23,nonbipartite_rate,1.0,0.0,5
untrained_gnn,23,odd_cycle_first_loss_rate,0.9480000000000001,0.022211560841582358,5
untrained_gnn,23,partition_imbalance_first_loss_rate,0.052000000000000005,0.022211560841582385,5
untrained_gnn,24,optimality_ratio,0.6294166666666666,0.003826463168326798,5
untrained_gnn,24,exact_optimum,0.0,0.0,5
untrained_gnn,24,absolute_gap,53.364,0.551010696239064,5
untrained_gnn,24,inference_time_seconds,0.08324335282799432,0.01951676635698317,5
untrained_gnn,24,first_loss_step,19.857999999999997,0.3491483213969445,5
untrained_gnn,24,first_odd_cycle_step,20.152000000000005,0.3452629776511543,5
untrained_gnn,24,parameter_count,38337.0,0.0,5
untrained_gnn,24,exact_rate,0.0,0.0,5
untrained_gnn,24,unbalanced_bipartite_rate,0.0,0.0,5
untrained_gnn,24,nonbipartite_rate,1.0,0.0,5
untrained_gnn,24,odd_cycle_first_loss_rate,0.898,0.037661533766968826,5
untrained_gnn,24,partition_imbalance_first_loss_rate,0.10200000000000001,0.03766153376696885,5
untrained_gnn,25,optimality_ratio,0.6240897435897436,0.0035203522204649207,5
untrained_gnn,25,exact_optimum,0.0,0.0,5
untrained_gnn,25,absolute_gap,58.641999999999996,0.5491749463925386,5
untrained_gnn,25,inference_time_seconds,0.0934393730779993,0.014098619859147642,5
untrained_gnn,25,first_loss_step,20.874000000000002,0.42386051576108463,5
untrained_gnn,25,first_odd_cycle_step,20.942,0.4565880647644536,5
untrained_gnn,25,parameter_count,38337.0,0.0,5
untrained_gnn,25,exact_rate,0.0,0.0,5
untrained_gnn,25,unbalanced_bipartite_rate,0.0,0.0,5
untrained_gnn,25,nonbipartite_rate,1.0,0.0,5
untrained_gnn,25,odd_cycle_first_loss_rate,0.9640000000000001,0.014157147769822758,5
untrained_gnn,25,partition_imbalance_first_loss_rate,0.036,0.014157147769822749,5
untrained_gnn,30,optimality_ratio,0.5841422222222222,0.003517674664357429,5
untrained_gnn,30,exact_optimum,0.0,0.0,5
untrained_gnn,30,absolute_gap,93.568,0.7914767994804255,5
untrained_gnn,30,inference_time_seconds,0.16609278874599837,0.0193847362386881,5
untrained_gnn,30,first_loss_step,23.84,0.5253280667487032,5
untrained_gnn,30,first_odd_cycle_step,23.958000000000002,0.5136348405010904,5
untrained_gnn,30,parameter_count,38337.0,0.0,5
untrained_gnn,30,exact_rate,0.0,0.0,5
untrained_gnn,30,unbalanced_bipartite_rate,0.0,0.0,5
untrained_gnn,30,nonbipartite_rate,1.0,0.0,5
untrained_gnn,30,odd_cycle_first_loss_rate,0.952,0.023883883880999827,5
untrained_gnn,30,partition_imbalance_first_loss_rate,0.048,0.023883883880999848,5
untrained_gnn,40,optimality_ratio,0.526575,0.00273509790185995,5
untrained_gnn,40,exact_optimum,0.0,0.0,5
untrained_gnn,40,absolute_gap,189.37,1.0940391607439865,5
untrained_gnn,40,inference_time_seconds,0.43216125058000393,0.04829272178403906,5
untrained_gnn,40,first_loss_step,29.926,0.6996200945645707,5
untrained_gnn,40,first_odd_cycle_step,29.936,0.6925324599021708,5
untrained_gnn,40,parameter_count,38337.0,0.0,5
untrained_gnn,40,exact_rate,0.0,0.0,5
untrained_gnn,40,unbalanced_bipartite_rate,0.0,0.0,5
untrained_gnn,40,nonbipartite_rate,1.0,0.0,5
untrained_gnn,40,odd_cycle_first_loss_rate,0.9940000000000001,0.011105780420791203,5
untrained_gnn,40,partition_imbalance_first_loss_rate,0.006,0.011105780420791196,5
untrained_mlp,6,optimality_ratio,0.9102222222222223,0.01966633493873604,5
untrained_mlp,6,exact_optimum,0.4640000000000001,0.09681794908676285,5
untrained_mlp,6,absolute_gap,0.808,0.17699701444862448,5
untrained_mlp,6,inference_time_seconds,0.0009811438260039305,8.442681795360774e-05,5
untrained_mlp,6,first_loss_step,5.387261596476373,0.1921376303441631,5
untrained_mlp,6,first_odd_cycle_step,6.17606685253744,0.15086487076018731,5
untrained_mlp,6,parameter_count,37990.0,0.0,5
untrained_mlp,6,exact_rate,0.4640000000000001,0.09681794908676285,5
untrained_mlp,6,unbalanced_bipartite_rate,0.264,0.027203495226330275,5
untrained_mlp,6,nonbipartite_rate,0.272,0.08161048567899085,5
untrained_mlp,6,odd_cycle_first_loss_rate,0.17400000000000002,0.058634944787991916,5
untrained_mlp,6,partition_imbalance_first_loss_rate,0.362,0.06294636427148817,5
untrained_mlp,7,optimality_ratio,0.9040000000000001,0.01585182932829702,5
untrained_mlp,7,exact_optimum,0.5040000000000001,0.0737719803181183,5
untrained_mlp,7,absolute_gap,1.152,0.1902219519395644,5
untrained_mlp,7,inference_time_seconds,0.0015097897539998848,5.824864412569414e-05,5
untrained_mlp,7,first_loss_step,7.086755319148935,0.09759634555384857,5
untrained_mlp,7,first_odd_cycle_step,7.330524274740846,0.17579080393856225,5
untrained_mlp,7,parameter_count,37990.0,0.0,5
untrained_mlp,7,exact_rate,0.5040000000000001,0.0737719803181183,5
untrained_mlp,7,unbalanced_bipartite_rate,0.030000000000000006,0.031656344780833214,5
untrained_mlp,7,nonbipartite_rate,0.466,0.04612577032983626,5
untrained_mlp,7,odd_cycle_first_loss_rate,0.41200000000000003,0.030917184224148304,5
untrained_mlp,7,partition_imbalance_first_loss_rate,0.08399999999999999,0.05383726804675812,5
untrained_mlp,8,optimality_ratio,0.8525,0.00973922469078344,5
untrained_mlp,8,exact_optimum,0.184,0.041739122144721245,5
untrained_mlp,8,absolute_gap,2.3600000000000003,0.15582759505253527,5
untrained_mlp,8,inference_time_seconds,0.002186702915991135,8.72871261771876e-05,5
untrained_mlp,8,first_loss_step,7.711389805149004,0.19307011277914007,5
untrained_mlp,8,first_odd_cycle_step,8.516771891128212,0.18741025317914395,5
untrained_mlp,8,parameter_count,37990.0,0.0,5
untrained_mlp,8,exact_rate,0.184,0.041739122144721245,5
untrained_mlp,8,unbalanced_bipartite_rate,0.162,0.04247144330946824,5
untrained_mlp,8,nonbipartite_rate,0.6539999999999999,0.06663468252474715,5
untrained_mlp,8,odd_cycle_first_loss_rate,0.41200000000000003,0.032139675707319966,5
untrained_mlp,8,partition_imbalance_first_loss_rate,0.404,0.02420448727169071,5
untrained_mlp,9,optimality_ratio,0.8443999999999999,0.004776776776199986,5
untrained_mlp,9,exact_optimum,0.184,0.018830766883484423,5
untrained_mlp,9,absolute_gap,3.1119999999999997,0.09553553552399949,5
untrained_mlp,9,inference_time_seconds,0.003005142003999892,0.00011408716765471693,5
untrained_mlp,9,first_loss_step,9.495435970232718,0.15124586191375652,5
untrained_mlp,9,first_odd_cycle_step,9.785116608167908,0.23973824247627193,5
untrained_mlp,9,parameter_count,37990.0,0.0,5
untrained_mlp,9,exact_rate,0.184,0.018830766883484423,5
untrained_mlp,9,unbalanced_bipartite_rate,0.038,0.018416853329919852,5
untrained_mlp,9,nonbipartite_rate,0.7779999999999999,0.02691863402337908,5
untrained_mlp,9,odd_cycle_first_loss_rate,0.6900000000000001,0.03620041521543719,5
untrained_mlp,9,partition_imbalance_first_loss_rate,0.12600000000000003,0.04173912214472125,5
untrained_mlp,10,optimality_ratio,0.8157599999999998,0.010620982201150935,5
untrained_mlp,10,exact_optimum,0.068,0.04247144330946824,5
untrained_mlp,10,absolute_gap,4.606,0.2655245550287752,5
untrained_mlp,10,inference_time_seconds,0.004205087079997559,0.00030334552663781095,5
untrained_mlp,10,first_loss_step,9.767796526646878,0.37195811787369204,5
untrained_mlp,10,first_odd_cycle_step,10.684781116116223,0.5469251760273698,5
untrained_mlp,10,parameter_count,37990.0,0.0,5
untrained_mlp,10,exact_rate,0.068,0.04247144330946824,5
untrained_mlp,10,unbalanced_bipartite_rate,0.07200000000000001,0.022211560841582392,5
untrained_mlp,10,nonbipartite_rate,0.86,0.05757359109466797,5
untrained_mlp,10,odd_cycle_first_loss_rate,0.5740000000000001,0.03354791384926659,5
untrained_mlp,10,partition_imbalance_first_loss_rate,0.35799999999999993,0.03662382628097133,5
untrained_mlp,11,optimality_ratio,0.7994,0.009074441293900884,5
untrained_mlp,11,exact_optimum,0.05800000000000001,0.01618931784708707,5
untrained_mlp,11,absolute_gap,6.018000000000001,0.27223323881702616,5
untrained_mlp,11,inference_time_seconds,0.0057236422519890365,0.0007680727400704701,5
untrained_mlp,11,first_loss_step,11.209363944779588,0.49565450377831605,5
untrained_mlp,11,first_odd_cycle_step,11.506701093696913,0.4116158761445964,5
untrained_mlp,11,parameter_count,37990.0,0.0,5
untrained_mlp,11,exact_rate,0.05800000000000001,0.01618931784708707,5
untrained_mlp,11,unbalanced_bipartite_rate,0.01,0.008779890330850844,5
untrained_mlp,11,nonbipartite_rate,0.932,0.01618931784708701,5
untrained_mlp,11,odd_cycle_first_loss_rate,0.8100000000000002,0.02483327996407528,5
untrained_mlp,11,partition_imbalance_first_loss_rate,0.132,0.03867140545548225,5
untrained_mlp,12,optimality_ratio,0.7747777777777778,0.011193270868340736,5
untrained_mlp,12,exact_optimum,0.018000000000000002,0.005552890210395596,5
untrained_mlp,12,absolute_gap,8.108,0.40295775126026856,5
untrained_mlp,12,inference_time_seconds,0.0072130025020050725,0.00030934661430467164,5
untrained_mlp,12,first_loss_step,11.830261801690373,0.33195048659427295,5
untrained_mlp,12,first_odd_cycle_step,12.786513865308432,0.3614379860169114,5
untrained_mlp,12,parameter_count,37990.0,0.0,5
untrained_mlp,12,exact_rate,0.018000000000000002,0.005552890210395596,5
untrained_mlp,12,unbalanced_bipartite_rate,0.03,0.02150625130818035,5
untrained_mlp,12,nonbipartite_rate,0.952,0.01618931784708702,5
untrained_mlp,12,odd_cycle_first_loss_rate,0.654,0.04612577032983624,5
untrained_mlp,12,partition_imbalance_first_loss_rate,0.328,0.05074138586013449,5
untrained_mlp,13,optimality_ratio,0.7649523809523809,0.010166982991738075,5
untrained_mlp,13,exact_optimum,0.028000000000000004,0.016189317847087062,5
untrained_mlp,13,absolute_gap,9.872,0.42701328565299945,5
untrained_mlp,13,inference_time_seconds,0.009462089831998996,0.0009570360864955259,5
untrained_mlp,13,first_loss_step,12.889785996404186,0.3082325805335832,5
untrained_mlp,13,first_odd_cycle_step,13.282449680903289,0.33277153103801854,5
untrained_mlp,13,parameter_count,37990.0,0.0,5
untrained_mlp,13,exact_rate,0.028000000000000004,0.016189317847087062,5
untrained_mlp,13,unbalanced_bipartite_rate,0.0,0.0,5
untrained_mlp,13,nonbipartite_rate,0.9719999999999999,0.01618931784708708,5
untrained_mlp,13,odd_cycle_first_loss_rate,0.866,0.02990322893890411,5
untrained_mlp,13,partition_imbalance_first_loss_rate,0.10600000000000001,0.025747692679290828,5
untrained_mlp,14,optimality_ratio,0.7419183673469388,0.01012430606731216,5
untrained_mlp,14,exact_optimum,0.004,0.011105780420791196,5
untrained_mlp,14,absolute_gap,12.645999999999999,0.4960909972982951,5
untrained_mlp,14,inference_time_seconds,0.011791427251991943,0.0007049622933152496,5
untrained_mlp,14,first_loss_step,13.09065306122449,0.597268448587157,5
untrained_mlp,14,first_odd_cycle_step,13.939293078055965,0.5330275518160609,5
untrained_mlp,14,parameter_count,37990.0,0.0,5
untrained_mlp,14,exact_rate,0.004,0.011105780420791196,5
untrained_mlp,14,unbalanced_bipartite_rate,0.006,0.011105780420791196,5
untrained_mlp,14,nonbipartite_rate,0.9899999999999999,0.017559780661701708,5
untrained_mlp,14,odd_cycle_first_loss_rate,0.734,0.03887023147276922,5
untrained_mlp,14,partition_imbalance_first_loss_rate,0.262,0.03766153376696884,5
untrained_mlp,15,optimality_ratio,0.7362142857142857,0.004789993923301785,5
untrained_mlp,15,exact_optimum,0.0,0.0,5
untrained_mlp,15,absolute_gap,14.772,0.26823965970489627,5
untrained_mlp,15,inference_time_seconds,0.014389530254000374,0.00047965669032261446,5
untrained_mlp,15,first_loss_step,14.394,0.3128401951027982,5
untrained_mlp,15,first_odd_cycle_step,14.753757575757575,0.3908008108212482,5
untrained_mlp,15,parameter_count,37990.0,0.0,5
untrained_mlp,15,exact_rate,0.0,0.0,5
untrained_mlp,15,unbalanced_bipartite_rate,0.004,0.00680087380658257,5
untrained_mlp,15,nonbipartite_rate,0.9960000000000001,0.006800873806582576,5
untrained_mlp,15,odd_cycle_first_loss_rate,0.8879999999999999,0.03555584589398767,5
untrained_mlp,15,partition_imbalance_first_loss_rate,0.11200000000000002,0.035555845893987637,5
untrained_mlp,16,optimality_ratio,0.7170000000000001,0.0054812546199656045,5
untrained_mlp,16,exact_optimum,0.002,0.005552890210395598,5
untrained_mlp,16,absolute_gap,18.112000000000002,0.3508002956777984,5
untrained_mlp,16,inference_time_seconds,0.017566143999996665,0.0005316039585195805,5
untrained_mlp,16,first_loss_step,14.374161616161619,0.29608243547398944,5
untrained_mlp,16,first_odd_cycle_step,15.016923108637394,0.3343685328115642,5
untrained_mlp,16,parameter_count,37990.0,0.0,5
untrained_mlp,16,exact_rate,0.002,0.005552890210395598,5
untrained_mlp,16,unbalanced_bipartite_rate,0.004,0.00680087380658257,5
untrained_mlp,16,nonbipartite_rate,0.9940000000000001,0.011105780420791207,5
untrained_mlp,16,odd_cycle_first_loss_rate,0.804,0.027203495226330227,5
untrained_mlp,16,partition_imbalance_first_loss_rate,0.194,0.024204487271690722,5
untrained_mlp,17,optimality_ratio,0.7046111111111111,0.0069853179982664725,5
untrained_mlp,17,exact_optimum,0.0,0.0,5
untrained_mlp,17,absolute_gap,21.268,0.502942895875178,5
untrained_mlp,17,inference_time_seconds,0.02127652016601127,0.0008672906931958685,5
untrained_mlp,17,first_loss_step,15.962,0.5298138231786202,5
untrained_mlp,17,first_odd_cycle_step,16.24,0.5072619155350246,5
untrained_mlp,17,parameter_count,37990.0,0.0,5
untrained_mlp,17,exact_rate,0.0,0.0,5
untrained_mlp,17,unbalanced_bipartite_rate,0.0,0.0,5
untrained_mlp,17,nonbipartite_rate,1.0,0.0,5
untrained_mlp,17,odd_cycle_first_loss_rate,0.9119999999999999,0.020402621419747725,5
untrained_mlp,17,partition_imbalance_first_loss_rate,0.088,0.020402621419747705,5
untrained_mlp,20,optimality_ratio,0.667,0.00545979299805017,5
untrained_mlp,20,exact_optimum,0.0,0.0,5
untrained_mlp,20,absolute_gap,33.3,0.5459792998050196,5
untrained_mlp,20,inference_time_seconds,0.036159948336004125,0.0013748678487833545,5
untrained_mlp,20,first_loss_step,17.404,0.10630558367701684,5
untrained_mlp,20,first_odd_cycle_step,17.836,0.19127268666919295,5
untrained_mlp,20,parameter_count,37990.0,0.0,5
untrained_mlp,20,exact_rate,0.0,0.0,5
untrained_mlp,20,unbalanced_bipartite_rate,0.0,0.0,5
untrained_mlp,20,nonbipartite_rate,1.0,0.0,5
untrained_mlp,20,odd_cycle_first_loss_rate,0.868,0.030917184224148336,5
untrained_mlp,20,partition_imbalance_first_loss_rate,0.132,0.03091718422414832,5
untrained_mlp,23,optimality_ratio,0.6408333333333334,0.0052487343514585035,5
untrained_mlp,23,exact_optimum,0.0,0.0,5
untrained_mlp,23,absolute_gap,47.410000000000004,0.6928329343925218,5
untrained_mlp,23,inference_time_seconds,0.05623906517399515,0.0011043641071332515,5
untrained_mlp,23,first_loss_step,19.61,0.48552079066726633,5
untrained_mlp,23,first_odd_cycle_step,19.758000000000003,0.5142348113171183,5
untrained_mlp,23,parameter_count,37990.0,0.0,5
untrained_mlp,23,exact_rate,0.0,0.0,5
untrained_mlp,23,unbalanced_bipartite_rate,0.0,0.0,5
untrained_mlp,23,nonbipartite_rate,1.0,0.0,5
untrained_mlp,23,odd_cycle_first_loss_rate,0.952,0.032139675707319924,5
untrained_mlp,23,partition_imbalance_first_loss_rate,0.048,0.03213967570731997,5
untrained_mlp,24,optimality_ratio,0.6317361111111112,0.004269308575544777,5
untrained_mlp,24,exact_optimum,0.0,0.0,5
untrained_mlp,24,absolute_gap,53.029999999999994,0.6147804348784441,5
untrained_mlp,24,inference_time_seconds,0.06545733916997774,0.0017477317887704576,5
untrained_mlp,24,first_loss_step,20.008000000000003,0.5755618249333663,5
untrained_mlp,24,first_odd_cycle_step,20.244,0.5821669799665952,5
untrained_mlp,24,parameter_count,37990.0,0.0,5
untrained_mlp,24,exact_rate,0.0,0.0,5
untrained_mlp,24,unbalanced_bipartite_rate,0.0,0.0,5
untrained_mlp,24,nonbipartite_rate,1.0,0.0,5
untrained_mlp,24,odd_cycle_first_loss_rate,0.914,0.02858525190987026,5
untrained_mlp,24,partition_imbalance_first_loss_rate,0.086,0.028585251909870275,5
